ISO-10303-21;
HEADER;
FILE_DESCRIPTION(('shape.step'),'2;1');
FILE_NAME('shape.step','2026-09-12',('tscircuit'),('tscircuit'),'generator','','');
FILE_SCHEMA(('AUTOMOTIVE_DESIGN { 1 0 10303 214 1 1 1 1 }'));
ENDSEC;
DATA;
#1 = APPLICATION_CONTEXT('core data for automotive mechanical design processes');
#2 = APPLICATION_PROTOCOL_DEFINITION('international standard','automotive_design',2000,#1);
#3 = PRODUCT_CONTEXT('',#1,'mechanical');
#4 = PRODUCT('shape','shape','',(#3));
#5 = PRODUCT_DEFINITION_CONTEXT('part definition',#1,'design');
#6 = PRODUCT_DEFINITION_FORMATION('','',#4);
#7 = PRODUCT_DEFINITION('design','',#6,#5);
#8 = PRODUCT_DEFINITION_SHAPE('','',#7);
#9 = (
LENGTH_UNIT()
NAMED_UNIT(*)
SI_UNIT(.MILLI.,.METRE.)
);
#10 = (
NAMED_UNIT(*)
PLANE_ANGLE_UNIT()
SI_UNIT($,.RADIAN.)
);
#11 = (
NAMED_UNIT(*)
SI_UNIT($,.STERADIAN.)
SOLID_ANGLE_UNIT()
);
#12 = UNCERTAINTY_MEASURE_WITH_UNIT(LENGTH_MEASURE(1.E-07),#9,'distance_accuracy_value','confusion accuracy');
#13 = (
GEOMETRIC_REPRESENTATION_CONTEXT(3)
GLOBAL_UNCERTAINTY_ASSIGNED_CONTEXT((#12))
GLOBAL_UNIT_ASSIGNED_CONTEXT((#9,#10,#11))
REPRESENTATION_CONTEXT('Context #1','3D
Context with
TORTURE://UNITS')
);
#14 = CARTESIAN_POINT('',(0.,0.,0.));
#15 = DIRECTION('',(0.,0.,1.));
#16 = DIRECTION('',(1.,0.,0.));
#17 = AXIS2_PLACEMENT_3D('',#14,#15,#16);
#18 = CARTESIAN_POINT('',(-6.35,-1.27,-3.6));
#19 = VERTEX_POINT('',#18);
#20 = CARTESIAN_POINT('',(-6.35,-1.27,-1.6));
#21 = VERTEX_POINT('',#20);
#22 = CARTESIAN_POINT('',(-6.35,1.27,-1.6));
#23 = VERTEX_POINT('',#22);
#24 = CARTESIAN_POINT('',(-6.35,1.27,-3.6));
#25 = VERTEX_POINT('',#24);
#26 = DIRECTION('',(0.,0.,-1.));
#27 = VECTOR('',#26,1.);
#28 = LINE('',#20,#27);
#29 = EDGE_CURVE('',#21,#19,#28,.T.);
#30 = ORIENTED_EDGE('',*,*,#29,.F.);
#31 = DIRECTION('',(0.,1.,0.));
#32 = VECTOR('',#31,1.);
#33 = LINE('',#20,#32);
#34 = EDGE_CURVE('',#21,#23,#33,.T.);
#35 = ORIENTED_EDGE('',*,*,#34,.T.);
#36 = DIRECTION('',(0.,0.,-1.));
#37 = VECTOR('',#36,1.);
#38 = LINE('',#22,#37);
#39 = EDGE_CURVE('',#23,#25,#38,.T.);
#40 = ORIENTED_EDGE('',*,*,#39,.T.);
#41 = DIRECTION('',(0.,1.,0.));
#42 = VECTOR('',#41,1.);
#43 = LINE('',#18,#42);
#44 = EDGE_CURVE('',#19,#25,#43,.T.);
#45 = ORIENTED_EDGE('',*,*,#44,.F.);
#46 = CARTESIAN_POINT('',(-6.35,-1.27,-3.6));
#47 = DIRECTION('',(-1.,0.,0.));
#48 = DIRECTION('',(0.,0.,1.));
#49 = AXIS2_PLACEMENT_3D('',#46,#47,#48);
#50 = PLANE('',#49);
#51 = EDGE_LOOP('',(#30,#35,#40,#45));
#52 = FACE_OUTER_BOUND('',#51,.T.);
#53 = ADVANCED_FACE('',(#52),#50,.T.);
#54 = CARTESIAN_POINT('',(-3.81,-1.27,-3.6));
#55 = VERTEX_POINT('',#54);
#56 = CARTESIAN_POINT('',(-3.81,1.27,-3.6));
#57 = VERTEX_POINT('',#56);
#58 = CARTESIAN_POINT('',(-3.81,1.27,-1.6));
#59 = VERTEX_POINT('',#58);
#60 = CARTESIAN_POINT('',(-3.81,-1.27,-1.6));
#61 = VERTEX_POINT('',#60);
#62 = DIRECTION('',(0.,1.,0.));
#63 = VECTOR('',#62,1.);
#64 = LINE('',#54,#63);
#65 = EDGE_CURVE('',#55,#57,#64,.T.);
#66 = ORIENTED_EDGE('',*,*,#65,.T.);
#67 = DIRECTION('',(0.,0.,-1.));
#68 = VECTOR('',#67,1.);
#69 = LINE('',#58,#68);
#70 = EDGE_CURVE('',#59,#57,#69,.T.);
#71 = ORIENTED_EDGE('',*,*,#70,.F.);
#72 = DIRECTION('',(0.,1.,0.));
#73 = VECTOR('',#72,1.);
#74 = LINE('',#60,#73);
#75 = EDGE_CURVE('',#61,#59,#74,.T.);
#76 = ORIENTED_EDGE('',*,*,#75,.F.);
#77 = DIRECTION('',(0.,0.,-1.));
#78 = VECTOR('',#77,1.);
#79 = LINE('',#60,#78);
#80 = EDGE_CURVE('',#61,#55,#79,.T.);
#81 = ORIENTED_EDGE('',*,*,#80,.T.);
#82 = CARTESIAN_POINT('',(-3.81,-1.27,-3.6));
#83 = DIRECTION('',(1.,0.,0.));
#84 = DIRECTION('',(0.,1.,0.));
#85 = AXIS2_PLACEMENT_3D('',#82,#83,#84);
#86 = PLANE('',#85);
#87 = EDGE_LOOP('',(#66,#71,#76,#81));
#88 = FACE_OUTER_BOUND('',#87,.T.);
#89 = ADVANCED_FACE('',(#88),#86,.T.);
#90 = DIRECTION('',(-1.,0.,0.));
#91 = VECTOR('',#90,1.);
#92 = LINE('',#54,#91);
#93 = EDGE_CURVE('',#55,#19,#92,.T.);
#94 = ORIENTED_EDGE('',*,*,#93,.F.);
#95 = ORIENTED_EDGE('',*,*,#80,.F.);
#96 = DIRECTION('',(-1.,0.,0.));
#97 = VECTOR('',#96,1.);
#98 = LINE('',#60,#97);
#99 = EDGE_CURVE('',#61,#21,#98,.T.);
#100 = ORIENTED_EDGE('',*,*,#99,.T.);
#101 = ORIENTED_EDGE('',*,*,#29,.T.);
#102 = CARTESIAN_POINT('',(-6.35,-1.27,-3.6));
#103 = DIRECTION('',(0.,-1.,0.));
#104 = DIRECTION('',(1.,0.,0.));
#105 = AXIS2_PLACEMENT_3D('',#102,#103,#104);
#106 = PLANE('',#105);
#107 = EDGE_LOOP('',(#94,#95,#100,#101));
#108 = FACE_OUTER_BOUND('',#107,.T.);
#109 = ADVANCED_FACE('',(#108),#106,.T.);
#110 = ORIENTED_EDGE('',*,*,#39,.F.);
#111 = DIRECTION('',(-1.,0.,0.));
#112 = VECTOR('',#111,1.);
#113 = LINE('',#58,#112);
#114 = EDGE_CURVE('',#59,#23,#113,.T.);
#115 = ORIENTED_EDGE('',*,*,#114,.F.);
#116 = ORIENTED_EDGE('',*,*,#70,.T.);
#117 = DIRECTION('',(-1.,0.,0.));
#118 = VECTOR('',#117,1.);
#119 = LINE('',#56,#118);
#120 = EDGE_CURVE('',#57,#25,#119,.T.);
#121 = ORIENTED_EDGE('',*,*,#120,.T.);
#122 = CARTESIAN_POINT('',(-6.35,1.27,-3.6));
#123 = DIRECTION('',(0.,1.,0.));
#124 = DIRECTION('',(0.,0.,1.));
#125 = AXIS2_PLACEMENT_3D('',#122,#123,#124);
#126 = PLANE('',#125);
#127 = EDGE_LOOP('',(#110,#115,#116,#121));
#128 = FACE_OUTER_BOUND('',#127,.T.);
#129 = ADVANCED_FACE('',(#128),#126,.T.);
#130 = ORIENTED_EDGE('',*,*,#44,.T.);
#131 = ORIENTED_EDGE('',*,*,#120,.F.);
#132 = ORIENTED_EDGE('',*,*,#65,.F.);
#133 = ORIENTED_EDGE('',*,*,#93,.T.);
#134 = CARTESIAN_POINT('',(-6.35,-1.27,-3.6));
#135 = DIRECTION('',(0.,0.,-1.));
#136 = DIRECTION('',(0.,1.,0.));
#137 = AXIS2_PLACEMENT_3D('',#134,#135,#136);
#138 = PLANE('',#137);
#139 = EDGE_LOOP('',(#130,#131,#132,#133));
#140 = FACE_OUTER_BOUND('',#139,.T.);
#141 = ADVANCED_FACE('',(#140),#138,.T.);
#142 = ORIENTED_EDGE('',*,*,#99,.F.);
#143 = ORIENTED_EDGE('',*,*,#75,.T.);
#144 = ORIENTED_EDGE('',*,*,#114,.T.);
#145 = ORIENTED_EDGE('',*,*,#34,.F.);
#146 = CARTESIAN_POINT('',(-6.35,-1.27,-1.6));
#147 = DIRECTION('',(0.,0.,1.));
#148 = DIRECTION('',(1.,0.,0.));
#149 = AXIS2_PLACEMENT_3D('',#146,#147,#148);
#150 = PLANE('',#149);
#151 = EDGE_LOOP('',(#142,#143,#144,#145));
#152 = FACE_OUTER_BOUND('',#151,.T.);
#153 = ADVANCED_FACE('',(#152),#150,.T.);
#154 = CLOSED_SHELL('',(#53,#89,#109,#129,#141,#153));
#155 = MANIFOLD_SOLID_BREP('',#154);
#156 = COLOUR_RGB('',0.13333333333333333,0.13333333333333333,0.13333333333333333);
#157 = FILL_AREA_STYLE_COLOUR('',#156);
#158 = FILL_AREA_STYLE('',(#157));
#159 = SURFACE_STYLE_FILL_AREA(#158);
#160 = SURFACE_SIDE_STYLE('',(#159));
#161 = SURFACE_STYLE_USAGE(.BOTH.,#160);
#162 = PRESENTATION_STYLE_ASSIGNMENT((#161));
#163 = STYLED_ITEM('',(#162),#155);
#164 = CARTESIAN_POINT('',(-4.765,-0.315,0.5499999999999998));
#165 = VERTEX_POINT('',#164);
#166 = CARTESIAN_POINT('',(-5.3950000000000005,-0.315,0.5499999999999998));
#167 = VERTEX_POINT('',#166);
#168 = CARTESIAN_POINT('',(-5.3950000000000005,-0.315,-2.1500000000000004));
#169 = VERTEX_POINT('',#168);
#170 = CARTESIAN_POINT('',(-4.765,-0.315,-2.1500000000000004));
#171 = VERTEX_POINT('',#170);
#172 = DIRECTION('',(-1.,0.,0.));
#173 = VECTOR('',#172,1.);
#174 = LINE('',#164,#173);
#175 = EDGE_CURVE('',#165,#167,#174,.T.);
#176 = ORIENTED_EDGE('',*,*,#175,.T.);
#177 = DIRECTION('',(0.,0.,1.));
#178 = VECTOR('',#177,1.);
#179 = LINE('',#168,#178);
#180 = EDGE_CURVE('',#169,#167,#179,.T.);
#181 = ORIENTED_EDGE('',*,*,#180,.F.);
#182 = DIRECTION('',(-1.,0.,0.));
#183 = VECTOR('',#182,1.);
#184 = LINE('',#170,#183);
#185 = EDGE_CURVE('',#171,#169,#184,.T.);
#186 = ORIENTED_EDGE('',*,*,#185,.F.);
#187 = DIRECTION('',(0.,0.,1.));
#188 = VECTOR('',#187,1.);
#189 = LINE('',#170,#188);
#190 = EDGE_CURVE('',#171,#165,#189,.T.);
#191 = ORIENTED_EDGE('',*,*,#190,.T.);
#192 = CARTESIAN_POINT('',(-4.765,-0.315,0.5499999999999998));
#193 = DIRECTION('',(0.,-1.,0.));
#194 = DIRECTION('',(-1.,0.,0.));
#195 = AXIS2_PLACEMENT_3D('',#192,#193,#194);
#196 = PLANE('',#195);
#197 = EDGE_LOOP('',(#176,#181,#186,#191));
#198 = FACE_OUTER_BOUND('',#197,.T.);
#199 = ADVANCED_FACE('',(#198),#196,.T.);
#200 = CARTESIAN_POINT('',(-5.3950000000000005,0.315,-2.1500000000000004));
#201 = VERTEX_POINT('',#200);
#202 = CARTESIAN_POINT('',(-5.3950000000000005,0.315,0.5499999999999998));
#203 = VERTEX_POINT('',#202);
#204 = DIRECTION('',(0.,1.,0.));
#205 = VECTOR('',#204,1.);
#206 = LINE('',#168,#205);
#207 = EDGE_CURVE('',#169,#201,#206,.T.);
#208 = ORIENTED_EDGE('',*,*,#207,.F.);
#209 = ORIENTED_EDGE('',*,*,#180,.T.);
#210 = DIRECTION('',(0.,1.,0.));
#211 = VECTOR('',#210,1.);
#212 = LINE('',#166,#211);
#213 = EDGE_CURVE('',#167,#203,#212,.T.);
#214 = ORIENTED_EDGE('',*,*,#213,.T.);
#215 = DIRECTION('',(0.,0.,1.));
#216 = VECTOR('',#215,1.);
#217 = LINE('',#200,#216);
#218 = EDGE_CURVE('',#201,#203,#217,.T.);
#219 = ORIENTED_EDGE('',*,*,#218,.F.);
#220 = CARTESIAN_POINT('',(-5.3950000000000005,0.315,-2.1500000000000004));
#221 = DIRECTION('',(-1.,0.,0.));
#222 = DIRECTION('',(0.,-1.,0.));
#223 = AXIS2_PLACEMENT_3D('',#220,#221,#222);
#224 = PLANE('',#223);
#225 = EDGE_LOOP('',(#208,#209,#214,#219));
#226 = FACE_OUTER_BOUND('',#225,.T.);
#227 = ADVANCED_FACE('',(#226),#224,.T.);
#228 = CARTESIAN_POINT('',(-4.765,0.315,-2.1500000000000004));
#229 = VERTEX_POINT('',#228);
#230 = DIRECTION('',(-1.,0.,0.));
#231 = VECTOR('',#230,1.);
#232 = LINE('',#228,#231);
#233 = EDGE_CURVE('',#229,#201,#232,.T.);
#234 = ORIENTED_EDGE('',*,*,#233,.F.);
#235 = DIRECTION('',(0.,1.,0.));
#236 = VECTOR('',#235,1.);
#237 = LINE('',#170,#236);
#238 = EDGE_CURVE('',#171,#229,#237,.T.);
#239 = ORIENTED_EDGE('',*,*,#238,.F.);
#240 = ORIENTED_EDGE('',*,*,#185,.T.);
#241 = ORIENTED_EDGE('',*,*,#207,.T.);
#242 = CARTESIAN_POINT('',(-5.3950000000000005,0.315,-2.1500000000000004));
#243 = DIRECTION('',(0.,0.,-1.));
#244 = DIRECTION('',(1.,0.,0.));
#245 = AXIS2_PLACEMENT_3D('',#242,#243,#244);
#246 = PLANE('',#245);
#247 = EDGE_LOOP('',(#234,#239,#240,#241));
#248 = FACE_OUTER_BOUND('',#247,.T.);
#249 = ADVANCED_FACE('',(#248),#246,.T.);
#250 = CARTESIAN_POINT('',(-4.905,-0.175,0.8999999999999999));
#251 = VERTEX_POINT('',#250);
#252 = CARTESIAN_POINT('',(-5.255,-0.175,0.8999999999999999));
#253 = VERTEX_POINT('',#252);
#254 = DIRECTION('',(-1.,0.,0.));
#255 = VECTOR('',#254,1.);
#256 = LINE('',#250,#255);
#257 = EDGE_CURVE('',#251,#253,#256,.T.);
#258 = ORIENTED_EDGE('',*,*,#257,.T.);
#259 = DIRECTION('',(-0.3481553119113968,-0.3481553119113954,-0.8703882797784888));
#260 = VECTOR('',#259,1.);
#261 = LINE('',#252,#260);
#262 = EDGE_CURVE('',#253,#167,#261,.T.);
#263 = ORIENTED_EDGE('',*,*,#262,.T.);
#264 = ORIENTED_EDGE('',*,*,#175,.F.);
#265 = DIRECTION('',(-0.3481553119113968,0.3481553119113954,0.8703882797784888));
#266 = VECTOR('',#265,1.);
#267 = LINE('',#164,#266);
#268 = EDGE_CURVE('',#165,#251,#267,.T.);
#269 = ORIENTED_EDGE('',*,*,#268,.T.);
#270 = CARTESIAN_POINT('',(-4.905,-0.175,0.8999999999999999));
#271 = DIRECTION('',(0.,-0.9284766908852591,0.3713906763541038));
#272 = DIRECTION('',(-1.,0.,0.));
#273 = AXIS2_PLACEMENT_3D('',#270,#271,#272);
#274 = PLANE('',#273);
#275 = EDGE_LOOP('',(#258,#263,#264,#269));
#276 = FACE_OUTER_BOUND('',#275,.T.);
#277 = ADVANCED_FACE('',(#276),#274,.T.);
#278 = CARTESIAN_POINT('',(-4.765,0.315,0.5499999999999998));
#279 = VERTEX_POINT('',#278);
#280 = DIRECTION('',(0.,0.,1.));
#281 = VECTOR('',#280,1.);
#282 = LINE('',#228,#281);
#283 = EDGE_CURVE('',#229,#279,#282,.T.);
#284 = ORIENTED_EDGE('',*,*,#283,.F.);
#285 = ORIENTED_EDGE('',*,*,#233,.T.);
#286 = ORIENTED_EDGE('',*,*,#218,.T.);
#287 = DIRECTION('',(-1.,0.,0.));
#288 = VECTOR('',#287,1.);
#289 = LINE('',#278,#288);
#290 = EDGE_CURVE('',#279,#203,#289,.T.);
#291 = ORIENTED_EDGE('',*,*,#290,.F.);
#292 = CARTESIAN_POINT('',(-4.765,0.315,0.5499999999999998));
#293 = DIRECTION('',(0.,1.,0.));
#294 = DIRECTION('',(0.,0.,-1.));
#295 = AXIS2_PLACEMENT_3D('',#292,#293,#294);
#296 = PLANE('',#295);
#297 = EDGE_LOOP('',(#284,#285,#286,#291));
#298 = FACE_OUTER_BOUND('',#297,.T.);
#299 = ADVANCED_FACE('',(#298),#296,.T.);
#300 = CARTESIAN_POINT('',(-4.905,0.175,0.8999999999999999));
#301 = VERTEX_POINT('',#300);
#302 = DIRECTION('',(-0.3481553119113968,-0.3481553119113954,0.8703882797784888));
#303 = VECTOR('',#302,1.);
#304 = LINE('',#278,#303);
#305 = EDGE_CURVE('',#279,#301,#304,.T.);
#306 = ORIENTED_EDGE('',*,*,#305,.T.);
#307 = DIRECTION('',(0.,1.,0.));
#308 = VECTOR('',#307,1.);
#309 = LINE('',#250,#308);
#310 = EDGE_CURVE('',#251,#301,#309,.T.);
#311 = ORIENTED_EDGE('',*,*,#310,.F.);
#312 = ORIENTED_EDGE('',*,*,#268,.F.);
#313 = DIRECTION('',(0.,1.,0.));
#314 = VECTOR('',#313,1.);
#315 = LINE('',#164,#314);
#316 = EDGE_CURVE('',#165,#279,#315,.T.);
#317 = ORIENTED_EDGE('',*,*,#316,.T.);
#318 = CARTESIAN_POINT('',(-4.765,0.315,0.5499999999999998));
#319 = DIRECTION('',(0.9284766908852589,0.,0.37139067635410494));
#320 = DIRECTION('',(-0.3481553119113968,-0.3481553119113954,0.8703882797784888));
#321 = AXIS2_PLACEMENT_3D('',#318,#319,#320);
#322 = PLANE('',#321);
#323 = EDGE_LOOP('',(#306,#311,#312,#317));
#324 = FACE_OUTER_BOUND('',#323,.T.);
#325 = ADVANCED_FACE('',(#324),#322,.T.);
#326 = ORIENTED_EDGE('',*,*,#316,.F.);
#327 = ORIENTED_EDGE('',*,*,#190,.F.);
#328 = ORIENTED_EDGE('',*,*,#238,.T.);
#329 = ORIENTED_EDGE('',*,*,#283,.T.);
#330 = CARTESIAN_POINT('',(-4.765,0.315,0.5499999999999998));
#331 = DIRECTION('',(1.,0.,0.));
#332 = DIRECTION('',(0.,-1.,0.));
#333 = AXIS2_PLACEMENT_3D('',#330,#331,#332);
#334 = PLANE('',#333);
#335 = EDGE_LOOP('',(#326,#327,#328,#329));
#336 = FACE_OUTER_BOUND('',#335,.T.);
#337 = ADVANCED_FACE('',(#336),#334,.T.);
#338 = CARTESIAN_POINT('',(-5.255,0.175,0.8999999999999999));
#339 = VERTEX_POINT('',#338);
#340 = DIRECTION('',(0.,1.,0.));
#341 = VECTOR('',#340,1.);
#342 = LINE('',#252,#341);
#343 = EDGE_CURVE('',#253,#339,#342,.T.);
#344 = ORIENTED_EDGE('',*,*,#343,.F.);
#345 = ORIENTED_EDGE('',*,*,#257,.F.);
#346 = ORIENTED_EDGE('',*,*,#310,.T.);
#347 = DIRECTION('',(-1.,0.,0.));
#348 = VECTOR('',#347,1.);
#349 = LINE('',#300,#348);
#350 = EDGE_CURVE('',#301,#339,#349,.T.);
#351 = ORIENTED_EDGE('',*,*,#350,.T.);
#352 = CARTESIAN_POINT('',(-5.255,0.175,0.8999999999999999));
#353 = DIRECTION('',(0.,0.,1.));
#354 = DIRECTION('',(0.,-1.,0.));
#355 = AXIS2_PLACEMENT_3D('',#352,#353,#354);
#356 = PLANE('',#355);
#357 = EDGE_LOOP('',(#344,#345,#346,#351));
#358 = FACE_OUTER_BOUND('',#357,.T.);
#359 = ADVANCED_FACE('',(#358),#356,.T.);
#360 = ORIENTED_EDGE('',*,*,#350,.F.);
#361 = ORIENTED_EDGE('',*,*,#305,.F.);
#362 = ORIENTED_EDGE('',*,*,#290,.T.);
#363 = DIRECTION('',(-0.3481553119113968,0.3481553119113954,-0.8703882797784888));
#364 = VECTOR('',#363,1.);
#365 = LINE('',#338,#364);
#366 = EDGE_CURVE('',#339,#203,#365,.T.);
#367 = ORIENTED_EDGE('',*,*,#366,.F.);
#368 = CARTESIAN_POINT('',(-5.255,0.175,0.8999999999999999));
#369 = DIRECTION('',(0.,0.9284766908852591,0.3713906763541038));
#370 = DIRECTION('',(1.,0.,0.));
#371 = AXIS2_PLACEMENT_3D('',#368,#369,#370);
#372 = PLANE('',#371);
#373 = EDGE_LOOP('',(#360,#361,#362,#367));
#374 = FACE_OUTER_BOUND('',#373,.T.);
#375 = ADVANCED_FACE('',(#374),#372,.T.);
#376 = ORIENTED_EDGE('',*,*,#366,.T.);
#377 = ORIENTED_EDGE('',*,*,#213,.F.);
#378 = ORIENTED_EDGE('',*,*,#262,.F.);
#379 = ORIENTED_EDGE('',*,*,#343,.T.);
#380 = CARTESIAN_POINT('',(-5.255,0.175,0.8999999999999999));
#381 = DIRECTION('',(-0.9284766908852589,0.,0.37139067635410494));
#382 = DIRECTION('',(-0.3481553119113968,0.3481553119113954,-0.8703882797784888));
#383 = AXIS2_PLACEMENT_3D('',#380,#381,#382);
#384 = PLANE('',#383);
#385 = EDGE_LOOP('',(#376,#377,#378,#379));
#386 = FACE_OUTER_BOUND('',#385,.T.);
#387 = ADVANCED_FACE('',(#386),#384,.T.);
#388 = CLOSED_SHELL('',(#199,#227,#249,#277,#299,#325,#337,#359,#375,#387));
#389 = MANIFOLD_SOLID_BREP('',#388);
#390 = CARTESIAN_POINT('',(-4.765,0.315,-3.6000000000000005));
#391 = VERTEX_POINT('',#390);
#392 = CARTESIAN_POINT('',(-4.765,0.315,-9.));
#393 = VERTEX_POINT('',#392);
#394 = CARTESIAN_POINT('',(-5.3950000000000005,0.315,-9.));
#395 = VERTEX_POINT('',#394);
#396 = CARTESIAN_POINT('',(-5.3950000000000005,0.315,-3.6000000000000005));
#397 = VERTEX_POINT('',#396);
#398 = DIRECTION('',(0.,0.,-1.));
#399 = VECTOR('',#398,1.);
#400 = LINE('',#390,#399);
#401 = EDGE_CURVE('',#391,#393,#400,.T.);
#402 = ORIENTED_EDGE('',*,*,#401,.T.);
#403 = DIRECTION('',(-1.,0.,0.));
#404 = VECTOR('',#403,1.);
#405 = LINE('',#392,#404);
#406 = EDGE_CURVE('',#393,#395,#405,.T.);
#407 = ORIENTED_EDGE('',*,*,#406,.T.);
#408 = DIRECTION('',(0.,0.,-1.));
#409 = VECTOR('',#408,1.);
#410 = LINE('',#396,#409);
#411 = EDGE_CURVE('',#397,#395,#410,.T.);
#412 = ORIENTED_EDGE('',*,*,#411,.F.);
#413 = DIRECTION('',(-1.,0.,0.));
#414 = VECTOR('',#413,1.);
#415 = LINE('',#390,#414);
#416 = EDGE_CURVE('',#391,#397,#415,.T.);
#417 = ORIENTED_EDGE('',*,*,#416,.F.);
#418 = CARTESIAN_POINT('',(-4.765,0.315,-3.6000000000000005));
#419 = DIRECTION('',(0.,1.,0.));
#420 = DIRECTION('',(0.,0.,-1.));
#421 = AXIS2_PLACEMENT_3D('',#418,#419,#420);
#422 = PLANE('',#421);
#423 = EDGE_LOOP('',(#402,#407,#412,#417));
#424 = FACE_OUTER_BOUND('',#423,.T.);
#425 = ADVANCED_FACE('',(#424),#422,.T.);
#426 = CARTESIAN_POINT('',(-5.3950000000000005,-0.315,-9.));
#427 = VERTEX_POINT('',#426);
#428 = CARTESIAN_POINT('',(-5.3950000000000005,-0.315,-3.6000000000000005));
#429 = VERTEX_POINT('',#428);
#430 = DIRECTION('',(0.,0.,-1.));
#431 = VECTOR('',#430,1.);
#432 = LINE('',#428,#431);
#433 = EDGE_CURVE('',#429,#427,#432,.T.);
#434 = ORIENTED_EDGE('',*,*,#433,.F.);
#435 = DIRECTION('',(0.,1.,0.));
#436 = VECTOR('',#435,1.);
#437 = LINE('',#428,#436);
#438 = EDGE_CURVE('',#429,#397,#437,.T.);
#439 = ORIENTED_EDGE('',*,*,#438,.T.);
#440 = ORIENTED_EDGE('',*,*,#411,.T.);
#441 = DIRECTION('',(0.,1.,0.));
#442 = VECTOR('',#441,1.);
#443 = LINE('',#426,#442);
#444 = EDGE_CURVE('',#427,#395,#443,.T.);
#445 = ORIENTED_EDGE('',*,*,#444,.F.);
#446 = CARTESIAN_POINT('',(-5.3950000000000005,-0.315,-9.));
#447 = DIRECTION('',(-1.,0.,0.));
#448 = DIRECTION('',(0.,0.,1.));
#449 = AXIS2_PLACEMENT_3D('',#446,#447,#448);
#450 = PLANE('',#449);
#451 = EDGE_LOOP('',(#434,#439,#440,#445));
#452 = FACE_OUTER_BOUND('',#451,.T.);
#453 = ADVANCED_FACE('',(#452),#450,.T.);
#454 = CARTESIAN_POINT('',(-5.255,0.175,-9.6));
#455 = VERTEX_POINT('',#454);
#456 = CARTESIAN_POINT('',(-5.255,-0.175,-9.6));
#457 = VERTEX_POINT('',#456);
#458 = ORIENTED_EDGE('',*,*,#444,.T.);
#459 = DIRECTION('',(-0.22158112824152243,0.22158112824152154,0.9496334067493774));
#460 = VECTOR('',#459,1.);
#461 = LINE('',#454,#460);
#462 = EDGE_CURVE('',#455,#395,#461,.T.);
#463 = ORIENTED_EDGE('',*,*,#462,.F.);
#464 = DIRECTION('',(0.,1.,0.));
#465 = VECTOR('',#464,1.);
#466 = LINE('',#456,#465);
#467 = EDGE_CURVE('',#457,#455,#466,.T.);
#468 = ORIENTED_EDGE('',*,*,#467,.F.);
#469 = DIRECTION('',(-0.22158112824152243,-0.22158112824152154,0.9496334067493774));
#470 = VECTOR('',#469,1.);
#471 = LINE('',#456,#470);
#472 = EDGE_CURVE('',#457,#427,#471,.T.);
#473 = ORIENTED_EDGE('',*,*,#472,.T.);
#474 = CARTESIAN_POINT('',(-5.3950000000000005,-0.315,-9.));
#475 = DIRECTION('',(-0.9738412097417932,0.,-0.22722961560641877));
#476 = DIRECTION('',(0.,1.,0.));
#477 = AXIS2_PLACEMENT_3D('',#474,#475,#476);
#478 = PLANE('',#477);
#479 = EDGE_LOOP('',(#458,#463,#468,#473));
#480 = FACE_OUTER_BOUND('',#479,.T.);
#481 = ADVANCED_FACE('',(#480),#478,.T.);
#482 = CARTESIAN_POINT('',(-4.905,0.175,-9.6));
#483 = VERTEX_POINT('',#482);
#484 = DIRECTION('',(-1.,0.,0.));
#485 = VECTOR('',#484,1.);
#486 = LINE('',#482,#485);
#487 = EDGE_CURVE('',#483,#455,#486,.T.);
#488 = ORIENTED_EDGE('',*,*,#487,.T.);
#489 = ORIENTED_EDGE('',*,*,#462,.T.);
#490 = ORIENTED_EDGE('',*,*,#406,.F.);
#491 = DIRECTION('',(-0.22158112824152243,-0.22158112824152154,-0.9496334067493774));
#492 = VECTOR('',#491,1.);
#493 = LINE('',#392,#492);
#494 = EDGE_CURVE('',#393,#483,#493,.T.);
#495 = ORIENTED_EDGE('',*,*,#494,.T.);
#496 = CARTESIAN_POINT('',(-4.905,0.175,-9.6));
#497 = DIRECTION('',(0.,0.9738412097417931,-0.22722961560641877));
#498 = DIRECTION('',(-1.,0.,0.));
#499 = AXIS2_PLACEMENT_3D('',#496,#497,#498);
#500 = PLANE('',#499);
#501 = EDGE_LOOP('',(#488,#489,#490,#495));
#502 = FACE_OUTER_BOUND('',#501,.T.);
#503 = ADVANCED_FACE('',(#502),#500,.T.);
#504 = CARTESIAN_POINT('',(-4.765,-0.315,-3.6000000000000005));
#505 = VERTEX_POINT('',#504);
#506 = DIRECTION('',(0.,1.,0.));
#507 = VECTOR('',#506,1.);
#508 = LINE('',#504,#507);
#509 = EDGE_CURVE('',#505,#391,#508,.T.);
#510 = ORIENTED_EDGE('',*,*,#509,.T.);
#511 = ORIENTED_EDGE('',*,*,#416,.T.);
#512 = ORIENTED_EDGE('',*,*,#438,.F.);
#513 = DIRECTION('',(-1.,0.,0.));
#514 = VECTOR('',#513,1.);
#515 = LINE('',#504,#514);
#516 = EDGE_CURVE('',#505,#429,#515,.T.);
#517 = ORIENTED_EDGE('',*,*,#516,.F.);
#518 = CARTESIAN_POINT('',(-4.765,-0.315,-3.6000000000000005));
#519 = DIRECTION('',(0.,0.,1.));
#520 = DIRECTION('',(0.,1.,0.));
#521 = AXIS2_PLACEMENT_3D('',#518,#519,#520);
#522 = PLANE('',#521);
#523 = EDGE_LOOP('',(#510,#511,#512,#517));
#524 = FACE_OUTER_BOUND('',#523,.T.);
#525 = ADVANCED_FACE('',(#524),#522,.T.);
#526 = CARTESIAN_POINT('',(-4.765,-0.315,-9.));
#527 = VERTEX_POINT('',#526);
#528 = DIRECTION('',(0.,1.,0.));
#529 = VECTOR('',#528,1.);
#530 = LINE('',#526,#529);
#531 = EDGE_CURVE('',#527,#393,#530,.T.);
#532 = ORIENTED_EDGE('',*,*,#531,.T.);
#533 = ORIENTED_EDGE('',*,*,#401,.F.);
#534 = ORIENTED_EDGE('',*,*,#509,.F.);
#535 = DIRECTION('',(0.,0.,-1.));
#536 = VECTOR('',#535,1.);
#537 = LINE('',#504,#536);
#538 = EDGE_CURVE('',#505,#527,#537,.T.);
#539 = ORIENTED_EDGE('',*,*,#538,.T.);
#540 = CARTESIAN_POINT('',(-4.765,-0.315,-9.));
#541 = DIRECTION('',(1.,0.,0.));
#542 = DIRECTION('',(0.,1.,0.));
#543 = AXIS2_PLACEMENT_3D('',#540,#541,#542);
#544 = PLANE('',#543);
#545 = EDGE_LOOP('',(#532,#533,#534,#539));
#546 = FACE_OUTER_BOUND('',#545,.T.);
#547 = ADVANCED_FACE('',(#546),#544,.T.);
#548 = ORIENTED_EDGE('',*,*,#538,.F.);
#549 = ORIENTED_EDGE('',*,*,#516,.T.);
#550 = ORIENTED_EDGE('',*,*,#433,.T.);
#551 = DIRECTION('',(-1.,0.,0.));
#552 = VECTOR('',#551,1.);
#553 = LINE('',#526,#552);
#554 = EDGE_CURVE('',#527,#427,#553,.T.);
#555 = ORIENTED_EDGE('',*,*,#554,.F.);
#556 = CARTESIAN_POINT('',(-4.765,-0.315,-9.));
#557 = DIRECTION('',(0.,-1.,0.));
#558 = DIRECTION('',(0.,0.,1.));
#559 = AXIS2_PLACEMENT_3D('',#556,#557,#558);
#560 = PLANE('',#559);
#561 = EDGE_LOOP('',(#548,#549,#550,#555));
#562 = FACE_OUTER_BOUND('',#561,.T.);
#563 = ADVANCED_FACE('',(#562),#560,.T.);
#564 = CARTESIAN_POINT('',(-4.905,-0.175,-9.6));
#565 = VERTEX_POINT('',#564);
#566 = DIRECTION('',(0.,1.,0.));
#567 = VECTOR('',#566,1.);
#568 = LINE('',#564,#567);
#569 = EDGE_CURVE('',#565,#483,#568,.T.);
#570 = ORIENTED_EDGE('',*,*,#569,.T.);
#571 = ORIENTED_EDGE('',*,*,#494,.F.);
#572 = ORIENTED_EDGE('',*,*,#531,.F.);
#573 = DIRECTION('',(-0.22158112824152243,0.22158112824152154,-0.9496334067493774));
#574 = VECTOR('',#573,1.);
#575 = LINE('',#526,#574);
#576 = EDGE_CURVE('',#527,#565,#575,.T.);
#577 = ORIENTED_EDGE('',*,*,#576,.T.);
#578 = CARTESIAN_POINT('',(-4.905,-0.175,-9.6));
#579 = DIRECTION('',(0.9738412097417932,0.,-0.2272296156064191));
#580 = DIRECTION('',(0.,1.,0.));
#581 = AXIS2_PLACEMENT_3D('',#578,#579,#580);
#582 = PLANE('',#581);
#583 = EDGE_LOOP('',(#570,#571,#572,#577));
#584 = FACE_OUTER_BOUND('',#583,.T.);
#585 = ADVANCED_FACE('',(#584),#582,.T.);
#586 = ORIENTED_EDGE('',*,*,#576,.F.);
#587 = ORIENTED_EDGE('',*,*,#554,.T.);
#588 = ORIENTED_EDGE('',*,*,#472,.F.);
#589 = DIRECTION('',(-1.,0.,0.));
#590 = VECTOR('',#589,1.);
#591 = LINE('',#564,#590);
#592 = EDGE_CURVE('',#565,#457,#591,.T.);
#593 = ORIENTED_EDGE('',*,*,#592,.F.);
#594 = CARTESIAN_POINT('',(-4.905,-0.175,-9.6));
#595 = DIRECTION('',(0.,-0.9738412097417931,-0.22722961560641877));
#596 = DIRECTION('',(0.22158112824152243,-0.22158112824152154,0.9496334067493774));
#597 = AXIS2_PLACEMENT_3D('',#594,#595,#596);
#598 = PLANE('',#597);
#599 = EDGE_LOOP('',(#586,#587,#588,#593));
#600 = FACE_OUTER_BOUND('',#599,.T.);
#601 = ADVANCED_FACE('',(#600),#598,.T.);
#602 = ORIENTED_EDGE('',*,*,#592,.T.);
#603 = ORIENTED_EDGE('',*,*,#467,.T.);
#604 = ORIENTED_EDGE('',*,*,#487,.F.);
#605 = ORIENTED_EDGE('',*,*,#569,.F.);
#606 = CARTESIAN_POINT('',(-4.905,-0.175,-9.6));
#607 = DIRECTION('',(0.,0.,-1.));
#608 = DIRECTION('',(-1.,0.,0.));
#609 = AXIS2_PLACEMENT_3D('',#606,#607,#608);
#610 = PLANE('',#609);
#611 = EDGE_LOOP('',(#602,#603,#604,#605));
#612 = FACE_OUTER_BOUND('',#611,.T.);
#613 = ADVANCED_FACE('',(#612),#610,.T.);
#614 = CLOSED_SHELL('',(#425,#453,#481,#503,#525,#547,#563,#585,#601,#613));
#615 = MANIFOLD_SOLID_BREP('',#614);
#616 = CARTESIAN_POINT('',(-3.81,-1.27,-3.6));
#617 = VERTEX_POINT('',#616);
#618 = CARTESIAN_POINT('',(-3.81,-1.27,-1.6));
#619 = VERTEX_POINT('',#618);
#620 = CARTESIAN_POINT('',(-3.81,1.27,-1.6));
#621 = VERTEX_POINT('',#620);
#622 = CARTESIAN_POINT('',(-3.81,1.27,-3.6));
#623 = VERTEX_POINT('',#622);
#624 = DIRECTION('',(0.,0.,-1.));
#625 = VECTOR('',#624,1.);
#626 = LINE('',#618,#625);
#627 = EDGE_CURVE('',#619,#617,#626,.T.);
#628 = ORIENTED_EDGE('',*,*,#627,.F.);
#629 = DIRECTION('',(0.,1.,0.));
#630 = VECTOR('',#629,1.);
#631 = LINE('',#618,#630);
#632 = EDGE_CURVE('',#619,#621,#631,.T.);
#633 = ORIENTED_EDGE('',*,*,#632,.T.);
#634 = DIRECTION('',(0.,0.,-1.));
#635 = VECTOR('',#634,1.);
#636 = LINE('',#620,#635);
#637 = EDGE_CURVE('',#621,#623,#636,.T.);
#638 = ORIENTED_EDGE('',*,*,#637,.T.);
#639 = DIRECTION('',(0.,1.,0.));
#640 = VECTOR('',#639,1.);
#641 = LINE('',#616,#640);
#642 = EDGE_CURVE('',#617,#623,#641,.T.);
#643 = ORIENTED_EDGE('',*,*,#642,.F.);
#644 = CARTESIAN_POINT('',(-3.81,-1.27,-3.6));
#645 = DIRECTION('',(-1.,0.,0.));
#646 = DIRECTION('',(0.,0.,1.));
#647 = AXIS2_PLACEMENT_3D('',#644,#645,#646);
#648 = PLANE('',#647);
#649 = EDGE_LOOP('',(#628,#633,#638,#643));
#650 = FACE_OUTER_BOUND('',#649,.T.);
#651 = ADVANCED_FACE('',(#650),#648,.T.);
#652 = CARTESIAN_POINT('',(-1.27,-1.27,-3.6));
#653 = VERTEX_POINT('',#652);
#654 = CARTESIAN_POINT('',(-1.27,1.27,-3.6));
#655 = VERTEX_POINT('',#654);
#656 = CARTESIAN_POINT('',(-1.27,1.27,-1.6));
#657 = VERTEX_POINT('',#656);
#658 = CARTESIAN_POINT('',(-1.27,-1.27,-1.6));
#659 = VERTEX_POINT('',#658);
#660 = DIRECTION('',(0.,1.,0.));
#661 = VECTOR('',#660,1.);
#662 = LINE('',#652,#661);
#663 = EDGE_CURVE('',#653,#655,#662,.T.);
#664 = ORIENTED_EDGE('',*,*,#663,.T.);
#665 = DIRECTION('',(0.,0.,-1.));
#666 = VECTOR('',#665,1.);
#667 = LINE('',#656,#666);
#668 = EDGE_CURVE('',#657,#655,#667,.T.);
#669 = ORIENTED_EDGE('',*,*,#668,.F.);
#670 = DIRECTION('',(0.,1.,0.));
#671 = VECTOR('',#670,1.);
#672 = LINE('',#658,#671);
#673 = EDGE_CURVE('',#659,#657,#672,.T.);
#674 = ORIENTED_EDGE('',*,*,#673,.F.);
#675 = DIRECTION('',(0.,0.,-1.));
#676 = VECTOR('',#675,1.);
#677 = LINE('',#658,#676);
#678 = EDGE_CURVE('',#659,#653,#677,.T.);
#679 = ORIENTED_EDGE('',*,*,#678,.T.);
#680 = CARTESIAN_POINT('',(-1.27,-1.27,-3.6));
#681 = DIRECTION('',(1.,0.,0.));
#682 = DIRECTION('',(0.,1.,0.));
#683 = AXIS2_PLACEMENT_3D('',#680,#681,#682);
#684 = PLANE('',#683);
#685 = EDGE_LOOP('',(#664,#669,#674,#679));
#686 = FACE_OUTER_BOUND('',#685,.T.);
#687 = ADVANCED_FACE('',(#686),#684,.T.);
#688 = DIRECTION('',(-1.,0.,0.));
#689 = VECTOR('',#688,1.);
#690 = LINE('',#652,#689);
#691 = EDGE_CURVE('',#653,#617,#690,.T.);
#692 = ORIENTED_EDGE('',*,*,#691,.F.);
#693 = ORIENTED_EDGE('',*,*,#678,.F.);
#694 = DIRECTION('',(-1.,0.,0.));
#695 = VECTOR('',#694,1.);
#696 = LINE('',#658,#695);
#697 = EDGE_CURVE('',#659,#619,#696,.T.);
#698 = ORIENTED_EDGE('',*,*,#697,.T.);
#699 = ORIENTED_EDGE('',*,*,#627,.T.);
#700 = CARTESIAN_POINT('',(-3.81,-1.27,-3.6));
#701 = DIRECTION('',(0.,-1.,0.));
#702 = DIRECTION('',(1.,0.,0.));
#703 = AXIS2_PLACEMENT_3D('',#700,#701,#702);
#704 = PLANE('',#703);
#705 = EDGE_LOOP('',(#692,#693,#698,#699));
#706 = FACE_OUTER_BOUND('',#705,.T.);
#707 = ADVANCED_FACE('',(#706),#704,.T.);
#708 = ORIENTED_EDGE('',*,*,#637,.F.);
#709 = DIRECTION('',(-1.,0.,0.));
#710 = VECTOR('',#709,1.);
#711 = LINE('',#656,#710);
#712 = EDGE_CURVE('',#657,#621,#711,.T.);
#713 = ORIENTED_EDGE('',*,*,#712,.F.);
#714 = ORIENTED_EDGE('',*,*,#668,.T.);
#715 = DIRECTION('',(-1.,0.,0.));
#716 = VECTOR('',#715,1.);
#717 = LINE('',#654,#716);
#718 = EDGE_CURVE('',#655,#623,#717,.T.);
#719 = ORIENTED_EDGE('',*,*,#718,.T.);
#720 = CARTESIAN_POINT('',(-3.81,1.27,-3.6));
#721 = DIRECTION('',(0.,1.,0.));
#722 = DIRECTION('',(0.,0.,1.));
#723 = AXIS2_PLACEMENT_3D('',#720,#721,#722);
#724 = PLANE('',#723);
#725 = EDGE_LOOP('',(#708,#713,#714,#719));
#726 = FACE_OUTER_BOUND('',#725,.T.);
#727 = ADVANCED_FACE('',(#726),#724,.T.);
#728 = ORIENTED_EDGE('',*,*,#642,.T.);
#729 = ORIENTED_EDGE('',*,*,#718,.F.);
#730 = ORIENTED_EDGE('',*,*,#663,.F.);
#731 = ORIENTED_EDGE('',*,*,#691,.T.);
#732 = CARTESIAN_POINT('',(-3.81,-1.27,-3.6));
#733 = DIRECTION('',(0.,0.,-1.));
#734 = DIRECTION('',(0.,1.,0.));
#735 = AXIS2_PLACEMENT_3D('',#732,#733,#734);
#736 = PLANE('',#735);
#737 = EDGE_LOOP('',(#728,#729,#730,#731));
#738 = FACE_OUTER_BOUND('',#737,.T.);
#739 = ADVANCED_FACE('',(#738),#736,.T.);
#740 = ORIENTED_EDGE('',*,*,#697,.F.);
#741 = ORIENTED_EDGE('',*,*,#673,.T.);
#742 = ORIENTED_EDGE('',*,*,#712,.T.);
#743 = ORIENTED_EDGE('',*,*,#632,.F.);
#744 = CARTESIAN_POINT('',(-3.81,-1.27,-1.6));
#745 = DIRECTION('',(0.,0.,1.));
#746 = DIRECTION('',(1.,0.,0.));
#747 = AXIS2_PLACEMENT_3D('',#744,#745,#746);
#748 = PLANE('',#747);
#749 = EDGE_LOOP('',(#740,#741,#742,#743));
#750 = FACE_OUTER_BOUND('',#749,.T.);
#751 = ADVANCED_FACE('',(#750),#748,.T.);
#752 = CLOSED_SHELL('',(#651,#687,#707,#727,#739,#751));
#753 = MANIFOLD_SOLID_BREP('',#752);
#754 = COLOUR_RGB('',0.13333333333333333,0.13333333333333333,0.13333333333333333);
#755 = FILL_AREA_STYLE_COLOUR('',#754);
#756 = FILL_AREA_STYLE('',(#755));
#757 = SURFACE_STYLE_FILL_AREA(#756);
#758 = SURFACE_SIDE_STYLE('',(#757));
#759 = SURFACE_STYLE_USAGE(.BOTH.,#758);
#760 = PRESENTATION_STYLE_ASSIGNMENT((#759));
#761 = STYLED_ITEM('',(#760),#753);
#762 = CARTESIAN_POINT('',(-2.855,0.315,-2.1500000000000004));
#763 = VERTEX_POINT('',#762);
#764 = CARTESIAN_POINT('',(-2.855,-0.315,-2.1500000000000004));
#765 = VERTEX_POINT('',#764);
#766 = CARTESIAN_POINT('',(-2.855,-0.315,0.5499999999999998));
#767 = VERTEX_POINT('',#766);
#768 = CARTESIAN_POINT('',(-2.855,0.315,0.5499999999999998));
#769 = VERTEX_POINT('',#768);
#770 = DIRECTION('',(0.,1.,0.));
#771 = VECTOR('',#770,1.);
#772 = LINE('',#764,#771);
#773 = EDGE_CURVE('',#765,#763,#772,.T.);
#774 = ORIENTED_EDGE('',*,*,#773,.F.);
#775 = DIRECTION('',(0.,0.,1.));
#776 = VECTOR('',#775,1.);
#777 = LINE('',#764,#776);
#778 = EDGE_CURVE('',#765,#767,#777,.T.);
#779 = ORIENTED_EDGE('',*,*,#778,.T.);
#780 = DIRECTION('',(0.,1.,0.));
#781 = VECTOR('',#780,1.);
#782 = LINE('',#766,#781);
#783 = EDGE_CURVE('',#767,#769,#782,.T.);
#784 = ORIENTED_EDGE('',*,*,#783,.T.);
#785 = DIRECTION('',(0.,0.,1.));
#786 = VECTOR('',#785,1.);
#787 = LINE('',#762,#786);
#788 = EDGE_CURVE('',#763,#769,#787,.T.);
#789 = ORIENTED_EDGE('',*,*,#788,.F.);
#790 = CARTESIAN_POINT('',(-2.855,0.315,-2.1500000000000004));
#791 = DIRECTION('',(-1.,0.,0.));
#792 = DIRECTION('',(0.,-1.,0.));
#793 = AXIS2_PLACEMENT_3D('',#790,#791,#792);
#794 = PLANE('',#793);
#795 = EDGE_LOOP('',(#774,#779,#784,#789));
#796 = FACE_OUTER_BOUND('',#795,.T.);
#797 = ADVANCED_FACE('',(#796),#794,.T.);
#798 = CARTESIAN_POINT('',(-2.225,0.315,0.5499999999999998));
#799 = VERTEX_POINT('',#798);
#800 = CARTESIAN_POINT('',(-2.225,0.315,-2.1500000000000004));
#801 = VERTEX_POINT('',#800);
#802 = DIRECTION('',(0.,0.,1.));
#803 = VECTOR('',#802,1.);
#804 = LINE('',#800,#803);
#805 = EDGE_CURVE('',#801,#799,#804,.T.);
#806 = ORIENTED_EDGE('',*,*,#805,.F.);
#807 = DIRECTION('',(-1.,0.,0.));
#808 = VECTOR('',#807,1.);
#809 = LINE('',#800,#808);
#810 = EDGE_CURVE('',#801,#763,#809,.T.);
#811 = ORIENTED_EDGE('',*,*,#810,.T.);
#812 = ORIENTED_EDGE('',*,*,#788,.T.);
#813 = DIRECTION('',(-1.,0.,0.));
#814 = VECTOR('',#813,1.);
#815 = LINE('',#798,#814);
#816 = EDGE_CURVE('',#799,#769,#815,.T.);
#817 = ORIENTED_EDGE('',*,*,#816,.F.);
#818 = CARTESIAN_POINT('',(-2.225,0.315,0.5499999999999998));
#819 = DIRECTION('',(0.,1.,0.));
#820 = DIRECTION('',(0.,0.,-1.));
#821 = AXIS2_PLACEMENT_3D('',#818,#819,#820);
#822 = PLANE('',#821);
#823 = EDGE_LOOP('',(#806,#811,#812,#817));
#824 = FACE_OUTER_BOUND('',#823,.T.);
#825 = ADVANCED_FACE('',(#824),#822,.T.);
#826 = CARTESIAN_POINT('',(-2.715,0.175,0.8999999999999999));
#827 = VERTEX_POINT('',#826);
#828 = CARTESIAN_POINT('',(-2.715,-0.175,0.8999999999999999));
#829 = VERTEX_POINT('',#828);
#830 = DIRECTION('',(-0.34815531191139587,0.3481553119113956,-0.8703882797784892));
#831 = VECTOR('',#830,1.);
#832 = LINE('',#826,#831);
#833 = EDGE_CURVE('',#827,#769,#832,.T.);
#834 = ORIENTED_EDGE('',*,*,#833,.T.);
#835 = ORIENTED_EDGE('',*,*,#783,.F.);
#836 = DIRECTION('',(-0.34815531191139587,-0.3481553119113956,-0.8703882797784892));
#837 = VECTOR('',#836,1.);
#838 = LINE('',#828,#837);
#839 = EDGE_CURVE('',#829,#767,#838,.T.);
#840 = ORIENTED_EDGE('',*,*,#839,.F.);
#841 = DIRECTION('',(0.,1.,0.));
#842 = VECTOR('',#841,1.);
#843 = LINE('',#828,#842);
#844 = EDGE_CURVE('',#829,#827,#843,.T.);
#845 = ORIENTED_EDGE('',*,*,#844,.T.);
#846 = CARTESIAN_POINT('',(-2.715,0.175,0.8999999999999999));
#847 = DIRECTION('',(-0.9284766908852591,0.,0.3713906763541039));
#848 = DIRECTION('',(-0.34815531191139587,0.3481553119113956,-0.8703882797784892));
#849 = AXIS2_PLACEMENT_3D('',#846,#847,#848);
#850 = PLANE('',#849);
#851 = EDGE_LOOP('',(#834,#835,#840,#845));
#852 = FACE_OUTER_BOUND('',#851,.T.);
#853 = ADVANCED_FACE('',(#852),#850,.T.);
#854 = CARTESIAN_POINT('',(-2.225,-0.315,-2.1500000000000004));
#855 = VERTEX_POINT('',#854);
#856 = CARTESIAN_POINT('',(-2.225,-0.315,0.5499999999999998));
#857 = VERTEX_POINT('',#856);
#858 = DIRECTION('',(0.,1.,0.));
#859 = VECTOR('',#858,1.);
#860 = LINE('',#854,#859);
#861 = EDGE_CURVE('',#855,#801,#860,.T.);
#862 = ORIENTED_EDGE('',*,*,#861,.T.);
#863 = ORIENTED_EDGE('',*,*,#805,.T.);
#864 = DIRECTION('',(0.,1.,0.));
#865 = VECTOR('',#864,1.);
#866 = LINE('',#856,#865);
#867 = EDGE_CURVE('',#857,#799,#866,.T.);
#868 = ORIENTED_EDGE('',*,*,#867,.F.);
#869 = DIRECTION('',(0.,0.,1.));
#870 = VECTOR('',#869,1.);
#871 = LINE('',#854,#870);
#872 = EDGE_CURVE('',#855,#857,#871,.T.);
#873 = ORIENTED_EDGE('',*,*,#872,.F.);
#874 = CARTESIAN_POINT('',(-2.225,-0.315,-2.1500000000000004));
#875 = DIRECTION('',(1.,0.,0.));
#876 = DIRECTION('',(0.,1.,0.));
#877 = AXIS2_PLACEMENT_3D('',#874,#875,#876);
#878 = PLANE('',#877);
#879 = EDGE_LOOP('',(#862,#863,#868,#873));
#880 = FACE_OUTER_BOUND('',#879,.T.);
#881 = ADVANCED_FACE('',(#880),#878,.T.);
#882 = ORIENTED_EDGE('',*,*,#872,.T.);
#883 = DIRECTION('',(-1.,0.,0.));
#884 = VECTOR('',#883,1.);
#885 = LINE('',#856,#884);
#886 = EDGE_CURVE('',#857,#767,#885,.T.);
#887 = ORIENTED_EDGE('',*,*,#886,.T.);
#888 = ORIENTED_EDGE('',*,*,#778,.F.);
#889 = DIRECTION('',(-1.,0.,0.));
#890 = VECTOR('',#889,1.);
#891 = LINE('',#854,#890);
#892 = EDGE_CURVE('',#855,#765,#891,.T.);
#893 = ORIENTED_EDGE('',*,*,#892,.F.);
#894 = CARTESIAN_POINT('',(-2.225,-0.315,-2.1500000000000004));
#895 = DIRECTION('',(0.,-1.,0.));
#896 = DIRECTION('',(0.,0.,1.));
#897 = AXIS2_PLACEMENT_3D('',#894,#895,#896);
#898 = PLANE('',#897);
#899 = EDGE_LOOP('',(#882,#887,#888,#893));
#900 = FACE_OUTER_BOUND('',#899,.T.);
#901 = ADVANCED_FACE('',(#900),#898,.T.);
#902 = ORIENTED_EDGE('',*,*,#892,.T.);
#903 = ORIENTED_EDGE('',*,*,#773,.T.);
#904 = ORIENTED_EDGE('',*,*,#810,.F.);
#905 = ORIENTED_EDGE('',*,*,#861,.F.);
#906 = CARTESIAN_POINT('',(-2.225,-0.315,-2.1500000000000004));
#907 = DIRECTION('',(0.,0.,-1.));
#908 = DIRECTION('',(-1.,0.,0.));
#909 = AXIS2_PLACEMENT_3D('',#906,#907,#908);
#910 = PLANE('',#909);
#911 = EDGE_LOOP('',(#902,#903,#904,#905));
#912 = FACE_OUTER_BOUND('',#911,.T.);
#913 = ADVANCED_FACE('',(#912),#910,.T.);
#914 = CARTESIAN_POINT('',(-2.365,0.175,0.8999999999999999));
#915 = VERTEX_POINT('',#914);
#916 = DIRECTION('',(-0.34815531191139587,-0.3481553119113956,0.8703882797784892));
#917 = VECTOR('',#916,1.);
#918 = LINE('',#798,#917);
#919 = EDGE_CURVE('',#799,#915,#918,.T.);
#920 = ORIENTED_EDGE('',*,*,#919,.F.);
#921 = ORIENTED_EDGE('',*,*,#816,.T.);
#922 = ORIENTED_EDGE('',*,*,#833,.F.);
#923 = DIRECTION('',(-1.,0.,0.));
#924 = VECTOR('',#923,1.);
#925 = LINE('',#914,#924);
#926 = EDGE_CURVE('',#915,#827,#925,.T.);
#927 = ORIENTED_EDGE('',*,*,#926,.F.);
#928 = CARTESIAN_POINT('',(-2.365,0.175,0.8999999999999999));
#929 = DIRECTION('',(0.,0.9284766908852596,0.3713906763541032));
#930 = DIRECTION('',(0.34815531191139587,0.3481553119113956,-0.8703882797784892));
#931 = AXIS2_PLACEMENT_3D('',#928,#929,#930);
#932 = PLANE('',#931);
#933 = EDGE_LOOP('',(#920,#921,#922,#927));
#934 = FACE_OUTER_BOUND('',#933,.T.);
#935 = ADVANCED_FACE('',(#934),#932,.T.);
#936 = CARTESIAN_POINT('',(-2.365,-0.175,0.8999999999999999));
#937 = VERTEX_POINT('',#936);
#938 = DIRECTION('',(-0.34815531191139587,0.3481553119113956,0.8703882797784892));
#939 = VECTOR('',#938,1.);
#940 = LINE('',#856,#939);
#941 = EDGE_CURVE('',#857,#937,#940,.T.);
#942 = ORIENTED_EDGE('',*,*,#941,.F.);
#943 = ORIENTED_EDGE('',*,*,#867,.T.);
#944 = ORIENTED_EDGE('',*,*,#919,.T.);
#945 = DIRECTION('',(0.,1.,0.));
#946 = VECTOR('',#945,1.);
#947 = LINE('',#936,#946);
#948 = EDGE_CURVE('',#937,#915,#947,.T.);
#949 = ORIENTED_EDGE('',*,*,#948,.F.);
#950 = CARTESIAN_POINT('',(-2.365,-0.175,0.8999999999999999));
#951 = DIRECTION('',(0.9284766908852591,0.,0.3713906763541039));
#952 = DIRECTION('',(0.34815531191139587,-0.3481553119113956,-0.8703882797784892));
#953 = AXIS2_PLACEMENT_3D('',#950,#951,#952);
#954 = PLANE('',#953);
#955 = EDGE_LOOP('',(#942,#943,#944,#949));
#956 = FACE_OUTER_BOUND('',#955,.T.);
#957 = ADVANCED_FACE('',(#956),#954,.T.);
#958 = ORIENTED_EDGE('',*,*,#948,.T.);
#959 = ORIENTED_EDGE('',*,*,#926,.T.);
#960 = ORIENTED_EDGE('',*,*,#844,.F.);
#961 = DIRECTION('',(-1.,0.,0.));
#962 = VECTOR('',#961,1.);
#963 = LINE('',#936,#962);
#964 = EDGE_CURVE('',#937,#829,#963,.T.);
#965 = ORIENTED_EDGE('',*,*,#964,.F.);
#966 = CARTESIAN_POINT('',(-2.365,-0.175,0.8999999999999999));
#967 = DIRECTION('',(0.,0.,1.));
#968 = DIRECTION('',(0.,1.,0.));
#969 = AXIS2_PLACEMENT_3D('',#966,#967,#968);
#970 = PLANE('',#969);
#971 = EDGE_LOOP('',(#958,#959,#960,#965));
#972 = FACE_OUTER_BOUND('',#971,.T.);
#973 = ADVANCED_FACE('',(#972),#970,.T.);
#974 = ORIENTED_EDGE('',*,*,#964,.T.);
#975 = ORIENTED_EDGE('',*,*,#839,.T.);
#976 = ORIENTED_EDGE('',*,*,#886,.F.);
#977 = ORIENTED_EDGE('',*,*,#941,.T.);
#978 = CARTESIAN_POINT('',(-2.365,-0.175,0.8999999999999999));
#979 = DIRECTION('',(0.,-0.9284766908852596,0.3713906763541032));
#980 = DIRECTION('',(-1.,0.,0.));
#981 = AXIS2_PLACEMENT_3D('',#978,#979,#980);
#982 = PLANE('',#981);
#983 = EDGE_LOOP('',(#974,#975,#976,#977));
#984 = FACE_OUTER_BOUND('',#983,.T.);
#985 = ADVANCED_FACE('',(#984),#982,.T.);
#986 = CLOSED_SHELL('',(#797,#825,#853,#881,#901,#913,#935,#957,#973,#985));
#987 = MANIFOLD_SOLID_BREP('',#986);
#988 = CARTESIAN_POINT('',(-2.225,0.315,-3.6000000000000005));
#989 = VERTEX_POINT('',#988);
#990 = CARTESIAN_POINT('',(-2.225,0.315,-9.));
#991 = VERTEX_POINT('',#990);
#992 = CARTESIAN_POINT('',(-2.855,0.315,-9.));
#993 = VERTEX_POINT('',#992);
#994 = CARTESIAN_POINT('',(-2.855,0.315,-3.6000000000000005));
#995 = VERTEX_POINT('',#994);
#996 = DIRECTION('',(0.,0.,-1.));
#997 = VECTOR('',#996,1.);
#998 = LINE('',#988,#997);
#999 = EDGE_CURVE('',#989,#991,#998,.T.);
#1000 = ORIENTED_EDGE('',*,*,#999,.T.);
#1001 = DIRECTION('',(-1.,0.,0.));
#1002 = VECTOR('',#1001,1.);
#1003 = LINE('',#990,#1002);
#1004 = EDGE_CURVE('',#991,#993,#1003,.T.);
#1005 = ORIENTED_EDGE('',*,*,#1004,.T.);
#1006 = DIRECTION('',(0.,0.,-1.));
#1007 = VECTOR('',#1006,1.);
#1008 = LINE('',#994,#1007);
#1009 = EDGE_CURVE('',#995,#993,#1008,.T.);
#1010 = ORIENTED_EDGE('',*,*,#1009,.F.);
#1011 = DIRECTION('',(-1.,0.,0.));
#1012 = VECTOR('',#1011,1.);
#1013 = LINE('',#988,#1012);
#1014 = EDGE_CURVE('',#989,#995,#1013,.T.);
#1015 = ORIENTED_EDGE('',*,*,#1014,.F.);
#1016 = CARTESIAN_POINT('',(-2.225,0.315,-3.6000000000000005));
#1017 = DIRECTION('',(0.,1.,0.));
#1018 = DIRECTION('',(0.,0.,-1.));
#1019 = AXIS2_PLACEMENT_3D('',#1016,#1017,#1018);
#1020 = PLANE('',#1019);
#1021 = EDGE_LOOP('',(#1000,#1005,#1010,#1015));
#1022 = FACE_OUTER_BOUND('',#1021,.T.);
#1023 = ADVANCED_FACE('',(#1022),#1020,.T.);
#1024 = CARTESIAN_POINT('',(-2.855,-0.315,-9.));
#1025 = VERTEX_POINT('',#1024);
#1026 = CARTESIAN_POINT('',(-2.855,-0.315,-3.6000000000000005));
#1027 = VERTEX_POINT('',#1026);
#1028 = DIRECTION('',(0.,0.,-1.));
#1029 = VECTOR('',#1028,1.);
#1030 = LINE('',#1026,#1029);
#1031 = EDGE_CURVE('',#1027,#1025,#1030,.T.);
#1032 = ORIENTED_EDGE('',*,*,#1031,.F.);
#1033 = DIRECTION('',(0.,1.,0.));
#1034 = VECTOR('',#1033,1.);
#1035 = LINE('',#1026,#1034);
#1036 = EDGE_CURVE('',#1027,#995,#1035,.T.);
#1037 = ORIENTED_EDGE('',*,*,#1036,.T.);
#1038 = ORIENTED_EDGE('',*,*,#1009,.T.);
#1039 = DIRECTION('',(0.,1.,0.));
#1040 = VECTOR('',#1039,1.);
#1041 = LINE('',#1024,#1040);
#1042 = EDGE_CURVE('',#1025,#993,#1041,.T.);
#1043 = ORIENTED_EDGE('',*,*,#1042,.F.);
#1044 = CARTESIAN_POINT('',(-2.855,-0.315,-9.));
#1045 = DIRECTION('',(-1.,0.,0.));
#1046 = DIRECTION('',(0.,0.,1.));
#1047 = AXIS2_PLACEMENT_3D('',#1044,#1045,#1046);
#1048 = PLANE('',#1047);
#1049 = EDGE_LOOP('',(#1032,#1037,#1038,#1043));
#1050 = FACE_OUTER_BOUND('',#1049,.T.);
#1051 = ADVANCED_FACE('',(#1050),#1048,.T.);
#1052 = CARTESIAN_POINT('',(-2.715,0.175,-9.6));
#1053 = VERTEX_POINT('',#1052);
#1054 = CARTESIAN_POINT('',(-2.715,-0.175,-9.6));
#1055 = VERTEX_POINT('',#1054);
#1056 = ORIENTED_EDGE('',*,*,#1042,.T.);
#1057 = DIRECTION('',(-0.22158112824152176,0.22158112824152157,0.9496334067493776));
#1058 = VECTOR('',#1057,1.);
#1059 = LINE('',#1052,#1058);
#1060 = EDGE_CURVE('',#1053,#993,#1059,.T.);
#1061 = ORIENTED_EDGE('',*,*,#1060,.F.);
#1062 = DIRECTION('',(0.,1.,0.));
#1063 = VECTOR('',#1062,1.);
#1064 = LINE('',#1054,#1063);
#1065 = EDGE_CURVE('',#1055,#1053,#1064,.T.);
#1066 = ORIENTED_EDGE('',*,*,#1065,.F.);
#1067 = DIRECTION('',(-0.22158112824152176,-0.22158112824152157,0.9496334067493776));
#1068 = VECTOR('',#1067,1.);
#1069 = LINE('',#1054,#1068);
#1070 = EDGE_CURVE('',#1055,#1025,#1069,.T.);
#1071 = ORIENTED_EDGE('',*,*,#1070,.T.);
#1072 = CARTESIAN_POINT('',(-2.855,-0.315,-9.));
#1073 = DIRECTION('',(-0.9738412097417934,0.,-0.22722961560641813));
#1074 = DIRECTION('',(0.,1.,0.));
#1075 = AXIS2_PLACEMENT_3D('',#1072,#1073,#1074);
#1076 = PLANE('',#1075);
#1077 = EDGE_LOOP('',(#1056,#1061,#1066,#1071));
#1078 = FACE_OUTER_BOUND('',#1077,.T.);
#1079 = ADVANCED_FACE('',(#1078),#1076,.T.);
#1080 = CARTESIAN_POINT('',(-2.365,0.175,-9.6));
#1081 = VERTEX_POINT('',#1080);
#1082 = DIRECTION('',(-1.,0.,0.));
#1083 = VECTOR('',#1082,1.);
#1084 = LINE('',#1080,#1083);
#1085 = EDGE_CURVE('',#1081,#1053,#1084,.T.);
#1086 = ORIENTED_EDGE('',*,*,#1085,.T.);
#1087 = ORIENTED_EDGE('',*,*,#1060,.T.);
#1088 = ORIENTED_EDGE('',*,*,#1004,.F.);
#1089 = DIRECTION('',(-0.22158112824152176,-0.22158112824152157,-0.9496334067493776));
#1090 = VECTOR('',#1089,1.);
#1091 = LINE('',#990,#1090);
#1092 = EDGE_CURVE('',#991,#1081,#1091,.T.);
#1093 = ORIENTED_EDGE('',*,*,#1092,.T.);
#1094 = CARTESIAN_POINT('',(-2.365,0.175,-9.6));
#1095 = DIRECTION('',(0.,0.9738412097417933,-0.2272296156064183));
#1096 = DIRECTION('',(-1.,0.,0.));
#1097 = AXIS2_PLACEMENT_3D('',#1094,#1095,#1096);
#1098 = PLANE('',#1097);
#1099 = EDGE_LOOP('',(#1086,#1087,#1088,#1093));
#1100 = FACE_OUTER_BOUND('',#1099,.T.);
#1101 = ADVANCED_FACE('',(#1100),#1098,.T.);
#1102 = CARTESIAN_POINT('',(-2.225,-0.315,-3.6000000000000005));
#1103 = VERTEX_POINT('',#1102);
#1104 = DIRECTION('',(0.,1.,0.));
#1105 = VECTOR('',#1104,1.);
#1106 = LINE('',#1102,#1105);
#1107 = EDGE_CURVE('',#1103,#989,#1106,.T.);
#1108 = ORIENTED_EDGE('',*,*,#1107,.T.);
#1109 = ORIENTED_EDGE('',*,*,#1014,.T.);
#1110 = ORIENTED_EDGE('',*,*,#1036,.F.);
#1111 = DIRECTION('',(-1.,0.,0.));
#1112 = VECTOR('',#1111,1.);
#1113 = LINE('',#1102,#1112);
#1114 = EDGE_CURVE('',#1103,#1027,#1113,.T.);
#1115 = ORIENTED_EDGE('',*,*,#1114,.F.);
#1116 = CARTESIAN_POINT('',(-2.225,-0.315,-3.6000000000000005));
#1117 = DIRECTION('',(0.,0.,1.));
#1118 = DIRECTION('',(0.,1.,0.));
#1119 = AXIS2_PLACEMENT_3D('',#1116,#1117,#1118);
#1120 = PLANE('',#1119);
#1121 = EDGE_LOOP('',(#1108,#1109,#1110,#1115));
#1122 = FACE_OUTER_BOUND('',#1121,.T.);
#1123 = ADVANCED_FACE('',(#1122),#1120,.T.);
#1124 = CARTESIAN_POINT('',(-2.225,-0.315,-9.));
#1125 = VERTEX_POINT('',#1124);
#1126 = DIRECTION('',(0.,1.,0.));
#1127 = VECTOR('',#1126,1.);
#1128 = LINE('',#1124,#1127);
#1129 = EDGE_CURVE('',#1125,#991,#1128,.T.);
#1130 = ORIENTED_EDGE('',*,*,#1129,.T.);
#1131 = ORIENTED_EDGE('',*,*,#999,.F.);
#1132 = ORIENTED_EDGE('',*,*,#1107,.F.);
#1133 = DIRECTION('',(0.,0.,-1.));
#1134 = VECTOR('',#1133,1.);
#1135 = LINE('',#1102,#1134);
#1136 = EDGE_CURVE('',#1103,#1125,#1135,.T.);
#1137 = ORIENTED_EDGE('',*,*,#1136,.T.);
#1138 = CARTESIAN_POINT('',(-2.225,-0.315,-9.));
#1139 = DIRECTION('',(1.,0.,0.));
#1140 = DIRECTION('',(0.,1.,0.));
#1141 = AXIS2_PLACEMENT_3D('',#1138,#1139,#1140);
#1142 = PLANE('',#1141);
#1143 = EDGE_LOOP('',(#1130,#1131,#1132,#1137));
#1144 = FACE_OUTER_BOUND('',#1143,.T.);
#1145 = ADVANCED_FACE('',(#1144),#1142,.T.);
#1146 = ORIENTED_EDGE('',*,*,#1136,.F.);
#1147 = ORIENTED_EDGE('',*,*,#1114,.T.);
#1148 = ORIENTED_EDGE('',*,*,#1031,.T.);
#1149 = DIRECTION('',(-1.,0.,0.));
#1150 = VECTOR('',#1149,1.);
#1151 = LINE('',#1124,#1150);
#1152 = EDGE_CURVE('',#1125,#1025,#1151,.T.);
#1153 = ORIENTED_EDGE('',*,*,#1152,.F.);
#1154 = CARTESIAN_POINT('',(-2.225,-0.315,-9.));
#1155 = DIRECTION('',(0.,-1.,0.));
#1156 = DIRECTION('',(0.,0.,1.));
#1157 = AXIS2_PLACEMENT_3D('',#1154,#1155,#1156);
#1158 = PLANE('',#1157);
#1159 = EDGE_LOOP('',(#1146,#1147,#1148,#1153));
#1160 = FACE_OUTER_BOUND('',#1159,.T.);
#1161 = ADVANCED_FACE('',(#1160),#1158,.T.);
#1162 = CARTESIAN_POINT('',(-2.365,-0.175,-9.6));
#1163 = VERTEX_POINT('',#1162);
#1164 = DIRECTION('',(0.,1.,0.));
#1165 = VECTOR('',#1164,1.);
#1166 = LINE('',#1162,#1165);
#1167 = EDGE_CURVE('',#1163,#1081,#1166,.T.);
#1168 = ORIENTED_EDGE('',*,*,#1167,.T.);
#1169 = ORIENTED_EDGE('',*,*,#1092,.F.);
#1170 = ORIENTED_EDGE('',*,*,#1129,.F.);
#1171 = DIRECTION('',(-0.22158112824152176,0.22158112824152157,-0.9496334067493776));
#1172 = VECTOR('',#1171,1.);
#1173 = LINE('',#1124,#1172);
#1174 = EDGE_CURVE('',#1125,#1163,#1173,.T.);
#1175 = ORIENTED_EDGE('',*,*,#1174,.T.);
#1176 = CARTESIAN_POINT('',(-2.365,-0.175,-9.6));
#1177 = DIRECTION('',(0.9738412097417932,0.,-0.2272296156064184));
#1178 = DIRECTION('',(0.,1.,0.));
#1179 = AXIS2_PLACEMENT_3D('',#1176,#1177,#1178);
#1180 = PLANE('',#1179);
#1181 = EDGE_LOOP('',(#1168,#1169,#1170,#1175));
#1182 = FACE_OUTER_BOUND('',#1181,.T.);
#1183 = ADVANCED_FACE('',(#1182),#1180,.T.);
#1184 = ORIENTED_EDGE('',*,*,#1174,.F.);
#1185 = ORIENTED_EDGE('',*,*,#1152,.T.);
#1186 = ORIENTED_EDGE('',*,*,#1070,.F.);
#1187 = DIRECTION('',(-1.,0.,0.));
#1188 = VECTOR('',#1187,1.);
#1189 = LINE('',#1162,#1188);
#1190 = EDGE_CURVE('',#1163,#1055,#1189,.T.);
#1191 = ORIENTED_EDGE('',*,*,#1190,.F.);
#1192 = CARTESIAN_POINT('',(-2.365,-0.175,-9.6));
#1193 = DIRECTION('',(0.,-0.9738412097417933,-0.2272296156064183));
#1194 = DIRECTION('',(0.22158112824152176,-0.22158112824152157,0.9496334067493776));
#1195 = AXIS2_PLACEMENT_3D('',#1192,#1193,#1194);
#1196 = PLANE('',#1195);
#1197 = EDGE_LOOP('',(#1184,#1185,#1186,#1191));
#1198 = FACE_OUTER_BOUND('',#1197,.T.);
#1199 = ADVANCED_FACE('',(#1198),#1196,.T.);
#1200 = ORIENTED_EDGE('',*,*,#1190,.T.);
#1201 = ORIENTED_EDGE('',*,*,#1065,.T.);
#1202 = ORIENTED_EDGE('',*,*,#1085,.F.);
#1203 = ORIENTED_EDGE('',*,*,#1167,.F.);
#1204 = CARTESIAN_POINT('',(-2.365,-0.175,-9.6));
#1205 = DIRECTION('',(0.,0.,-1.));
#1206 = DIRECTION('',(-1.,0.,0.));
#1207 = AXIS2_PLACEMENT_3D('',#1204,#1205,#1206);
#1208 = PLANE('',#1207);
#1209 = EDGE_LOOP('',(#1200,#1201,#1202,#1203));
#1210 = FACE_OUTER_BOUND('',#1209,.T.);
#1211 = ADVANCED_FACE('',(#1210),#1208,.T.);
#1212 = CLOSED_SHELL('',(#1023,#1051,#1079,#1101,#1123,#1145,#1161,#1183,#1199,#1211));
#1213 = MANIFOLD_SOLID_BREP('',#1212);
#1214 = CARTESIAN_POINT('',(-1.27,-1.27,-3.6));
#1215 = VERTEX_POINT('',#1214);
#1216 = CARTESIAN_POINT('',(-1.27,-1.27,-1.6));
#1217 = VERTEX_POINT('',#1216);
#1218 = CARTESIAN_POINT('',(-1.27,1.27,-1.6));
#1219 = VERTEX_POINT('',#1218);
#1220 = CARTESIAN_POINT('',(-1.27,1.27,-3.6));
#1221 = VERTEX_POINT('',#1220);
#1222 = DIRECTION('',(0.,0.,-1.));
#1223 = VECTOR('',#1222,1.);
#1224 = LINE('',#1216,#1223);
#1225 = EDGE_CURVE('',#1217,#1215,#1224,.T.);
#1226 = ORIENTED_EDGE('',*,*,#1225,.F.);
#1227 = DIRECTION('',(0.,1.,0.));
#1228 = VECTOR('',#1227,1.);
#1229 = LINE('',#1216,#1228);
#1230 = EDGE_CURVE('',#1217,#1219,#1229,.T.);
#1231 = ORIENTED_EDGE('',*,*,#1230,.T.);
#1232 = DIRECTION('',(0.,0.,-1.));
#1233 = VECTOR('',#1232,1.);
#1234 = LINE('',#1218,#1233);
#1235 = EDGE_CURVE('',#1219,#1221,#1234,.T.);
#1236 = ORIENTED_EDGE('',*,*,#1235,.T.);
#1237 = DIRECTION('',(0.,1.,0.));
#1238 = VECTOR('',#1237,1.);
#1239 = LINE('',#1214,#1238);
#1240 = EDGE_CURVE('',#1215,#1221,#1239,.T.);
#1241 = ORIENTED_EDGE('',*,*,#1240,.F.);
#1242 = CARTESIAN_POINT('',(-1.27,-1.27,-3.6));
#1243 = DIRECTION('',(-1.,0.,0.));
#1244 = DIRECTION('',(0.,0.,1.));
#1245 = AXIS2_PLACEMENT_3D('',#1242,#1243,#1244);
#1246 = PLANE('',#1245);
#1247 = EDGE_LOOP('',(#1226,#1231,#1236,#1241));
#1248 = FACE_OUTER_BOUND('',#1247,.T.);
#1249 = ADVANCED_FACE('',(#1248),#1246,.T.);
#1250 = CARTESIAN_POINT('',(1.27,-1.27,-3.6));
#1251 = VERTEX_POINT('',#1250);
#1252 = CARTESIAN_POINT('',(1.27,1.27,-3.6));
#1253 = VERTEX_POINT('',#1252);
#1254 = CARTESIAN_POINT('',(1.27,1.27,-1.6));
#1255 = VERTEX_POINT('',#1254);
#1256 = CARTESIAN_POINT('',(1.27,-1.27,-1.6));
#1257 = VERTEX_POINT('',#1256);
#1258 = DIRECTION('',(0.,1.,0.));
#1259 = VECTOR('',#1258,1.);
#1260 = LINE('',#1250,#1259);
#1261 = EDGE_CURVE('',#1251,#1253,#1260,.T.);
#1262 = ORIENTED_EDGE('',*,*,#1261,.T.);
#1263 = DIRECTION('',(0.,0.,-1.));
#1264 = VECTOR('',#1263,1.);
#1265 = LINE('',#1254,#1264);
#1266 = EDGE_CURVE('',#1255,#1253,#1265,.T.);
#1267 = ORIENTED_EDGE('',*,*,#1266,.F.);
#1268 = DIRECTION('',(0.,1.,0.));
#1269 = VECTOR('',#1268,1.);
#1270 = LINE('',#1256,#1269);
#1271 = EDGE_CURVE('',#1257,#1255,#1270,.T.);
#1272 = ORIENTED_EDGE('',*,*,#1271,.F.);
#1273 = DIRECTION('',(0.,0.,-1.));
#1274 = VECTOR('',#1273,1.);
#1275 = LINE('',#1256,#1274);
#1276 = EDGE_CURVE('',#1257,#1251,#1275,.T.);
#1277 = ORIENTED_EDGE('',*,*,#1276,.T.);
#1278 = CARTESIAN_POINT('',(1.27,-1.27,-3.6));
#1279 = DIRECTION('',(1.,0.,0.));
#1280 = DIRECTION('',(0.,1.,0.));
#1281 = AXIS2_PLACEMENT_3D('',#1278,#1279,#1280);
#1282 = PLANE('',#1281);
#1283 = EDGE_LOOP('',(#1262,#1267,#1272,#1277));
#1284 = FACE_OUTER_BOUND('',#1283,.T.);
#1285 = ADVANCED_FACE('',(#1284),#1282,.T.);
#1286 = DIRECTION('',(1.,0.,0.));
#1287 = VECTOR('',#1286,1.);
#1288 = LINE('',#1214,#1287);
#1289 = EDGE_CURVE('',#1215,#1251,#1288,.T.);
#1290 = ORIENTED_EDGE('',*,*,#1289,.T.);
#1291 = ORIENTED_EDGE('',*,*,#1276,.F.);
#1292 = DIRECTION('',(1.,0.,0.));
#1293 = VECTOR('',#1292,1.);
#1294 = LINE('',#1216,#1293);
#1295 = EDGE_CURVE('',#1217,#1257,#1294,.T.);
#1296 = ORIENTED_EDGE('',*,*,#1295,.F.);
#1297 = ORIENTED_EDGE('',*,*,#1225,.T.);
#1298 = CARTESIAN_POINT('',(-1.27,-1.27,-3.6));
#1299 = DIRECTION('',(0.,-1.,0.));
#1300 = DIRECTION('',(1.,0.,0.));
#1301 = AXIS2_PLACEMENT_3D('',#1298,#1299,#1300);
#1302 = PLANE('',#1301);
#1303 = EDGE_LOOP('',(#1290,#1291,#1296,#1297));
#1304 = FACE_OUTER_BOUND('',#1303,.T.);
#1305 = ADVANCED_FACE('',(#1304),#1302,.T.);
#1306 = ORIENTED_EDGE('',*,*,#1235,.F.);
#1307 = DIRECTION('',(1.,0.,0.));
#1308 = VECTOR('',#1307,1.);
#1309 = LINE('',#1218,#1308);
#1310 = EDGE_CURVE('',#1219,#1255,#1309,.T.);
#1311 = ORIENTED_EDGE('',*,*,#1310,.T.);
#1312 = ORIENTED_EDGE('',*,*,#1266,.T.);
#1313 = DIRECTION('',(1.,0.,0.));
#1314 = VECTOR('',#1313,1.);
#1315 = LINE('',#1220,#1314);
#1316 = EDGE_CURVE('',#1221,#1253,#1315,.T.);
#1317 = ORIENTED_EDGE('',*,*,#1316,.F.);
#1318 = CARTESIAN_POINT('',(-1.27,1.27,-3.6));
#1319 = DIRECTION('',(0.,1.,0.));
#1320 = DIRECTION('',(0.,0.,1.));
#1321 = AXIS2_PLACEMENT_3D('',#1318,#1319,#1320);
#1322 = PLANE('',#1321);
#1323 = EDGE_LOOP('',(#1306,#1311,#1312,#1317));
#1324 = FACE_OUTER_BOUND('',#1323,.T.);
#1325 = ADVANCED_FACE('',(#1324),#1322,.T.);
#1326 = ORIENTED_EDGE('',*,*,#1240,.T.);
#1327 = ORIENTED_EDGE('',*,*,#1316,.T.);
#1328 = ORIENTED_EDGE('',*,*,#1261,.F.);
#1329 = ORIENTED_EDGE('',*,*,#1289,.F.);
#1330 = CARTESIAN_POINT('',(-1.27,-1.27,-3.6));
#1331 = DIRECTION('',(0.,0.,-1.));
#1332 = DIRECTION('',(0.,1.,0.));
#1333 = AXIS2_PLACEMENT_3D('',#1330,#1331,#1332);
#1334 = PLANE('',#1333);
#1335 = EDGE_LOOP('',(#1326,#1327,#1328,#1329));
#1336 = FACE_OUTER_BOUND('',#1335,.T.);
#1337 = ADVANCED_FACE('',(#1336),#1334,.T.);
#1338 = ORIENTED_EDGE('',*,*,#1295,.T.);
#1339 = ORIENTED_EDGE('',*,*,#1271,.T.);
#1340 = ORIENTED_EDGE('',*,*,#1310,.F.);
#1341 = ORIENTED_EDGE('',*,*,#1230,.F.);
#1342 = CARTESIAN_POINT('',(-1.27,-1.27,-1.6));
#1343 = DIRECTION('',(0.,0.,1.));
#1344 = DIRECTION('',(1.,0.,0.));
#1345 = AXIS2_PLACEMENT_3D('',#1342,#1343,#1344);
#1346 = PLANE('',#1345);
#1347 = EDGE_LOOP('',(#1338,#1339,#1340,#1341));
#1348 = FACE_OUTER_BOUND('',#1347,.T.);
#1349 = ADVANCED_FACE('',(#1348),#1346,.T.);
#1350 = CLOSED_SHELL('',(#1249,#1285,#1305,#1325,#1337,#1349));
#1351 = MANIFOLD_SOLID_BREP('',#1350);
#1352 = COLOUR_RGB('',0.13333333333333333,0.13333333333333333,0.13333333333333333);
#1353 = FILL_AREA_STYLE_COLOUR('',#1352);
#1354 = FILL_AREA_STYLE('',(#1353));
#1355 = SURFACE_STYLE_FILL_AREA(#1354);
#1356 = SURFACE_SIDE_STYLE('',(#1355));
#1357 = SURFACE_STYLE_USAGE(.BOTH.,#1356);
#1358 = PRESENTATION_STYLE_ASSIGNMENT((#1357));
#1359 = STYLED_ITEM('',(#1358),#1351);
#1360 = CARTESIAN_POINT('',(-0.315,0.315,-2.1500000000000004));
#1361 = VERTEX_POINT('',#1360);
#1362 = CARTESIAN_POINT('',(-0.315,-0.315,-2.1500000000000004));
#1363 = VERTEX_POINT('',#1362);
#1364 = CARTESIAN_POINT('',(-0.315,-0.315,0.5499999999999998));
#1365 = VERTEX_POINT('',#1364);
#1366 = CARTESIAN_POINT('',(-0.315,0.315,0.5499999999999998));
#1367 = VERTEX_POINT('',#1366);
#1368 = DIRECTION('',(0.,1.,0.));
#1369 = VECTOR('',#1368,1.);
#1370 = LINE('',#1362,#1369);
#1371 = EDGE_CURVE('',#1363,#1361,#1370,.T.);
#1372 = ORIENTED_EDGE('',*,*,#1371,.F.);
#1373 = DIRECTION('',(0.,0.,1.));
#1374 = VECTOR('',#1373,1.);
#1375 = LINE('',#1362,#1374);
#1376 = EDGE_CURVE('',#1363,#1365,#1375,.T.);
#1377 = ORIENTED_EDGE('',*,*,#1376,.T.);
#1378 = DIRECTION('',(0.,1.,0.));
#1379 = VECTOR('',#1378,1.);
#1380 = LINE('',#1364,#1379);
#1381 = EDGE_CURVE('',#1365,#1367,#1380,.T.);
#1382 = ORIENTED_EDGE('',*,*,#1381,.T.);
#1383 = DIRECTION('',(0.,0.,1.));
#1384 = VECTOR('',#1383,1.);
#1385 = LINE('',#1360,#1384);
#1386 = EDGE_CURVE('',#1361,#1367,#1385,.T.);
#1387 = ORIENTED_EDGE('',*,*,#1386,.F.);
#1388 = CARTESIAN_POINT('',(-0.315,0.315,-2.1500000000000004));
#1389 = DIRECTION('',(-1.,0.,0.));
#1390 = DIRECTION('',(0.,-1.,0.));
#1391 = AXIS2_PLACEMENT_3D('',#1388,#1389,#1390);
#1392 = PLANE('',#1391);
#1393 = EDGE_LOOP('',(#1372,#1377,#1382,#1387));
#1394 = FACE_OUTER_BOUND('',#1393,.T.);
#1395 = ADVANCED_FACE('',(#1394),#1392,.T.);
#1396 = CARTESIAN_POINT('',(0.315,0.315,0.5499999999999998));
#1397 = VERTEX_POINT('',#1396);
#1398 = CARTESIAN_POINT('',(0.315,0.315,-2.1500000000000004));
#1399 = VERTEX_POINT('',#1398);
#1400 = DIRECTION('',(0.,0.,1.));
#1401 = VECTOR('',#1400,1.);
#1402 = LINE('',#1398,#1401);
#1403 = EDGE_CURVE('',#1399,#1397,#1402,.T.);
#1404 = ORIENTED_EDGE('',*,*,#1403,.F.);
#1405 = DIRECTION('',(1.,0.,0.));
#1406 = VECTOR('',#1405,1.);
#1407 = LINE('',#1360,#1406);
#1408 = EDGE_CURVE('',#1361,#1399,#1407,.T.);
#1409 = ORIENTED_EDGE('',*,*,#1408,.F.);
#1410 = ORIENTED_EDGE('',*,*,#1386,.T.);
#1411 = DIRECTION('',(1.,0.,0.));
#1412 = VECTOR('',#1411,1.);
#1413 = LINE('',#1366,#1412);
#1414 = EDGE_CURVE('',#1367,#1397,#1413,.T.);
#1415 = ORIENTED_EDGE('',*,*,#1414,.T.);
#1416 = CARTESIAN_POINT('',(0.315,0.315,0.5499999999999998));
#1417 = DIRECTION('',(0.,1.,0.));
#1418 = DIRECTION('',(0.,0.,-1.));
#1419 = AXIS2_PLACEMENT_3D('',#1416,#1417,#1418);
#1420 = PLANE('',#1419);
#1421 = EDGE_LOOP('',(#1404,#1409,#1410,#1415));
#1422 = FACE_OUTER_BOUND('',#1421,.T.);
#1423 = ADVANCED_FACE('',(#1422),#1420,.T.);
#1424 = CARTESIAN_POINT('',(-0.175,0.175,0.8999999999999999));
#1425 = VERTEX_POINT('',#1424);
#1426 = CARTESIAN_POINT('',(-0.175,-0.175,0.8999999999999999));
#1427 = VERTEX_POINT('',#1426);
#1428 = DIRECTION('',(-0.3481553119113956,0.3481553119113956,-0.8703882797784892));
#1429 = VECTOR('',#1428,1.);
#1430 = LINE('',#1424,#1429);
#1431 = EDGE_CURVE('',#1425,#1367,#1430,.T.);
#1432 = ORIENTED_EDGE('',*,*,#1431,.T.);
#1433 = ORIENTED_EDGE('',*,*,#1381,.F.);
#1434 = DIRECTION('',(-0.3481553119113956,-0.3481553119113956,-0.8703882797784892));
#1435 = VECTOR('',#1434,1.);
#1436 = LINE('',#1426,#1435);
#1437 = EDGE_CURVE('',#1427,#1365,#1436,.T.);
#1438 = ORIENTED_EDGE('',*,*,#1437,.F.);
#1439 = DIRECTION('',(0.,1.,0.));
#1440 = VECTOR('',#1439,1.);
#1441 = LINE('',#1426,#1440);
#1442 = EDGE_CURVE('',#1427,#1425,#1441,.T.);
#1443 = ORIENTED_EDGE('',*,*,#1442,.T.);
#1444 = CARTESIAN_POINT('',(-0.175,0.175,0.8999999999999999));
#1445 = DIRECTION('',(-0.9284766908852594,0.,0.3713906763541037));
#1446 = DIRECTION('',(-0.3481553119113956,0.3481553119113956,-0.8703882797784892));
#1447 = AXIS2_PLACEMENT_3D('',#1444,#1445,#1446);
#1448 = PLANE('',#1447);
#1449 = EDGE_LOOP('',(#1432,#1433,#1438,#1443));
#1450 = FACE_OUTER_BOUND('',#1449,.T.);
#1451 = ADVANCED_FACE('',(#1450),#1448,.T.);
#1452 = CARTESIAN_POINT('',(0.315,-0.315,-2.1500000000000004));
#1453 = VERTEX_POINT('',#1452);
#1454 = CARTESIAN_POINT('',(0.315,-0.315,0.5499999999999998));
#1455 = VERTEX_POINT('',#1454);
#1456 = DIRECTION('',(0.,1.,0.));
#1457 = VECTOR('',#1456,1.);
#1458 = LINE('',#1452,#1457);
#1459 = EDGE_CURVE('',#1453,#1399,#1458,.T.);
#1460 = ORIENTED_EDGE('',*,*,#1459,.T.);
#1461 = ORIENTED_EDGE('',*,*,#1403,.T.);
#1462 = DIRECTION('',(0.,1.,0.));
#1463 = VECTOR('',#1462,1.);
#1464 = LINE('',#1454,#1463);
#1465 = EDGE_CURVE('',#1455,#1397,#1464,.T.);
#1466 = ORIENTED_EDGE('',*,*,#1465,.F.);
#1467 = DIRECTION('',(0.,0.,1.));
#1468 = VECTOR('',#1467,1.);
#1469 = LINE('',#1452,#1468);
#1470 = EDGE_CURVE('',#1453,#1455,#1469,.T.);
#1471 = ORIENTED_EDGE('',*,*,#1470,.F.);
#1472 = CARTESIAN_POINT('',(0.315,-0.315,-2.1500000000000004));
#1473 = DIRECTION('',(1.,0.,0.));
#1474 = DIRECTION('',(0.,1.,0.));
#1475 = AXIS2_PLACEMENT_3D('',#1472,#1473,#1474);
#1476 = PLANE('',#1475);
#1477 = EDGE_LOOP('',(#1460,#1461,#1466,#1471));
#1478 = FACE_OUTER_BOUND('',#1477,.T.);
#1479 = ADVANCED_FACE('',(#1478),#1476,.T.);
#1480 = ORIENTED_EDGE('',*,*,#1470,.T.);
#1481 = DIRECTION('',(1.,0.,0.));
#1482 = VECTOR('',#1481,1.);
#1483 = LINE('',#1364,#1482);
#1484 = EDGE_CURVE('',#1365,#1455,#1483,.T.);
#1485 = ORIENTED_EDGE('',*,*,#1484,.F.);
#1486 = ORIENTED_EDGE('',*,*,#1376,.F.);
#1487 = DIRECTION('',(1.,0.,0.));
#1488 = VECTOR('',#1487,1.);
#1489 = LINE('',#1362,#1488);
#1490 = EDGE_CURVE('',#1363,#1453,#1489,.T.);
#1491 = ORIENTED_EDGE('',*,*,#1490,.T.);
#1492 = CARTESIAN_POINT('',(0.315,-0.315,-2.1500000000000004));
#1493 = DIRECTION('',(0.,-1.,0.));
#1494 = DIRECTION('',(0.,0.,1.));
#1495 = AXIS2_PLACEMENT_3D('',#1492,#1493,#1494);
#1496 = PLANE('',#1495);
#1497 = EDGE_LOOP('',(#1480,#1485,#1486,#1491));
#1498 = FACE_OUTER_BOUND('',#1497,.T.);
#1499 = ADVANCED_FACE('',(#1498),#1496,.T.);
#1500 = ORIENTED_EDGE('',*,*,#1490,.F.);
#1501 = ORIENTED_EDGE('',*,*,#1371,.T.);
#1502 = ORIENTED_EDGE('',*,*,#1408,.T.);
#1503 = ORIENTED_EDGE('',*,*,#1459,.F.);
#1504 = CARTESIAN_POINT('',(0.315,-0.315,-2.1500000000000004));
#1505 = DIRECTION('',(0.,0.,-1.));
#1506 = DIRECTION('',(-1.,0.,0.));
#1507 = AXIS2_PLACEMENT_3D('',#1504,#1505,#1506);
#1508 = PLANE('',#1507);
#1509 = EDGE_LOOP('',(#1500,#1501,#1502,#1503));
#1510 = FACE_OUTER_BOUND('',#1509,.T.);
#1511 = ADVANCED_FACE('',(#1510),#1508,.T.);
#1512 = CARTESIAN_POINT('',(0.175,0.175,0.8999999999999999));
#1513 = VERTEX_POINT('',#1512);
#1514 = DIRECTION('',(0.3481553119113956,0.3481553119113956,-0.8703882797784892));
#1515 = VECTOR('',#1514,1.);
#1516 = LINE('',#1512,#1515);
#1517 = EDGE_CURVE('',#1513,#1397,#1516,.T.);
#1518 = ORIENTED_EDGE('',*,*,#1517,.T.);
#1519 = ORIENTED_EDGE('',*,*,#1414,.F.);
#1520 = ORIENTED_EDGE('',*,*,#1431,.F.);
#1521 = DIRECTION('',(1.,0.,0.));
#1522 = VECTOR('',#1521,1.);
#1523 = LINE('',#1424,#1522);
#1524 = EDGE_CURVE('',#1425,#1513,#1523,.T.);
#1525 = ORIENTED_EDGE('',*,*,#1524,.T.);
#1526 = CARTESIAN_POINT('',(0.175,0.175,0.8999999999999999));
#1527 = DIRECTION('',(0.,0.9284766908852591,0.37139067635410367));
#1528 = DIRECTION('',(0.3481553119113956,0.3481553119113956,-0.8703882797784892));
#1529 = AXIS2_PLACEMENT_3D('',#1526,#1527,#1528);
#1530 = PLANE('',#1529);
#1531 = EDGE_LOOP('',(#1518,#1519,#1520,#1525));
#1532 = FACE_OUTER_BOUND('',#1531,.T.);
#1533 = ADVANCED_FACE('',(#1532),#1530,.T.);
#1534 = CARTESIAN_POINT('',(0.175,-0.175,0.8999999999999999));
#1535 = VERTEX_POINT('',#1534);
#1536 = DIRECTION('',(0.3481553119113956,-0.3481553119113956,-0.8703882797784892));
#1537 = VECTOR('',#1536,1.);
#1538 = LINE('',#1534,#1537);
#1539 = EDGE_CURVE('',#1535,#1455,#1538,.T.);
#1540 = ORIENTED_EDGE('',*,*,#1539,.T.);
#1541 = ORIENTED_EDGE('',*,*,#1465,.T.);
#1542 = ORIENTED_EDGE('',*,*,#1517,.F.);
#1543 = DIRECTION('',(0.,1.,0.));
#1544 = VECTOR('',#1543,1.);
#1545 = LINE('',#1534,#1544);
#1546 = EDGE_CURVE('',#1535,#1513,#1545,.T.);
#1547 = ORIENTED_EDGE('',*,*,#1546,.F.);
#1548 = CARTESIAN_POINT('',(0.175,-0.175,0.8999999999999999));
#1549 = DIRECTION('',(0.9284766908852594,0.,0.3713906763541037));
#1550 = DIRECTION('',(0.3481553119113956,-0.3481553119113956,-0.8703882797784892));
#1551 = AXIS2_PLACEMENT_3D('',#1548,#1549,#1550);
#1552 = PLANE('',#1551);
#1553 = EDGE_LOOP('',(#1540,#1541,#1542,#1547));
#1554 = FACE_OUTER_BOUND('',#1553,.T.);
#1555 = ADVANCED_FACE('',(#1554),#1552,.T.);
#1556 = ORIENTED_EDGE('',*,*,#1546,.T.);
#1557 = ORIENTED_EDGE('',*,*,#1524,.F.);
#1558 = ORIENTED_EDGE('',*,*,#1442,.F.);
#1559 = DIRECTION('',(1.,0.,0.));
#1560 = VECTOR('',#1559,1.);
#1561 = LINE('',#1426,#1560);
#1562 = EDGE_CURVE('',#1427,#1535,#1561,.T.);
#1563 = ORIENTED_EDGE('',*,*,#1562,.T.);
#1564 = CARTESIAN_POINT('',(0.175,-0.175,0.8999999999999999));
#1565 = DIRECTION('',(0.,0.,1.));
#1566 = DIRECTION('',(0.,1.,0.));
#1567 = AXIS2_PLACEMENT_3D('',#1564,#1565,#1566);
#1568 = PLANE('',#1567);
#1569 = EDGE_LOOP('',(#1556,#1557,#1558,#1563));
#1570 = FACE_OUTER_BOUND('',#1569,.T.);
#1571 = ADVANCED_FACE('',(#1570),#1568,.T.);
#1572 = ORIENTED_EDGE('',*,*,#1562,.F.);
#1573 = ORIENTED_EDGE('',*,*,#1437,.T.);
#1574 = ORIENTED_EDGE('',*,*,#1484,.T.);
#1575 = ORIENTED_EDGE('',*,*,#1539,.F.);
#1576 = CARTESIAN_POINT('',(0.175,-0.175,0.8999999999999999));
#1577 = DIRECTION('',(0.,-0.9284766908852591,0.37139067635410367));
#1578 = DIRECTION('',(-1.,0.,0.));
#1579 = AXIS2_PLACEMENT_3D('',#1576,#1577,#1578);
#1580 = PLANE('',#1579);
#1581 = EDGE_LOOP('',(#1572,#1573,#1574,#1575));
#1582 = FACE_OUTER_BOUND('',#1581,.T.);
#1583 = ADVANCED_FACE('',(#1582),#1580,.T.);
#1584 = CLOSED_SHELL('',(#1395,#1423,#1451,#1479,#1499,#1511,#1533,#1555,#1571,#1583));
#1585 = MANIFOLD_SOLID_BREP('',#1584);
#1586 = CARTESIAN_POINT('',(0.315,0.315,-3.6000000000000005));
#1587 = VERTEX_POINT('',#1586);
#1588 = CARTESIAN_POINT('',(0.315,0.315,-9.));
#1589 = VERTEX_POINT('',#1588);
#1590 = CARTESIAN_POINT('',(-0.315,0.315,-9.));
#1591 = VERTEX_POINT('',#1590);
#1592 = CARTESIAN_POINT('',(-0.315,0.315,-3.6000000000000005));
#1593 = VERTEX_POINT('',#1592);
#1594 = DIRECTION('',(0.,0.,-1.));
#1595 = VECTOR('',#1594,1.);
#1596 = LINE('',#1586,#1595);
#1597 = EDGE_CURVE('',#1587,#1589,#1596,.T.);
#1598 = ORIENTED_EDGE('',*,*,#1597,.T.);
#1599 = DIRECTION('',(1.,0.,0.));
#1600 = VECTOR('',#1599,1.);
#1601 = LINE('',#1590,#1600);
#1602 = EDGE_CURVE('',#1591,#1589,#1601,.T.);
#1603 = ORIENTED_EDGE('',*,*,#1602,.F.);
#1604 = DIRECTION('',(0.,0.,-1.));
#1605 = VECTOR('',#1604,1.);
#1606 = LINE('',#1592,#1605);
#1607 = EDGE_CURVE('',#1593,#1591,#1606,.T.);
#1608 = ORIENTED_EDGE('',*,*,#1607,.F.);
#1609 = DIRECTION('',(1.,0.,0.));
#1610 = VECTOR('',#1609,1.);
#1611 = LINE('',#1592,#1610);
#1612 = EDGE_CURVE('',#1593,#1587,#1611,.T.);
#1613 = ORIENTED_EDGE('',*,*,#1612,.T.);
#1614 = CARTESIAN_POINT('',(0.315,0.315,-3.6000000000000005));
#1615 = DIRECTION('',(0.,1.,0.));
#1616 = DIRECTION('',(0.,0.,-1.));
#1617 = AXIS2_PLACEMENT_3D('',#1614,#1615,#1616);
#1618 = PLANE('',#1617);
#1619 = EDGE_LOOP('',(#1598,#1603,#1608,#1613));
#1620 = FACE_OUTER_BOUND('',#1619,.T.);
#1621 = ADVANCED_FACE('',(#1620),#1618,.T.);
#1622 = CARTESIAN_POINT('',(-0.315,-0.315,-9.));
#1623 = VERTEX_POINT('',#1622);
#1624 = CARTESIAN_POINT('',(-0.315,-0.315,-3.6000000000000005));
#1625 = VERTEX_POINT('',#1624);
#1626 = DIRECTION('',(0.,0.,-1.));
#1627 = VECTOR('',#1626,1.);
#1628 = LINE('',#1624,#1627);
#1629 = EDGE_CURVE('',#1625,#1623,#1628,.T.);
#1630 = ORIENTED_EDGE('',*,*,#1629,.F.);
#1631 = DIRECTION('',(0.,1.,0.));
#1632 = VECTOR('',#1631,1.);
#1633 = LINE('',#1624,#1632);
#1634 = EDGE_CURVE('',#1625,#1593,#1633,.T.);
#1635 = ORIENTED_EDGE('',*,*,#1634,.T.);
#1636 = ORIENTED_EDGE('',*,*,#1607,.T.);
#1637 = DIRECTION('',(0.,1.,0.));
#1638 = VECTOR('',#1637,1.);
#1639 = LINE('',#1622,#1638);
#1640 = EDGE_CURVE('',#1623,#1591,#1639,.T.);
#1641 = ORIENTED_EDGE('',*,*,#1640,.F.);
#1642 = CARTESIAN_POINT('',(-0.315,-0.315,-9.));
#1643 = DIRECTION('',(-1.,0.,0.));
#1644 = DIRECTION('',(0.,0.,1.));
#1645 = AXIS2_PLACEMENT_3D('',#1642,#1643,#1644);
#1646 = PLANE('',#1645);
#1647 = EDGE_LOOP('',(#1630,#1635,#1636,#1641));
#1648 = FACE_OUTER_BOUND('',#1647,.T.);
#1649 = ADVANCED_FACE('',(#1648),#1646,.T.);
#1650 = CARTESIAN_POINT('',(-0.175,0.175,-9.6));
#1651 = VERTEX_POINT('',#1650);
#1652 = CARTESIAN_POINT('',(-0.175,-0.175,-9.6));
#1653 = VERTEX_POINT('',#1652);
#1654 = ORIENTED_EDGE('',*,*,#1640,.T.);
#1655 = DIRECTION('',(-0.22158112824152157,0.22158112824152157,0.9496334067493776));
#1656 = VECTOR('',#1655,1.);
#1657 = LINE('',#1650,#1656);
#1658 = EDGE_CURVE('',#1651,#1591,#1657,.T.);
#1659 = ORIENTED_EDGE('',*,*,#1658,.F.);
#1660 = DIRECTION('',(0.,1.,0.));
#1661 = VECTOR('',#1660,1.);
#1662 = LINE('',#1652,#1661);
#1663 = EDGE_CURVE('',#1653,#1651,#1662,.T.);
#1664 = ORIENTED_EDGE('',*,*,#1663,.F.);
#1665 = DIRECTION('',(-0.22158112824152157,-0.22158112824152157,0.9496334067493776));
#1666 = VECTOR('',#1665,1.);
#1667 = LINE('',#1652,#1666);
#1668 = EDGE_CURVE('',#1653,#1623,#1667,.T.);
#1669 = ORIENTED_EDGE('',*,*,#1668,.T.);
#1670 = CARTESIAN_POINT('',(-0.315,-0.315,-9.));
#1671 = DIRECTION('',(-0.9738412097417934,0.,-0.22722961560641794));
#1672 = DIRECTION('',(0.,1.,0.));
#1673 = AXIS2_PLACEMENT_3D('',#1670,#1671,#1672);
#1674 = PLANE('',#1673);
#1675 = EDGE_LOOP('',(#1654,#1659,#1664,#1669));
#1676 = FACE_OUTER_BOUND('',#1675,.T.);
#1677 = ADVANCED_FACE('',(#1676),#1674,.T.);
#1678 = CARTESIAN_POINT('',(0.175,0.175,-9.6));
#1679 = VERTEX_POINT('',#1678);
#1680 = DIRECTION('',(1.,0.,0.));
#1681 = VECTOR('',#1680,1.);
#1682 = LINE('',#1650,#1681);
#1683 = EDGE_CURVE('',#1651,#1679,#1682,.T.);
#1684 = ORIENTED_EDGE('',*,*,#1683,.F.);
#1685 = ORIENTED_EDGE('',*,*,#1658,.T.);
#1686 = ORIENTED_EDGE('',*,*,#1602,.T.);
#1687 = DIRECTION('',(0.22158112824152157,0.22158112824152157,0.9496334067493776));
#1688 = VECTOR('',#1687,1.);
#1689 = LINE('',#1678,#1688);
#1690 = EDGE_CURVE('',#1679,#1589,#1689,.T.);
#1691 = ORIENTED_EDGE('',*,*,#1690,.F.);
#1692 = CARTESIAN_POINT('',(0.175,0.175,-9.6));
#1693 = DIRECTION('',(0.,0.9738412097417931,-0.2272296156064186));
#1694 = DIRECTION('',(-1.,0.,0.));
#1695 = AXIS2_PLACEMENT_3D('',#1692,#1693,#1694);
#1696 = PLANE('',#1695);
#1697 = EDGE_LOOP('',(#1684,#1685,#1686,#1691));
#1698 = FACE_OUTER_BOUND('',#1697,.T.);
#1699 = ADVANCED_FACE('',(#1698),#1696,.T.);
#1700 = CARTESIAN_POINT('',(0.315,-0.315,-3.6000000000000005));
#1701 = VERTEX_POINT('',#1700);
#1702 = DIRECTION('',(0.,1.,0.));
#1703 = VECTOR('',#1702,1.);
#1704 = LINE('',#1700,#1703);
#1705 = EDGE_CURVE('',#1701,#1587,#1704,.T.);
#1706 = ORIENTED_EDGE('',*,*,#1705,.T.);
#1707 = ORIENTED_EDGE('',*,*,#1612,.F.);
#1708 = ORIENTED_EDGE('',*,*,#1634,.F.);
#1709 = DIRECTION('',(1.,0.,0.));
#1710 = VECTOR('',#1709,1.);
#1711 = LINE('',#1624,#1710);
#1712 = EDGE_CURVE('',#1625,#1701,#1711,.T.);
#1713 = ORIENTED_EDGE('',*,*,#1712,.T.);
#1714 = CARTESIAN_POINT('',(0.315,-0.315,-3.6000000000000005));
#1715 = DIRECTION('',(0.,0.,1.));
#1716 = DIRECTION('',(0.,1.,0.));
#1717 = AXIS2_PLACEMENT_3D('',#1714,#1715,#1716);
#1718 = PLANE('',#1717);
#1719 = EDGE_LOOP('',(#1706,#1707,#1708,#1713));
#1720 = FACE_OUTER_BOUND('',#1719,.T.);
#1721 = ADVANCED_FACE('',(#1720),#1718,.T.);
#1722 = CARTESIAN_POINT('',(0.315,-0.315,-9.));
#1723 = VERTEX_POINT('',#1722);
#1724 = DIRECTION('',(0.,1.,0.));
#1725 = VECTOR('',#1724,1.);
#1726 = LINE('',#1722,#1725);
#1727 = EDGE_CURVE('',#1723,#1589,#1726,.T.);
#1728 = ORIENTED_EDGE('',*,*,#1727,.T.);
#1729 = ORIENTED_EDGE('',*,*,#1597,.F.);
#1730 = ORIENTED_EDGE('',*,*,#1705,.F.);
#1731 = DIRECTION('',(0.,0.,-1.));
#1732 = VECTOR('',#1731,1.);
#1733 = LINE('',#1700,#1732);
#1734 = EDGE_CURVE('',#1701,#1723,#1733,.T.);
#1735 = ORIENTED_EDGE('',*,*,#1734,.T.);
#1736 = CARTESIAN_POINT('',(0.315,-0.315,-9.));
#1737 = DIRECTION('',(1.,0.,0.));
#1738 = DIRECTION('',(0.,1.,0.));
#1739 = AXIS2_PLACEMENT_3D('',#1736,#1737,#1738);
#1740 = PLANE('',#1739);
#1741 = EDGE_LOOP('',(#1728,#1729,#1730,#1735));
#1742 = FACE_OUTER_BOUND('',#1741,.T.);
#1743 = ADVANCED_FACE('',(#1742),#1740,.T.);
#1744 = ORIENTED_EDGE('',*,*,#1734,.F.);
#1745 = ORIENTED_EDGE('',*,*,#1712,.F.);
#1746 = ORIENTED_EDGE('',*,*,#1629,.T.);
#1747 = DIRECTION('',(1.,0.,0.));
#1748 = VECTOR('',#1747,1.);
#1749 = LINE('',#1622,#1748);
#1750 = EDGE_CURVE('',#1623,#1723,#1749,.T.);
#1751 = ORIENTED_EDGE('',*,*,#1750,.T.);
#1752 = CARTESIAN_POINT('',(0.315,-0.315,-9.));
#1753 = DIRECTION('',(0.,-1.,0.));
#1754 = DIRECTION('',(0.,0.,1.));
#1755 = AXIS2_PLACEMENT_3D('',#1752,#1753,#1754);
#1756 = PLANE('',#1755);
#1757 = EDGE_LOOP('',(#1744,#1745,#1746,#1751));
#1758 = FACE_OUTER_BOUND('',#1757,.T.);
#1759 = ADVANCED_FACE('',(#1758),#1756,.T.);
#1760 = CARTESIAN_POINT('',(0.175,-0.175,-9.6));
#1761 = VERTEX_POINT('',#1760);
#1762 = DIRECTION('',(0.,1.,0.));
#1763 = VECTOR('',#1762,1.);
#1764 = LINE('',#1760,#1763);
#1765 = EDGE_CURVE('',#1761,#1679,#1764,.T.);
#1766 = ORIENTED_EDGE('',*,*,#1765,.T.);
#1767 = ORIENTED_EDGE('',*,*,#1690,.T.);
#1768 = ORIENTED_EDGE('',*,*,#1727,.F.);
#1769 = DIRECTION('',(0.22158112824152157,-0.22158112824152157,0.9496334067493776));
#1770 = VECTOR('',#1769,1.);
#1771 = LINE('',#1760,#1770);
#1772 = EDGE_CURVE('',#1761,#1723,#1771,.T.);
#1773 = ORIENTED_EDGE('',*,*,#1772,.F.);
#1774 = CARTESIAN_POINT('',(0.175,-0.175,-9.6));
#1775 = DIRECTION('',(0.9738412097417933,0.,-0.22722961560641827));
#1776 = DIRECTION('',(0.,1.,0.));
#1777 = AXIS2_PLACEMENT_3D('',#1774,#1775,#1776);
#1778 = PLANE('',#1777);
#1779 = EDGE_LOOP('',(#1766,#1767,#1768,#1773));
#1780 = FACE_OUTER_BOUND('',#1779,.T.);
#1781 = ADVANCED_FACE('',(#1780),#1778,.T.);
#1782 = ORIENTED_EDGE('',*,*,#1772,.T.);
#1783 = ORIENTED_EDGE('',*,*,#1750,.F.);
#1784 = ORIENTED_EDGE('',*,*,#1668,.F.);
#1785 = DIRECTION('',(1.,0.,0.));
#1786 = VECTOR('',#1785,1.);
#1787 = LINE('',#1652,#1786);
#1788 = EDGE_CURVE('',#1653,#1761,#1787,.T.);
#1789 = ORIENTED_EDGE('',*,*,#1788,.T.);
#1790 = CARTESIAN_POINT('',(0.175,-0.175,-9.6));
#1791 = DIRECTION('',(0.,-0.9738412097417931,-0.2272296156064186));
#1792 = DIRECTION('',(0.22158112824152157,-0.22158112824152157,0.9496334067493776));
#1793 = AXIS2_PLACEMENT_3D('',#1790,#1791,#1792);
#1794 = PLANE('',#1793);
#1795 = EDGE_LOOP('',(#1782,#1783,#1784,#1789));
#1796 = FACE_OUTER_BOUND('',#1795,.T.);
#1797 = ADVANCED_FACE('',(#1796),#1794,.T.);
#1798 = ORIENTED_EDGE('',*,*,#1788,.F.);
#1799 = ORIENTED_EDGE('',*,*,#1663,.T.);
#1800 = ORIENTED_EDGE('',*,*,#1683,.T.);
#1801 = ORIENTED_EDGE('',*,*,#1765,.F.);
#1802 = CARTESIAN_POINT('',(0.175,-0.175,-9.6));
#1803 = DIRECTION('',(0.,0.,-1.));
#1804 = DIRECTION('',(-1.,0.,0.));
#1805 = AXIS2_PLACEMENT_3D('',#1802,#1803,#1804);
#1806 = PLANE('',#1805);
#1807 = EDGE_LOOP('',(#1798,#1799,#1800,#1801));
#1808 = FACE_OUTER_BOUND('',#1807,.T.);
#1809 = ADVANCED_FACE('',(#1808),#1806,.T.);
#1810 = CLOSED_SHELL('',(#1621,#1649,#1677,#1699,#1721,#1743,#1759,#1781,#1797,#1809));
#1811 = MANIFOLD_SOLID_BREP('',#1810);
#1812 = CARTESIAN_POINT('',(1.27,-1.27,-3.6));
#1813 = VERTEX_POINT('',#1812);
#1814 = CARTESIAN_POINT('',(1.27,-1.27,-1.6));
#1815 = VERTEX_POINT('',#1814);
#1816 = CARTESIAN_POINT('',(1.27,1.27,-1.6));
#1817 = VERTEX_POINT('',#1816);
#1818 = CARTESIAN_POINT('',(1.27,1.27,-3.6));
#1819 = VERTEX_POINT('',#1818);
#1820 = DIRECTION('',(0.,0.,-1.));
#1821 = VECTOR('',#1820,1.);
#1822 = LINE('',#1814,#1821);
#1823 = EDGE_CURVE('',#1815,#1813,#1822,.T.);
#1824 = ORIENTED_EDGE('',*,*,#1823,.F.);
#1825 = DIRECTION('',(0.,1.,0.));
#1826 = VECTOR('',#1825,1.);
#1827 = LINE('',#1814,#1826);
#1828 = EDGE_CURVE('',#1815,#1817,#1827,.T.);
#1829 = ORIENTED_EDGE('',*,*,#1828,.T.);
#1830 = DIRECTION('',(0.,0.,-1.));
#1831 = VECTOR('',#1830,1.);
#1832 = LINE('',#1816,#1831);
#1833 = EDGE_CURVE('',#1817,#1819,#1832,.T.);
#1834 = ORIENTED_EDGE('',*,*,#1833,.T.);
#1835 = DIRECTION('',(0.,1.,0.));
#1836 = VECTOR('',#1835,1.);
#1837 = LINE('',#1812,#1836);
#1838 = EDGE_CURVE('',#1813,#1819,#1837,.T.);
#1839 = ORIENTED_EDGE('',*,*,#1838,.F.);
#1840 = CARTESIAN_POINT('',(1.27,-1.27,-3.6));
#1841 = DIRECTION('',(-1.,0.,0.));
#1842 = DIRECTION('',(0.,0.,1.));
#1843 = AXIS2_PLACEMENT_3D('',#1840,#1841,#1842);
#1844 = PLANE('',#1843);
#1845 = EDGE_LOOP('',(#1824,#1829,#1834,#1839));
#1846 = FACE_OUTER_BOUND('',#1845,.T.);
#1847 = ADVANCED_FACE('',(#1846),#1844,.T.);
#1848 = CARTESIAN_POINT('',(3.81,-1.27,-3.6));
#1849 = VERTEX_POINT('',#1848);
#1850 = CARTESIAN_POINT('',(3.81,1.27,-3.6));
#1851 = VERTEX_POINT('',#1850);
#1852 = CARTESIAN_POINT('',(3.81,1.27,-1.6));
#1853 = VERTEX_POINT('',#1852);
#1854 = CARTESIAN_POINT('',(3.81,-1.27,-1.6));
#1855 = VERTEX_POINT('',#1854);
#1856 = DIRECTION('',(0.,1.,0.));
#1857 = VECTOR('',#1856,1.);
#1858 = LINE('',#1848,#1857);
#1859 = EDGE_CURVE('',#1849,#1851,#1858,.T.);
#1860 = ORIENTED_EDGE('',*,*,#1859,.T.);
#1861 = DIRECTION('',(0.,0.,-1.));
#1862 = VECTOR('',#1861,1.);
#1863 = LINE('',#1852,#1862);
#1864 = EDGE_CURVE('',#1853,#1851,#1863,.T.);
#1865 = ORIENTED_EDGE('',*,*,#1864,.F.);
#1866 = DIRECTION('',(0.,1.,0.));
#1867 = VECTOR('',#1866,1.);
#1868 = LINE('',#1854,#1867);
#1869 = EDGE_CURVE('',#1855,#1853,#1868,.T.);
#1870 = ORIENTED_EDGE('',*,*,#1869,.F.);
#1871 = DIRECTION('',(0.,0.,-1.));
#1872 = VECTOR('',#1871,1.);
#1873 = LINE('',#1854,#1872);
#1874 = EDGE_CURVE('',#1855,#1849,#1873,.T.);
#1875 = ORIENTED_EDGE('',*,*,#1874,.T.);
#1876 = CARTESIAN_POINT('',(3.81,-1.27,-3.6));
#1877 = DIRECTION('',(1.,0.,0.));
#1878 = DIRECTION('',(0.,1.,0.));
#1879 = AXIS2_PLACEMENT_3D('',#1876,#1877,#1878);
#1880 = PLANE('',#1879);
#1881 = EDGE_LOOP('',(#1860,#1865,#1870,#1875));
#1882 = FACE_OUTER_BOUND('',#1881,.T.);
#1883 = ADVANCED_FACE('',(#1882),#1880,.T.);
#1884 = DIRECTION('',(1.,0.,0.));
#1885 = VECTOR('',#1884,1.);
#1886 = LINE('',#1812,#1885);
#1887 = EDGE_CURVE('',#1813,#1849,#1886,.T.);
#1888 = ORIENTED_EDGE('',*,*,#1887,.T.);
#1889 = ORIENTED_EDGE('',*,*,#1874,.F.);
#1890 = DIRECTION('',(1.,0.,0.));
#1891 = VECTOR('',#1890,1.);
#1892 = LINE('',#1814,#1891);
#1893 = EDGE_CURVE('',#1815,#1855,#1892,.T.);
#1894 = ORIENTED_EDGE('',*,*,#1893,.F.);
#1895 = ORIENTED_EDGE('',*,*,#1823,.T.);
#1896 = CARTESIAN_POINT('',(1.27,-1.27,-3.6));
#1897 = DIRECTION('',(0.,-1.,0.));
#1898 = DIRECTION('',(1.,0.,0.));
#1899 = AXIS2_PLACEMENT_3D('',#1896,#1897,#1898);
#1900 = PLANE('',#1899);
#1901 = EDGE_LOOP('',(#1888,#1889,#1894,#1895));
#1902 = FACE_OUTER_BOUND('',#1901,.T.);
#1903 = ADVANCED_FACE('',(#1902),#1900,.T.);
#1904 = ORIENTED_EDGE('',*,*,#1833,.F.);
#1905 = DIRECTION('',(1.,0.,0.));
#1906 = VECTOR('',#1905,1.);
#1907 = LINE('',#1816,#1906);
#1908 = EDGE_CURVE('',#1817,#1853,#1907,.T.);
#1909 = ORIENTED_EDGE('',*,*,#1908,.T.);
#1910 = ORIENTED_EDGE('',*,*,#1864,.T.);
#1911 = DIRECTION('',(1.,0.,0.));
#1912 = VECTOR('',#1911,1.);
#1913 = LINE('',#1818,#1912);
#1914 = EDGE_CURVE('',#1819,#1851,#1913,.T.);
#1915 = ORIENTED_EDGE('',*,*,#1914,.F.);
#1916 = CARTESIAN_POINT('',(1.27,1.27,-3.6));
#1917 = DIRECTION('',(0.,1.,0.));
#1918 = DIRECTION('',(0.,0.,1.));
#1919 = AXIS2_PLACEMENT_3D('',#1916,#1917,#1918);
#1920 = PLANE('',#1919);
#1921 = EDGE_LOOP('',(#1904,#1909,#1910,#1915));
#1922 = FACE_OUTER_BOUND('',#1921,.T.);
#1923 = ADVANCED_FACE('',(#1922),#1920,.T.);
#1924 = ORIENTED_EDGE('',*,*,#1838,.T.);
#1925 = ORIENTED_EDGE('',*,*,#1914,.T.);
#1926 = ORIENTED_EDGE('',*,*,#1859,.F.);
#1927 = ORIENTED_EDGE('',*,*,#1887,.F.);
#1928 = CARTESIAN_POINT('',(1.27,-1.27,-3.6));
#1929 = DIRECTION('',(0.,0.,-1.));
#1930 = DIRECTION('',(0.,1.,0.));
#1931 = AXIS2_PLACEMENT_3D('',#1928,#1929,#1930);
#1932 = PLANE('',#1931);
#1933 = EDGE_LOOP('',(#1924,#1925,#1926,#1927));
#1934 = FACE_OUTER_BOUND('',#1933,.T.);
#1935 = ADVANCED_FACE('',(#1934),#1932,.T.);
#1936 = ORIENTED_EDGE('',*,*,#1893,.T.);
#1937 = ORIENTED_EDGE('',*,*,#1869,.T.);
#1938 = ORIENTED_EDGE('',*,*,#1908,.F.);
#1939 = ORIENTED_EDGE('',*,*,#1828,.F.);
#1940 = CARTESIAN_POINT('',(1.27,-1.27,-1.6));
#1941 = DIRECTION('',(0.,0.,1.));
#1942 = DIRECTION('',(1.,0.,0.));
#1943 = AXIS2_PLACEMENT_3D('',#1940,#1941,#1942);
#1944 = PLANE('',#1943);
#1945 = EDGE_LOOP('',(#1936,#1937,#1938,#1939));
#1946 = FACE_OUTER_BOUND('',#1945,.T.);
#1947 = ADVANCED_FACE('',(#1946),#1944,.T.);
#1948 = CLOSED_SHELL('',(#1847,#1883,#1903,#1923,#1935,#1947));
#1949 = MANIFOLD_SOLID_BREP('',#1948);
#1950 = COLOUR_RGB('',0.13333333333333333,0.13333333333333333,0.13333333333333333);
#1951 = FILL_AREA_STYLE_COLOUR('',#1950);
#1952 = FILL_AREA_STYLE('',(#1951));
#1953 = SURFACE_STYLE_FILL_AREA(#1952);
#1954 = SURFACE_SIDE_STYLE('',(#1953));
#1955 = SURFACE_STYLE_USAGE(.BOTH.,#1954);
#1956 = PRESENTATION_STYLE_ASSIGNMENT((#1955));
#1957 = STYLED_ITEM('',(#1956),#1949);
#1958 = CARTESIAN_POINT('',(2.225,0.315,-2.1500000000000004));
#1959 = VERTEX_POINT('',#1958);
#1960 = CARTESIAN_POINT('',(2.225,-0.315,-2.1500000000000004));
#1961 = VERTEX_POINT('',#1960);
#1962 = CARTESIAN_POINT('',(2.225,-0.315,0.5499999999999998));
#1963 = VERTEX_POINT('',#1962);
#1964 = CARTESIAN_POINT('',(2.225,0.315,0.5499999999999998));
#1965 = VERTEX_POINT('',#1964);
#1966 = DIRECTION('',(0.,1.,0.));
#1967 = VECTOR('',#1966,1.);
#1968 = LINE('',#1960,#1967);
#1969 = EDGE_CURVE('',#1961,#1959,#1968,.T.);
#1970 = ORIENTED_EDGE('',*,*,#1969,.F.);
#1971 = DIRECTION('',(0.,0.,1.));
#1972 = VECTOR('',#1971,1.);
#1973 = LINE('',#1960,#1972);
#1974 = EDGE_CURVE('',#1961,#1963,#1973,.T.);
#1975 = ORIENTED_EDGE('',*,*,#1974,.T.);
#1976 = DIRECTION('',(0.,1.,0.));
#1977 = VECTOR('',#1976,1.);
#1978 = LINE('',#1962,#1977);
#1979 = EDGE_CURVE('',#1963,#1965,#1978,.T.);
#1980 = ORIENTED_EDGE('',*,*,#1979,.T.);
#1981 = DIRECTION('',(0.,0.,1.));
#1982 = VECTOR('',#1981,1.);
#1983 = LINE('',#1958,#1982);
#1984 = EDGE_CURVE('',#1959,#1965,#1983,.T.);
#1985 = ORIENTED_EDGE('',*,*,#1984,.F.);
#1986 = CARTESIAN_POINT('',(2.225,0.315,-2.1500000000000004));
#1987 = DIRECTION('',(-1.,0.,0.));
#1988 = DIRECTION('',(0.,-1.,0.));
#1989 = AXIS2_PLACEMENT_3D('',#1986,#1987,#1988);
#1990 = PLANE('',#1989);
#1991 = EDGE_LOOP('',(#1970,#1975,#1980,#1985));
#1992 = FACE_OUTER_BOUND('',#1991,.T.);
#1993 = ADVANCED_FACE('',(#1992),#1990,.T.);
#1994 = CARTESIAN_POINT('',(2.855,0.315,0.5499999999999998));
#1995 = VERTEX_POINT('',#1994);
#1996 = CARTESIAN_POINT('',(2.855,0.315,-2.1500000000000004));
#1997 = VERTEX_POINT('',#1996);
#1998 = DIRECTION('',(0.,0.,1.));
#1999 = VECTOR('',#1998,1.);
#2000 = LINE('',#1996,#1999);
#2001 = EDGE_CURVE('',#1997,#1995,#2000,.T.);
#2002 = ORIENTED_EDGE('',*,*,#2001,.F.);
#2003 = DIRECTION('',(1.,0.,0.));
#2004 = VECTOR('',#2003,1.);
#2005 = LINE('',#1958,#2004);
#2006 = EDGE_CURVE('',#1959,#1997,#2005,.T.);
#2007 = ORIENTED_EDGE('',*,*,#2006,.F.);
#2008 = ORIENTED_EDGE('',*,*,#1984,.T.);
#2009 = DIRECTION('',(1.,0.,0.));
#2010 = VECTOR('',#2009,1.);
#2011 = LINE('',#1964,#2010);
#2012 = EDGE_CURVE('',#1965,#1995,#2011,.T.);
#2013 = ORIENTED_EDGE('',*,*,#2012,.T.);
#2014 = CARTESIAN_POINT('',(2.855,0.315,0.5499999999999998));
#2015 = DIRECTION('',(0.,1.,0.));
#2016 = DIRECTION('',(0.,0.,-1.));
#2017 = AXIS2_PLACEMENT_3D('',#2014,#2015,#2016);
#2018 = PLANE('',#2017);
#2019 = EDGE_LOOP('',(#2002,#2007,#2008,#2013));
#2020 = FACE_OUTER_BOUND('',#2019,.T.);
#2021 = ADVANCED_FACE('',(#2020),#2018,.T.);
#2022 = CARTESIAN_POINT('',(2.365,0.175,0.8999999999999999));
#2023 = VERTEX_POINT('',#2022);
#2024 = CARTESIAN_POINT('',(2.365,-0.175,0.8999999999999999));
#2025 = VERTEX_POINT('',#2024);
#2026 = DIRECTION('',(0.34815531191139587,-0.3481553119113956,0.8703882797784892));
#2027 = VECTOR('',#2026,1.);
#2028 = LINE('',#1964,#2027);
#2029 = EDGE_CURVE('',#1965,#2023,#2028,.T.);
#2030 = ORIENTED_EDGE('',*,*,#2029,.F.);
#2031 = ORIENTED_EDGE('',*,*,#1979,.F.);
#2032 = DIRECTION('',(0.34815531191139587,0.3481553119113956,0.8703882797784892));
#2033 = VECTOR('',#2032,1.);
#2034 = LINE('',#1962,#2033);
#2035 = EDGE_CURVE('',#1963,#2025,#2034,.T.);
#2036 = ORIENTED_EDGE('',*,*,#2035,.T.);
#2037 = DIRECTION('',(0.,1.,0.));
#2038 = VECTOR('',#2037,1.);
#2039 = LINE('',#2024,#2038);
#2040 = EDGE_CURVE('',#2025,#2023,#2039,.T.);
#2041 = ORIENTED_EDGE('',*,*,#2040,.T.);
#2042 = CARTESIAN_POINT('',(2.365,0.175,0.8999999999999999));
#2043 = DIRECTION('',(-0.9284766908852591,0.,0.3713906763541039));
#2044 = DIRECTION('',(-0.34815531191139587,0.3481553119113956,-0.8703882797784892));
#2045 = AXIS2_PLACEMENT_3D('',#2042,#2043,#2044);
#2046 = PLANE('',#2045);
#2047 = EDGE_LOOP('',(#2030,#2031,#2036,#2041));
#2048 = FACE_OUTER_BOUND('',#2047,.T.);
#2049 = ADVANCED_FACE('',(#2048),#2046,.T.);
#2050 = CARTESIAN_POINT('',(2.855,-0.315,-2.1500000000000004));
#2051 = VERTEX_POINT('',#2050);
#2052 = CARTESIAN_POINT('',(2.855,-0.315,0.5499999999999998));
#2053 = VERTEX_POINT('',#2052);
#2054 = DIRECTION('',(0.,1.,0.));
#2055 = VECTOR('',#2054,1.);
#2056 = LINE('',#2050,#2055);
#2057 = EDGE_CURVE('',#2051,#1997,#2056,.T.);
#2058 = ORIENTED_EDGE('',*,*,#2057,.T.);
#2059 = ORIENTED_EDGE('',*,*,#2001,.T.);
#2060 = DIRECTION('',(0.,1.,0.));
#2061 = VECTOR('',#2060,1.);
#2062 = LINE('',#2052,#2061);
#2063 = EDGE_CURVE('',#2053,#1995,#2062,.T.);
#2064 = ORIENTED_EDGE('',*,*,#2063,.F.);
#2065 = DIRECTION('',(0.,0.,1.));
#2066 = VECTOR('',#2065,1.);
#2067 = LINE('',#2050,#2066);
#2068 = EDGE_CURVE('',#2051,#2053,#2067,.T.);
#2069 = ORIENTED_EDGE('',*,*,#2068,.F.);
#2070 = CARTESIAN_POINT('',(2.855,-0.315,-2.1500000000000004));
#2071 = DIRECTION('',(1.,0.,0.));
#2072 = DIRECTION('',(0.,1.,0.));
#2073 = AXIS2_PLACEMENT_3D('',#2070,#2071,#2072);
#2074 = PLANE('',#2073);
#2075 = EDGE_LOOP('',(#2058,#2059,#2064,#2069));
#2076 = FACE_OUTER_BOUND('',#2075,.T.);
#2077 = ADVANCED_FACE('',(#2076),#2074,.T.);
#2078 = ORIENTED_EDGE('',*,*,#2068,.T.);
#2079 = DIRECTION('',(1.,0.,0.));
#2080 = VECTOR('',#2079,1.);
#2081 = LINE('',#1962,#2080);
#2082 = EDGE_CURVE('',#1963,#2053,#2081,.T.);
#2083 = ORIENTED_EDGE('',*,*,#2082,.F.);
#2084 = ORIENTED_EDGE('',*,*,#1974,.F.);
#2085 = DIRECTION('',(1.,0.,0.));
#2086 = VECTOR('',#2085,1.);
#2087 = LINE('',#1960,#2086);
#2088 = EDGE_CURVE('',#1961,#2051,#2087,.T.);
#2089 = ORIENTED_EDGE('',*,*,#2088,.T.);
#2090 = CARTESIAN_POINT('',(2.855,-0.315,-2.1500000000000004));
#2091 = DIRECTION('',(0.,-1.,0.));
#2092 = DIRECTION('',(0.,0.,1.));
#2093 = AXIS2_PLACEMENT_3D('',#2090,#2091,#2092);
#2094 = PLANE('',#2093);
#2095 = EDGE_LOOP('',(#2078,#2083,#2084,#2089));
#2096 = FACE_OUTER_BOUND('',#2095,.T.);
#2097 = ADVANCED_FACE('',(#2096),#2094,.T.);
#2098 = ORIENTED_EDGE('',*,*,#2088,.F.);
#2099 = ORIENTED_EDGE('',*,*,#1969,.T.);
#2100 = ORIENTED_EDGE('',*,*,#2006,.T.);
#2101 = ORIENTED_EDGE('',*,*,#2057,.F.);
#2102 = CARTESIAN_POINT('',(2.855,-0.315,-2.1500000000000004));
#2103 = DIRECTION('',(0.,0.,-1.));
#2104 = DIRECTION('',(-1.,0.,0.));
#2105 = AXIS2_PLACEMENT_3D('',#2102,#2103,#2104);
#2106 = PLANE('',#2105);
#2107 = EDGE_LOOP('',(#2098,#2099,#2100,#2101));
#2108 = FACE_OUTER_BOUND('',#2107,.T.);
#2109 = ADVANCED_FACE('',(#2108),#2106,.T.);
#2110 = CARTESIAN_POINT('',(2.715,0.175,0.8999999999999999));
#2111 = VERTEX_POINT('',#2110);
#2112 = DIRECTION('',(0.34815531191139587,0.3481553119113956,-0.8703882797784892));
#2113 = VECTOR('',#2112,1.);
#2114 = LINE('',#2110,#2113);
#2115 = EDGE_CURVE('',#2111,#1995,#2114,.T.);
#2116 = ORIENTED_EDGE('',*,*,#2115,.T.);
#2117 = ORIENTED_EDGE('',*,*,#2012,.F.);
#2118 = ORIENTED_EDGE('',*,*,#2029,.T.);
#2119 = DIRECTION('',(1.,0.,0.));
#2120 = VECTOR('',#2119,1.);
#2121 = LINE('',#2022,#2120);
#2122 = EDGE_CURVE('',#2023,#2111,#2121,.T.);
#2123 = ORIENTED_EDGE('',*,*,#2122,.T.);
#2124 = CARTESIAN_POINT('',(2.715,0.175,0.8999999999999999));
#2125 = DIRECTION('',(0.,0.9284766908852596,0.3713906763541032));
#2126 = DIRECTION('',(0.34815531191139587,0.3481553119113956,-0.8703882797784892));
#2127 = AXIS2_PLACEMENT_3D('',#2124,#2125,#2126);
#2128 = PLANE('',#2127);
#2129 = EDGE_LOOP('',(#2116,#2117,#2118,#2123));
#2130 = FACE_OUTER_BOUND('',#2129,.T.);
#2131 = ADVANCED_FACE('',(#2130),#2128,.T.);
#2132 = CARTESIAN_POINT('',(2.715,-0.175,0.8999999999999999));
#2133 = VERTEX_POINT('',#2132);
#2134 = DIRECTION('',(0.34815531191139587,-0.3481553119113956,-0.8703882797784892));
#2135 = VECTOR('',#2134,1.);
#2136 = LINE('',#2132,#2135);
#2137 = EDGE_CURVE('',#2133,#2053,#2136,.T.);
#2138 = ORIENTED_EDGE('',*,*,#2137,.T.);
#2139 = ORIENTED_EDGE('',*,*,#2063,.T.);
#2140 = ORIENTED_EDGE('',*,*,#2115,.F.);
#2141 = DIRECTION('',(0.,1.,0.));
#2142 = VECTOR('',#2141,1.);
#2143 = LINE('',#2132,#2142);
#2144 = EDGE_CURVE('',#2133,#2111,#2143,.T.);
#2145 = ORIENTED_EDGE('',*,*,#2144,.F.);
#2146 = CARTESIAN_POINT('',(2.715,-0.175,0.8999999999999999));
#2147 = DIRECTION('',(0.9284766908852591,0.,0.3713906763541039));
#2148 = DIRECTION('',(0.34815531191139587,-0.3481553119113956,-0.8703882797784892));
#2149 = AXIS2_PLACEMENT_3D('',#2146,#2147,#2148);
#2150 = PLANE('',#2149);
#2151 = EDGE_LOOP('',(#2138,#2139,#2140,#2145));
#2152 = FACE_OUTER_BOUND('',#2151,.T.);
#2153 = ADVANCED_FACE('',(#2152),#2150,.T.);
#2154 = ORIENTED_EDGE('',*,*,#2144,.T.);
#2155 = ORIENTED_EDGE('',*,*,#2122,.F.);
#2156 = ORIENTED_EDGE('',*,*,#2040,.F.);
#2157 = DIRECTION('',(1.,0.,0.));
#2158 = VECTOR('',#2157,1.);
#2159 = LINE('',#2024,#2158);
#2160 = EDGE_CURVE('',#2025,#2133,#2159,.T.);
#2161 = ORIENTED_EDGE('',*,*,#2160,.T.);
#2162 = CARTESIAN_POINT('',(2.715,-0.175,0.8999999999999999));
#2163 = DIRECTION('',(0.,0.,1.));
#2164 = DIRECTION('',(0.,1.,0.));
#2165 = AXIS2_PLACEMENT_3D('',#2162,#2163,#2164);
#2166 = PLANE('',#2165);
#2167 = EDGE_LOOP('',(#2154,#2155,#2156,#2161));
#2168 = FACE_OUTER_BOUND('',#2167,.T.);
#2169 = ADVANCED_FACE('',(#2168),#2166,.T.);
#2170 = ORIENTED_EDGE('',*,*,#2160,.F.);
#2171 = ORIENTED_EDGE('',*,*,#2035,.F.);
#2172 = ORIENTED_EDGE('',*,*,#2082,.T.);
#2173 = ORIENTED_EDGE('',*,*,#2137,.F.);
#2174 = CARTESIAN_POINT('',(2.715,-0.175,0.8999999999999999));
#2175 = DIRECTION('',(0.,-0.9284766908852596,0.3713906763541032));
#2176 = DIRECTION('',(-1.,0.,0.));
#2177 = AXIS2_PLACEMENT_3D('',#2174,#2175,#2176);
#2178 = PLANE('',#2177);
#2179 = EDGE_LOOP('',(#2170,#2171,#2172,#2173));
#2180 = FACE_OUTER_BOUND('',#2179,.T.);
#2181 = ADVANCED_FACE('',(#2180),#2178,.T.);
#2182 = CLOSED_SHELL('',(#1993,#2021,#2049,#2077,#2097,#2109,#2131,#2153,#2169,#2181));
#2183 = MANIFOLD_SOLID_BREP('',#2182);
#2184 = CARTESIAN_POINT('',(2.855,0.315,-3.6000000000000005));
#2185 = VERTEX_POINT('',#2184);
#2186 = CARTESIAN_POINT('',(2.855,0.315,-9.));
#2187 = VERTEX_POINT('',#2186);
#2188 = CARTESIAN_POINT('',(2.225,0.315,-9.));
#2189 = VERTEX_POINT('',#2188);
#2190 = CARTESIAN_POINT('',(2.225,0.315,-3.6000000000000005));
#2191 = VERTEX_POINT('',#2190);
#2192 = DIRECTION('',(0.,0.,-1.));
#2193 = VECTOR('',#2192,1.);
#2194 = LINE('',#2184,#2193);
#2195 = EDGE_CURVE('',#2185,#2187,#2194,.T.);
#2196 = ORIENTED_EDGE('',*,*,#2195,.T.);
#2197 = DIRECTION('',(1.,0.,0.));
#2198 = VECTOR('',#2197,1.);
#2199 = LINE('',#2188,#2198);
#2200 = EDGE_CURVE('',#2189,#2187,#2199,.T.);
#2201 = ORIENTED_EDGE('',*,*,#2200,.F.);
#2202 = DIRECTION('',(0.,0.,-1.));
#2203 = VECTOR('',#2202,1.);
#2204 = LINE('',#2190,#2203);
#2205 = EDGE_CURVE('',#2191,#2189,#2204,.T.);
#2206 = ORIENTED_EDGE('',*,*,#2205,.F.);
#2207 = DIRECTION('',(1.,0.,0.));
#2208 = VECTOR('',#2207,1.);
#2209 = LINE('',#2190,#2208);
#2210 = EDGE_CURVE('',#2191,#2185,#2209,.T.);
#2211 = ORIENTED_EDGE('',*,*,#2210,.T.);
#2212 = CARTESIAN_POINT('',(2.855,0.315,-3.6000000000000005));
#2213 = DIRECTION('',(0.,1.,0.));
#2214 = DIRECTION('',(0.,0.,-1.));
#2215 = AXIS2_PLACEMENT_3D('',#2212,#2213,#2214);
#2216 = PLANE('',#2215);
#2217 = EDGE_LOOP('',(#2196,#2201,#2206,#2211));
#2218 = FACE_OUTER_BOUND('',#2217,.T.);
#2219 = ADVANCED_FACE('',(#2218),#2216,.T.);
#2220 = CARTESIAN_POINT('',(2.225,-0.315,-9.));
#2221 = VERTEX_POINT('',#2220);
#2222 = CARTESIAN_POINT('',(2.225,-0.315,-3.6000000000000005));
#2223 = VERTEX_POINT('',#2222);
#2224 = DIRECTION('',(0.,0.,-1.));
#2225 = VECTOR('',#2224,1.);
#2226 = LINE('',#2222,#2225);
#2227 = EDGE_CURVE('',#2223,#2221,#2226,.T.);
#2228 = ORIENTED_EDGE('',*,*,#2227,.F.);
#2229 = DIRECTION('',(0.,1.,0.));
#2230 = VECTOR('',#2229,1.);
#2231 = LINE('',#2222,#2230);
#2232 = EDGE_CURVE('',#2223,#2191,#2231,.T.);
#2233 = ORIENTED_EDGE('',*,*,#2232,.T.);
#2234 = ORIENTED_EDGE('',*,*,#2205,.T.);
#2235 = DIRECTION('',(0.,1.,0.));
#2236 = VECTOR('',#2235,1.);
#2237 = LINE('',#2220,#2236);
#2238 = EDGE_CURVE('',#2221,#2189,#2237,.T.);
#2239 = ORIENTED_EDGE('',*,*,#2238,.F.);
#2240 = CARTESIAN_POINT('',(2.225,-0.315,-9.));
#2241 = DIRECTION('',(-1.,0.,0.));
#2242 = DIRECTION('',(0.,0.,1.));
#2243 = AXIS2_PLACEMENT_3D('',#2240,#2241,#2242);
#2244 = PLANE('',#2243);
#2245 = EDGE_LOOP('',(#2228,#2233,#2234,#2239));
#2246 = FACE_OUTER_BOUND('',#2245,.T.);
#2247 = ADVANCED_FACE('',(#2246),#2244,.T.);
#2248 = CARTESIAN_POINT('',(2.365,0.175,-9.6));
#2249 = VERTEX_POINT('',#2248);
#2250 = CARTESIAN_POINT('',(2.365,-0.175,-9.6));
#2251 = VERTEX_POINT('',#2250);
#2252 = ORIENTED_EDGE('',*,*,#2238,.T.);
#2253 = DIRECTION('',(0.22158112824152176,-0.22158112824152157,-0.9496334067493776));
#2254 = VECTOR('',#2253,1.);
#2255 = LINE('',#2188,#2254);
#2256 = EDGE_CURVE('',#2189,#2249,#2255,.T.);
#2257 = ORIENTED_EDGE('',*,*,#2256,.T.);
#2258 = DIRECTION('',(0.,1.,0.));
#2259 = VECTOR('',#2258,1.);
#2260 = LINE('',#2250,#2259);
#2261 = EDGE_CURVE('',#2251,#2249,#2260,.T.);
#2262 = ORIENTED_EDGE('',*,*,#2261,.F.);
#2263 = DIRECTION('',(0.22158112824152176,0.22158112824152157,-0.9496334067493776));
#2264 = VECTOR('',#2263,1.);
#2265 = LINE('',#2220,#2264);
#2266 = EDGE_CURVE('',#2221,#2251,#2265,.T.);
#2267 = ORIENTED_EDGE('',*,*,#2266,.F.);
#2268 = CARTESIAN_POINT('',(2.225,-0.315,-9.));
#2269 = DIRECTION('',(-0.9738412097417934,0.,-0.22722961560641813));
#2270 = DIRECTION('',(0.,1.,0.));
#2271 = AXIS2_PLACEMENT_3D('',#2268,#2269,#2270);
#2272 = PLANE('',#2271);
#2273 = EDGE_LOOP('',(#2252,#2257,#2262,#2267));
#2274 = FACE_OUTER_BOUND('',#2273,.T.);
#2275 = ADVANCED_FACE('',(#2274),#2272,.T.);
#2276 = CARTESIAN_POINT('',(2.715,0.175,-9.6));
#2277 = VERTEX_POINT('',#2276);
#2278 = DIRECTION('',(1.,0.,0.));
#2279 = VECTOR('',#2278,1.);
#2280 = LINE('',#2248,#2279);
#2281 = EDGE_CURVE('',#2249,#2277,#2280,.T.);
#2282 = ORIENTED_EDGE('',*,*,#2281,.F.);
#2283 = ORIENTED_EDGE('',*,*,#2256,.F.);
#2284 = ORIENTED_EDGE('',*,*,#2200,.T.);
#2285 = DIRECTION('',(0.22158112824152176,0.22158112824152157,0.9496334067493776));
#2286 = VECTOR('',#2285,1.);
#2287 = LINE('',#2276,#2286);
#2288 = EDGE_CURVE('',#2277,#2187,#2287,.T.);
#2289 = ORIENTED_EDGE('',*,*,#2288,.F.);
#2290 = CARTESIAN_POINT('',(2.715,0.175,-9.6));
#2291 = DIRECTION('',(0.,0.9738412097417933,-0.2272296156064183));
#2292 = DIRECTION('',(-1.,0.,0.));
#2293 = AXIS2_PLACEMENT_3D('',#2290,#2291,#2292);
#2294 = PLANE('',#2293);
#2295 = EDGE_LOOP('',(#2282,#2283,#2284,#2289));
#2296 = FACE_OUTER_BOUND('',#2295,.T.);
#2297 = ADVANCED_FACE('',(#2296),#2294,.T.);
#2298 = CARTESIAN_POINT('',(2.855,-0.315,-3.6000000000000005));
#2299 = VERTEX_POINT('',#2298);
#2300 = DIRECTION('',(0.,1.,0.));
#2301 = VECTOR('',#2300,1.);
#2302 = LINE('',#2298,#2301);
#2303 = EDGE_CURVE('',#2299,#2185,#2302,.T.);
#2304 = ORIENTED_EDGE('',*,*,#2303,.T.);
#2305 = ORIENTED_EDGE('',*,*,#2210,.F.);
#2306 = ORIENTED_EDGE('',*,*,#2232,.F.);
#2307 = DIRECTION('',(1.,0.,0.));
#2308 = VECTOR('',#2307,1.);
#2309 = LINE('',#2222,#2308);
#2310 = EDGE_CURVE('',#2223,#2299,#2309,.T.);
#2311 = ORIENTED_EDGE('',*,*,#2310,.T.);
#2312 = CARTESIAN_POINT('',(2.855,-0.315,-3.6000000000000005));
#2313 = DIRECTION('',(0.,0.,1.));
#2314 = DIRECTION('',(0.,1.,0.));
#2315 = AXIS2_PLACEMENT_3D('',#2312,#2313,#2314);
#2316 = PLANE('',#2315);
#2317 = EDGE_LOOP('',(#2304,#2305,#2306,#2311));
#2318 = FACE_OUTER_BOUND('',#2317,.T.);
#2319 = ADVANCED_FACE('',(#2318),#2316,.T.);
#2320 = CARTESIAN_POINT('',(2.855,-0.315,-9.));
#2321 = VERTEX_POINT('',#2320);
#2322 = DIRECTION('',(0.,1.,0.));
#2323 = VECTOR('',#2322,1.);
#2324 = LINE('',#2320,#2323);
#2325 = EDGE_CURVE('',#2321,#2187,#2324,.T.);
#2326 = ORIENTED_EDGE('',*,*,#2325,.T.);
#2327 = ORIENTED_EDGE('',*,*,#2195,.F.);
#2328 = ORIENTED_EDGE('',*,*,#2303,.F.);
#2329 = DIRECTION('',(0.,0.,-1.));
#2330 = VECTOR('',#2329,1.);
#2331 = LINE('',#2298,#2330);
#2332 = EDGE_CURVE('',#2299,#2321,#2331,.T.);
#2333 = ORIENTED_EDGE('',*,*,#2332,.T.);
#2334 = CARTESIAN_POINT('',(2.855,-0.315,-9.));
#2335 = DIRECTION('',(1.,0.,0.));
#2336 = DIRECTION('',(0.,1.,0.));
#2337 = AXIS2_PLACEMENT_3D('',#2334,#2335,#2336);
#2338 = PLANE('',#2337);
#2339 = EDGE_LOOP('',(#2326,#2327,#2328,#2333));
#2340 = FACE_OUTER_BOUND('',#2339,.T.);
#2341 = ADVANCED_FACE('',(#2340),#2338,.T.);
#2342 = ORIENTED_EDGE('',*,*,#2332,.F.);
#2343 = ORIENTED_EDGE('',*,*,#2310,.F.);
#2344 = ORIENTED_EDGE('',*,*,#2227,.T.);
#2345 = DIRECTION('',(1.,0.,0.));
#2346 = VECTOR('',#2345,1.);
#2347 = LINE('',#2220,#2346);
#2348 = EDGE_CURVE('',#2221,#2321,#2347,.T.);
#2349 = ORIENTED_EDGE('',*,*,#2348,.T.);
#2350 = CARTESIAN_POINT('',(2.855,-0.315,-9.));
#2351 = DIRECTION('',(0.,-1.,0.));
#2352 = DIRECTION('',(0.,0.,1.));
#2353 = AXIS2_PLACEMENT_3D('',#2350,#2351,#2352);
#2354 = PLANE('',#2353);
#2355 = EDGE_LOOP('',(#2342,#2343,#2344,#2349));
#2356 = FACE_OUTER_BOUND('',#2355,.T.);
#2357 = ADVANCED_FACE('',(#2356),#2354,.T.);
#2358 = CARTESIAN_POINT('',(2.715,-0.175,-9.6));
#2359 = VERTEX_POINT('',#2358);
#2360 = DIRECTION('',(0.,1.,0.));
#2361 = VECTOR('',#2360,1.);
#2362 = LINE('',#2358,#2361);
#2363 = EDGE_CURVE('',#2359,#2277,#2362,.T.);
#2364 = ORIENTED_EDGE('',*,*,#2363,.T.);
#2365 = ORIENTED_EDGE('',*,*,#2288,.T.);
#2366 = ORIENTED_EDGE('',*,*,#2325,.F.);
#2367 = DIRECTION('',(0.22158112824152176,-0.22158112824152157,0.9496334067493776));
#2368 = VECTOR('',#2367,1.);
#2369 = LINE('',#2358,#2368);
#2370 = EDGE_CURVE('',#2359,#2321,#2369,.T.);
#2371 = ORIENTED_EDGE('',*,*,#2370,.F.);
#2372 = CARTESIAN_POINT('',(2.715,-0.175,-9.6));
#2373 = DIRECTION('',(0.9738412097417932,0.,-0.2272296156064184));
#2374 = DIRECTION('',(0.,1.,0.));
#2375 = AXIS2_PLACEMENT_3D('',#2372,#2373,#2374);
#2376 = PLANE('',#2375);
#2377 = EDGE_LOOP('',(#2364,#2365,#2366,#2371));
#2378 = FACE_OUTER_BOUND('',#2377,.T.);
#2379 = ADVANCED_FACE('',(#2378),#2376,.T.);
#2380 = ORIENTED_EDGE('',*,*,#2370,.T.);
#2381 = ORIENTED_EDGE('',*,*,#2348,.F.);
#2382 = ORIENTED_EDGE('',*,*,#2266,.T.);
#2383 = DIRECTION('',(1.,0.,0.));
#2384 = VECTOR('',#2383,1.);
#2385 = LINE('',#2250,#2384);
#2386 = EDGE_CURVE('',#2251,#2359,#2385,.T.);
#2387 = ORIENTED_EDGE('',*,*,#2386,.T.);
#2388 = CARTESIAN_POINT('',(2.715,-0.175,-9.6));
#2389 = DIRECTION('',(0.,-0.9738412097417933,-0.2272296156064183));
#2390 = DIRECTION('',(0.22158112824152176,-0.22158112824152157,0.9496334067493776));
#2391 = AXIS2_PLACEMENT_3D('',#2388,#2389,#2390);
#2392 = PLANE('',#2391);
#2393 = EDGE_LOOP('',(#2380,#2381,#2382,#2387));
#2394 = FACE_OUTER_BOUND('',#2393,.T.);
#2395 = ADVANCED_FACE('',(#2394),#2392,.T.);
#2396 = ORIENTED_EDGE('',*,*,#2386,.F.);
#2397 = ORIENTED_EDGE('',*,*,#2261,.T.);
#2398 = ORIENTED_EDGE('',*,*,#2281,.T.);
#2399 = ORIENTED_EDGE('',*,*,#2363,.F.);
#2400 = CARTESIAN_POINT('',(2.715,-0.175,-9.6));
#2401 = DIRECTION('',(0.,0.,-1.));
#2402 = DIRECTION('',(-1.,0.,0.));
#2403 = AXIS2_PLACEMENT_3D('',#2400,#2401,#2402);
#2404 = PLANE('',#2403);
#2405 = EDGE_LOOP('',(#2396,#2397,#2398,#2399));
#2406 = FACE_OUTER_BOUND('',#2405,.T.);
#2407 = ADVANCED_FACE('',(#2406),#2404,.T.);
#2408 = CLOSED_SHELL('',(#2219,#2247,#2275,#2297,#2319,#2341,#2357,#2379,#2395,#2407));
#2409 = MANIFOLD_SOLID_BREP('',#2408);
#2410 = CARTESIAN_POINT('',(3.81,-1.27,-3.6));
#2411 = VERTEX_POINT('',#2410);
#2412 = CARTESIAN_POINT('',(3.81,-1.27,-1.6));
#2413 = VERTEX_POINT('',#2412);
#2414 = CARTESIAN_POINT('',(3.81,1.27,-1.6));
#2415 = VERTEX_POINT('',#2414);
#2416 = CARTESIAN_POINT('',(3.81,1.27,-3.6));
#2417 = VERTEX_POINT('',#2416);
#2418 = DIRECTION('',(0.,0.,-1.));
#2419 = VECTOR('',#2418,1.);
#2420 = LINE('',#2412,#2419);
#2421 = EDGE_CURVE('',#2413,#2411,#2420,.T.);
#2422 = ORIENTED_EDGE('',*,*,#2421,.F.);
#2423 = DIRECTION('',(0.,1.,0.));
#2424 = VECTOR('',#2423,1.);
#2425 = LINE('',#2412,#2424);
#2426 = EDGE_CURVE('',#2413,#2415,#2425,.T.);
#2427 = ORIENTED_EDGE('',*,*,#2426,.T.);
#2428 = DIRECTION('',(0.,0.,-1.));
#2429 = VECTOR('',#2428,1.);
#2430 = LINE('',#2414,#2429);
#2431 = EDGE_CURVE('',#2415,#2417,#2430,.T.);
#2432 = ORIENTED_EDGE('',*,*,#2431,.T.);
#2433 = DIRECTION('',(0.,1.,0.));
#2434 = VECTOR('',#2433,1.);
#2435 = LINE('',#2410,#2434);
#2436 = EDGE_CURVE('',#2411,#2417,#2435,.T.);
#2437 = ORIENTED_EDGE('',*,*,#2436,.F.);
#2438 = CARTESIAN_POINT('',(3.81,-1.27,-3.6));
#2439 = DIRECTION('',(-1.,0.,0.));
#2440 = DIRECTION('',(0.,0.,1.));
#2441 = AXIS2_PLACEMENT_3D('',#2438,#2439,#2440);
#2442 = PLANE('',#2441);
#2443 = EDGE_LOOP('',(#2422,#2427,#2432,#2437));
#2444 = FACE_OUTER_BOUND('',#2443,.T.);
#2445 = ADVANCED_FACE('',(#2444),#2442,.T.);
#2446 = CARTESIAN_POINT('',(6.35,-1.27,-3.6));
#2447 = VERTEX_POINT('',#2446);
#2448 = CARTESIAN_POINT('',(6.35,1.27,-3.6));
#2449 = VERTEX_POINT('',#2448);
#2450 = CARTESIAN_POINT('',(6.35,1.27,-1.6));
#2451 = VERTEX_POINT('',#2450);
#2452 = CARTESIAN_POINT('',(6.35,-1.27,-1.6));
#2453 = VERTEX_POINT('',#2452);
#2454 = DIRECTION('',(0.,1.,0.));
#2455 = VECTOR('',#2454,1.);
#2456 = LINE('',#2446,#2455);
#2457 = EDGE_CURVE('',#2447,#2449,#2456,.T.);
#2458 = ORIENTED_EDGE('',*,*,#2457,.T.);
#2459 = DIRECTION('',(0.,0.,-1.));
#2460 = VECTOR('',#2459,1.);
#2461 = LINE('',#2450,#2460);
#2462 = EDGE_CURVE('',#2451,#2449,#2461,.T.);
#2463 = ORIENTED_EDGE('',*,*,#2462,.F.);
#2464 = DIRECTION('',(0.,1.,0.));
#2465 = VECTOR('',#2464,1.);
#2466 = LINE('',#2452,#2465);
#2467 = EDGE_CURVE('',#2453,#2451,#2466,.T.);
#2468 = ORIENTED_EDGE('',*,*,#2467,.F.);
#2469 = DIRECTION('',(0.,0.,-1.));
#2470 = VECTOR('',#2469,1.);
#2471 = LINE('',#2452,#2470);
#2472 = EDGE_CURVE('',#2453,#2447,#2471,.T.);
#2473 = ORIENTED_EDGE('',*,*,#2472,.T.);
#2474 = CARTESIAN_POINT('',(6.35,-1.27,-3.6));
#2475 = DIRECTION('',(1.,0.,0.));
#2476 = DIRECTION('',(0.,1.,0.));
#2477 = AXIS2_PLACEMENT_3D('',#2474,#2475,#2476);
#2478 = PLANE('',#2477);
#2479 = EDGE_LOOP('',(#2458,#2463,#2468,#2473));
#2480 = FACE_OUTER_BOUND('',#2479,.T.);
#2481 = ADVANCED_FACE('',(#2480),#2478,.T.);
#2482 = DIRECTION('',(1.,0.,0.));
#2483 = VECTOR('',#2482,1.);
#2484 = LINE('',#2410,#2483);
#2485 = EDGE_CURVE('',#2411,#2447,#2484,.T.);
#2486 = ORIENTED_EDGE('',*,*,#2485,.T.);
#2487 = ORIENTED_EDGE('',*,*,#2472,.F.);
#2488 = DIRECTION('',(1.,0.,0.));
#2489 = VECTOR('',#2488,1.);
#2490 = LINE('',#2412,#2489);
#2491 = EDGE_CURVE('',#2413,#2453,#2490,.T.);
#2492 = ORIENTED_EDGE('',*,*,#2491,.F.);
#2493 = ORIENTED_EDGE('',*,*,#2421,.T.);
#2494 = CARTESIAN_POINT('',(3.81,-1.27,-3.6));
#2495 = DIRECTION('',(0.,-1.,0.));
#2496 = DIRECTION('',(1.,0.,0.));
#2497 = AXIS2_PLACEMENT_3D('',#2494,#2495,#2496);
#2498 = PLANE('',#2497);
#2499 = EDGE_LOOP('',(#2486,#2487,#2492,#2493));
#2500 = FACE_OUTER_BOUND('',#2499,.T.);
#2501 = ADVANCED_FACE('',(#2500),#2498,.T.);
#2502 = ORIENTED_EDGE('',*,*,#2431,.F.);
#2503 = DIRECTION('',(1.,0.,0.));
#2504 = VECTOR('',#2503,1.);
#2505 = LINE('',#2414,#2504);
#2506 = EDGE_CURVE('',#2415,#2451,#2505,.T.);
#2507 = ORIENTED_EDGE('',*,*,#2506,.T.);
#2508 = ORIENTED_EDGE('',*,*,#2462,.T.);
#2509 = DIRECTION('',(1.,0.,0.));
#2510 = VECTOR('',#2509,1.);
#2511 = LINE('',#2416,#2510);
#2512 = EDGE_CURVE('',#2417,#2449,#2511,.T.);
#2513 = ORIENTED_EDGE('',*,*,#2512,.F.);
#2514 = CARTESIAN_POINT('',(3.81,1.27,-3.6));
#2515 = DIRECTION('',(0.,1.,0.));
#2516 = DIRECTION('',(0.,0.,1.));
#2517 = AXIS2_PLACEMENT_3D('',#2514,#2515,#2516);
#2518 = PLANE('',#2517);
#2519 = EDGE_LOOP('',(#2502,#2507,#2508,#2513));
#2520 = FACE_OUTER_BOUND('',#2519,.T.);
#2521 = ADVANCED_FACE('',(#2520),#2518,.T.);
#2522 = ORIENTED_EDGE('',*,*,#2436,.T.);
#2523 = ORIENTED_EDGE('',*,*,#2512,.T.);
#2524 = ORIENTED_EDGE('',*,*,#2457,.F.);
#2525 = ORIENTED_EDGE('',*,*,#2485,.F.);
#2526 = CARTESIAN_POINT('',(3.81,-1.27,-3.6));
#2527 = DIRECTION('',(0.,0.,-1.));
#2528 = DIRECTION('',(0.,1.,0.));
#2529 = AXIS2_PLACEMENT_3D('',#2526,#2527,#2528);
#2530 = PLANE('',#2529);
#2531 = EDGE_LOOP('',(#2522,#2523,#2524,#2525));
#2532 = FACE_OUTER_BOUND('',#2531,.T.);
#2533 = ADVANCED_FACE('',(#2532),#2530,.T.);
#2534 = ORIENTED_EDGE('',*,*,#2491,.T.);
#2535 = ORIENTED_EDGE('',*,*,#2467,.T.);
#2536 = ORIENTED_EDGE('',*,*,#2506,.F.);
#2537 = ORIENTED_EDGE('',*,*,#2426,.F.);
#2538 = CARTESIAN_POINT('',(3.81,-1.27,-1.6));
#2539 = DIRECTION('',(0.,0.,1.));
#2540 = DIRECTION('',(1.,0.,0.));
#2541 = AXIS2_PLACEMENT_3D('',#2538,#2539,#2540);
#2542 = PLANE('',#2541);
#2543 = EDGE_LOOP('',(#2534,#2535,#2536,#2537));
#2544 = FACE_OUTER_BOUND('',#2543,.T.);
#2545 = ADVANCED_FACE('',(#2544),#2542,.T.);
#2546 = CLOSED_SHELL('',(#2445,#2481,#2501,#2521,#2533,#2545));
#2547 = MANIFOLD_SOLID_BREP('',#2546);
#2548 = COLOUR_RGB('',0.13333333333333333,0.13333333333333333,0.13333333333333333);
#2549 = FILL_AREA_STYLE_COLOUR('',#2548);
#2550 = FILL_AREA_STYLE('',(#2549));
#2551 = SURFACE_STYLE_FILL_AREA(#2550);
#2552 = SURFACE_SIDE_STYLE('',(#2551));
#2553 = SURFACE_STYLE_USAGE(.BOTH.,#2552);
#2554 = PRESENTATION_STYLE_ASSIGNMENT((#2553));
#2555 = STYLED_ITEM('',(#2554),#2547);
#2556 = CARTESIAN_POINT('',(4.765,0.315,-2.1500000000000004));
#2557 = VERTEX_POINT('',#2556);
#2558 = CARTESIAN_POINT('',(4.765,-0.315,-2.1500000000000004));
#2559 = VERTEX_POINT('',#2558);
#2560 = CARTESIAN_POINT('',(4.765,-0.315,0.5499999999999998));
#2561 = VERTEX_POINT('',#2560);
#2562 = CARTESIAN_POINT('',(4.765,0.315,0.5499999999999998));
#2563 = VERTEX_POINT('',#2562);
#2564 = DIRECTION('',(0.,1.,0.));
#2565 = VECTOR('',#2564,1.);
#2566 = LINE('',#2558,#2565);
#2567 = EDGE_CURVE('',#2559,#2557,#2566,.T.);
#2568 = ORIENTED_EDGE('',*,*,#2567,.F.);
#2569 = DIRECTION('',(0.,0.,1.));
#2570 = VECTOR('',#2569,1.);
#2571 = LINE('',#2558,#2570);
#2572 = EDGE_CURVE('',#2559,#2561,#2571,.T.);
#2573 = ORIENTED_EDGE('',*,*,#2572,.T.);
#2574 = DIRECTION('',(0.,1.,0.));
#2575 = VECTOR('',#2574,1.);
#2576 = LINE('',#2560,#2575);
#2577 = EDGE_CURVE('',#2561,#2563,#2576,.T.);
#2578 = ORIENTED_EDGE('',*,*,#2577,.T.);
#2579 = DIRECTION('',(0.,0.,1.));
#2580 = VECTOR('',#2579,1.);
#2581 = LINE('',#2556,#2580);
#2582 = EDGE_CURVE('',#2557,#2563,#2581,.T.);
#2583 = ORIENTED_EDGE('',*,*,#2582,.F.);
#2584 = CARTESIAN_POINT('',(4.765,0.315,-2.1500000000000004));
#2585 = DIRECTION('',(-1.,0.,0.));
#2586 = DIRECTION('',(0.,-1.,0.));
#2587 = AXIS2_PLACEMENT_3D('',#2584,#2585,#2586);
#2588 = PLANE('',#2587);
#2589 = EDGE_LOOP('',(#2568,#2573,#2578,#2583));
#2590 = FACE_OUTER_BOUND('',#2589,.T.);
#2591 = ADVANCED_FACE('',(#2590),#2588,.T.);
#2592 = CARTESIAN_POINT('',(5.3950000000000005,0.315,0.5499999999999998));
#2593 = VERTEX_POINT('',#2592);
#2594 = CARTESIAN_POINT('',(5.3950000000000005,0.315,-2.1500000000000004));
#2595 = VERTEX_POINT('',#2594);
#2596 = DIRECTION('',(0.,0.,1.));
#2597 = VECTOR('',#2596,1.);
#2598 = LINE('',#2594,#2597);
#2599 = EDGE_CURVE('',#2595,#2593,#2598,.T.);
#2600 = ORIENTED_EDGE('',*,*,#2599,.F.);
#2601 = DIRECTION('',(1.,0.,0.));
#2602 = VECTOR('',#2601,1.);
#2603 = LINE('',#2556,#2602);
#2604 = EDGE_CURVE('',#2557,#2595,#2603,.T.);
#2605 = ORIENTED_EDGE('',*,*,#2604,.F.);
#2606 = ORIENTED_EDGE('',*,*,#2582,.T.);
#2607 = DIRECTION('',(1.,0.,0.));
#2608 = VECTOR('',#2607,1.);
#2609 = LINE('',#2562,#2608);
#2610 = EDGE_CURVE('',#2563,#2593,#2609,.T.);
#2611 = ORIENTED_EDGE('',*,*,#2610,.T.);
#2612 = CARTESIAN_POINT('',(5.3950000000000005,0.315,0.5499999999999998));
#2613 = DIRECTION('',(0.,1.,0.));
#2614 = DIRECTION('',(0.,0.,-1.));
#2615 = AXIS2_PLACEMENT_3D('',#2612,#2613,#2614);
#2616 = PLANE('',#2615);
#2617 = EDGE_LOOP('',(#2600,#2605,#2606,#2611));
#2618 = FACE_OUTER_BOUND('',#2617,.T.);
#2619 = ADVANCED_FACE('',(#2618),#2616,.T.);
#2620 = CARTESIAN_POINT('',(4.905,0.175,0.8999999999999999));
#2621 = VERTEX_POINT('',#2620);
#2622 = CARTESIAN_POINT('',(4.905,-0.175,0.8999999999999999));
#2623 = VERTEX_POINT('',#2622);
#2624 = DIRECTION('',(0.3481553119113968,-0.3481553119113954,0.8703882797784888));
#2625 = VECTOR('',#2624,1.);
#2626 = LINE('',#2562,#2625);
#2627 = EDGE_CURVE('',#2563,#2621,#2626,.T.);
#2628 = ORIENTED_EDGE('',*,*,#2627,.F.);
#2629 = ORIENTED_EDGE('',*,*,#2577,.F.);
#2630 = DIRECTION('',(0.3481553119113968,0.3481553119113954,0.8703882797784888));
#2631 = VECTOR('',#2630,1.);
#2632 = LINE('',#2560,#2631);
#2633 = EDGE_CURVE('',#2561,#2623,#2632,.T.);
#2634 = ORIENTED_EDGE('',*,*,#2633,.T.);
#2635 = DIRECTION('',(0.,1.,0.));
#2636 = VECTOR('',#2635,1.);
#2637 = LINE('',#2622,#2636);
#2638 = EDGE_CURVE('',#2623,#2621,#2637,.T.);
#2639 = ORIENTED_EDGE('',*,*,#2638,.T.);
#2640 = CARTESIAN_POINT('',(4.905,0.175,0.8999999999999999));
#2641 = DIRECTION('',(-0.9284766908852589,0.,0.37139067635410494));
#2642 = DIRECTION('',(-0.3481553119113968,0.3481553119113954,-0.8703882797784888));
#2643 = AXIS2_PLACEMENT_3D('',#2640,#2641,#2642);
#2644 = PLANE('',#2643);
#2645 = EDGE_LOOP('',(#2628,#2629,#2634,#2639));
#2646 = FACE_OUTER_BOUND('',#2645,.T.);
#2647 = ADVANCED_FACE('',(#2646),#2644,.T.);
#2648 = CARTESIAN_POINT('',(5.3950000000000005,-0.315,-2.1500000000000004));
#2649 = VERTEX_POINT('',#2648);
#2650 = CARTESIAN_POINT('',(5.3950000000000005,-0.315,0.5499999999999998));
#2651 = VERTEX_POINT('',#2650);
#2652 = DIRECTION('',(0.,1.,0.));
#2653 = VECTOR('',#2652,1.);
#2654 = LINE('',#2648,#2653);
#2655 = EDGE_CURVE('',#2649,#2595,#2654,.T.);
#2656 = ORIENTED_EDGE('',*,*,#2655,.T.);
#2657 = ORIENTED_EDGE('',*,*,#2599,.T.);
#2658 = DIRECTION('',(0.,1.,0.));
#2659 = VECTOR('',#2658,1.);
#2660 = LINE('',#2650,#2659);
#2661 = EDGE_CURVE('',#2651,#2593,#2660,.T.);
#2662 = ORIENTED_EDGE('',*,*,#2661,.F.);
#2663 = DIRECTION('',(0.,0.,1.));
#2664 = VECTOR('',#2663,1.);
#2665 = LINE('',#2648,#2664);
#2666 = EDGE_CURVE('',#2649,#2651,#2665,.T.);
#2667 = ORIENTED_EDGE('',*,*,#2666,.F.);
#2668 = CARTESIAN_POINT('',(5.3950000000000005,-0.315,-2.1500000000000004));
#2669 = DIRECTION('',(1.,0.,0.));
#2670 = DIRECTION('',(0.,1.,0.));
#2671 = AXIS2_PLACEMENT_3D('',#2668,#2669,#2670);
#2672 = PLANE('',#2671);
#2673 = EDGE_LOOP('',(#2656,#2657,#2662,#2667));
#2674 = FACE_OUTER_BOUND('',#2673,.T.);
#2675 = ADVANCED_FACE('',(#2674),#2672,.T.);
#2676 = ORIENTED_EDGE('',*,*,#2666,.T.);
#2677 = DIRECTION('',(1.,0.,0.));
#2678 = VECTOR('',#2677,1.);
#2679 = LINE('',#2560,#2678);
#2680 = EDGE_CURVE('',#2561,#2651,#2679,.T.);
#2681 = ORIENTED_EDGE('',*,*,#2680,.F.);
#2682 = ORIENTED_EDGE('',*,*,#2572,.F.);
#2683 = DIRECTION('',(1.,0.,0.));
#2684 = VECTOR('',#2683,1.);
#2685 = LINE('',#2558,#2684);
#2686 = EDGE_CURVE('',#2559,#2649,#2685,.T.);
#2687 = ORIENTED_EDGE('',*,*,#2686,.T.);
#2688 = CARTESIAN_POINT('',(5.3950000000000005,-0.315,-2.1500000000000004));
#2689 = DIRECTION('',(0.,-1.,0.));
#2690 = DIRECTION('',(0.,0.,1.));
#2691 = AXIS2_PLACEMENT_3D('',#2688,#2689,#2690);
#2692 = PLANE('',#2691);
#2693 = EDGE_LOOP('',(#2676,#2681,#2682,#2687));
#2694 = FACE_OUTER_BOUND('',#2693,.T.);
#2695 = ADVANCED_FACE('',(#2694),#2692,.T.);
#2696 = ORIENTED_EDGE('',*,*,#2686,.F.);
#2697 = ORIENTED_EDGE('',*,*,#2567,.T.);
#2698 = ORIENTED_EDGE('',*,*,#2604,.T.);
#2699 = ORIENTED_EDGE('',*,*,#2655,.F.);
#2700 = CARTESIAN_POINT('',(5.3950000000000005,-0.315,-2.1500000000000004));
#2701 = DIRECTION('',(0.,0.,-1.));
#2702 = DIRECTION('',(-1.,0.,0.));
#2703 = AXIS2_PLACEMENT_3D('',#2700,#2701,#2702);
#2704 = PLANE('',#2703);
#2705 = EDGE_LOOP('',(#2696,#2697,#2698,#2699));
#2706 = FACE_OUTER_BOUND('',#2705,.T.);
#2707 = ADVANCED_FACE('',(#2706),#2704,.T.);
#2708 = CARTESIAN_POINT('',(5.255,0.175,0.8999999999999999));
#2709 = VERTEX_POINT('',#2708);
#2710 = DIRECTION('',(0.3481553119113968,0.3481553119113954,-0.8703882797784888));
#2711 = VECTOR('',#2710,1.);
#2712 = LINE('',#2708,#2711);
#2713 = EDGE_CURVE('',#2709,#2593,#2712,.T.);
#2714 = ORIENTED_EDGE('',*,*,#2713,.T.);
#2715 = ORIENTED_EDGE('',*,*,#2610,.F.);
#2716 = ORIENTED_EDGE('',*,*,#2627,.T.);
#2717 = DIRECTION('',(1.,0.,0.));
#2718 = VECTOR('',#2717,1.);
#2719 = LINE('',#2620,#2718);
#2720 = EDGE_CURVE('',#2621,#2709,#2719,.T.);
#2721 = ORIENTED_EDGE('',*,*,#2720,.T.);
#2722 = CARTESIAN_POINT('',(5.255,0.175,0.8999999999999999));
#2723 = DIRECTION('',(0.,0.9284766908852591,0.3713906763541038));
#2724 = DIRECTION('',(0.3481553119113968,0.3481553119113954,-0.8703882797784888));
#2725 = AXIS2_PLACEMENT_3D('',#2722,#2723,#2724);
#2726 = PLANE('',#2725);
#2727 = EDGE_LOOP('',(#2714,#2715,#2716,#2721));
#2728 = FACE_OUTER_BOUND('',#2727,.T.);
#2729 = ADVANCED_FACE('',(#2728),#2726,.T.);
#2730 = CARTESIAN_POINT('',(5.255,-0.175,0.8999999999999999));
#2731 = VERTEX_POINT('',#2730);
#2732 = DIRECTION('',(0.3481553119113968,-0.3481553119113954,-0.8703882797784888));
#2733 = VECTOR('',#2732,1.);
#2734 = LINE('',#2730,#2733);
#2735 = EDGE_CURVE('',#2731,#2651,#2734,.T.);
#2736 = ORIENTED_EDGE('',*,*,#2735,.T.);
#2737 = ORIENTED_EDGE('',*,*,#2661,.T.);
#2738 = ORIENTED_EDGE('',*,*,#2713,.F.);
#2739 = DIRECTION('',(0.,1.,0.));
#2740 = VECTOR('',#2739,1.);
#2741 = LINE('',#2730,#2740);
#2742 = EDGE_CURVE('',#2731,#2709,#2741,.T.);
#2743 = ORIENTED_EDGE('',*,*,#2742,.F.);
#2744 = CARTESIAN_POINT('',(5.255,-0.175,0.8999999999999999));
#2745 = DIRECTION('',(0.9284766908852589,0.,0.37139067635410494));
#2746 = DIRECTION('',(0.3481553119113968,-0.3481553119113954,-0.8703882797784888));
#2747 = AXIS2_PLACEMENT_3D('',#2744,#2745,#2746);
#2748 = PLANE('',#2747);
#2749 = EDGE_LOOP('',(#2736,#2737,#2738,#2743));
#2750 = FACE_OUTER_BOUND('',#2749,.T.);
#2751 = ADVANCED_FACE('',(#2750),#2748,.T.);
#2752 = ORIENTED_EDGE('',*,*,#2742,.T.);
#2753 = ORIENTED_EDGE('',*,*,#2720,.F.);
#2754 = ORIENTED_EDGE('',*,*,#2638,.F.);
#2755 = DIRECTION('',(1.,0.,0.));
#2756 = VECTOR('',#2755,1.);
#2757 = LINE('',#2622,#2756);
#2758 = EDGE_CURVE('',#2623,#2731,#2757,.T.);
#2759 = ORIENTED_EDGE('',*,*,#2758,.T.);
#2760 = CARTESIAN_POINT('',(5.255,-0.175,0.8999999999999999));
#2761 = DIRECTION('',(0.,0.,1.));
#2762 = DIRECTION('',(0.,1.,0.));
#2763 = AXIS2_PLACEMENT_3D('',#2760,#2761,#2762);
#2764 = PLANE('',#2763);
#2765 = EDGE_LOOP('',(#2752,#2753,#2754,#2759));
#2766 = FACE_OUTER_BOUND('',#2765,.T.);
#2767 = ADVANCED_FACE('',(#2766),#2764,.T.);
#2768 = ORIENTED_EDGE('',*,*,#2758,.F.);
#2769 = ORIENTED_EDGE('',*,*,#2633,.F.);
#2770 = ORIENTED_EDGE('',*,*,#2680,.T.);
#2771 = ORIENTED_EDGE('',*,*,#2735,.F.);
#2772 = CARTESIAN_POINT('',(5.255,-0.175,0.8999999999999999));
#2773 = DIRECTION('',(0.,-0.9284766908852591,0.3713906763541038));
#2774 = DIRECTION('',(-1.,0.,0.));
#2775 = AXIS2_PLACEMENT_3D('',#2772,#2773,#2774);
#2776 = PLANE('',#2775);
#2777 = EDGE_LOOP('',(#2768,#2769,#2770,#2771));
#2778 = FACE_OUTER_BOUND('',#2777,.T.);
#2779 = ADVANCED_FACE('',(#2778),#2776,.T.);
#2780 = CLOSED_SHELL('',(#2591,#2619,#2647,#2675,#2695,#2707,#2729,#2751,#2767,#2779));
#2781 = MANIFOLD_SOLID_BREP('',#2780);
#2782 = CARTESIAN_POINT('',(5.3950000000000005,0.315,-3.6000000000000005));
#2783 = VERTEX_POINT('',#2782);
#2784 = CARTESIAN_POINT('',(5.3950000000000005,0.315,-9.));
#2785 = VERTEX_POINT('',#2784);
#2786 = CARTESIAN_POINT('',(4.765,0.315,-9.));
#2787 = VERTEX_POINT('',#2786);
#2788 = CARTESIAN_POINT('',(4.765,0.315,-3.6000000000000005));
#2789 = VERTEX_POINT('',#2788);
#2790 = DIRECTION('',(0.,0.,-1.));
#2791 = VECTOR('',#2790,1.);
#2792 = LINE('',#2782,#2791);
#2793 = EDGE_CURVE('',#2783,#2785,#2792,.T.);
#2794 = ORIENTED_EDGE('',*,*,#2793,.T.);
#2795 = DIRECTION('',(1.,0.,0.));
#2796 = VECTOR('',#2795,1.);
#2797 = LINE('',#2786,#2796);
#2798 = EDGE_CURVE('',#2787,#2785,#2797,.T.);
#2799 = ORIENTED_EDGE('',*,*,#2798,.F.);
#2800 = DIRECTION('',(0.,0.,-1.));
#2801 = VECTOR('',#2800,1.);
#2802 = LINE('',#2788,#2801);
#2803 = EDGE_CURVE('',#2789,#2787,#2802,.T.);
#2804 = ORIENTED_EDGE('',*,*,#2803,.F.);
#2805 = DIRECTION('',(1.,0.,0.));
#2806 = VECTOR('',#2805,1.);
#2807 = LINE('',#2788,#2806);
#2808 = EDGE_CURVE('',#2789,#2783,#2807,.T.);
#2809 = ORIENTED_EDGE('',*,*,#2808,.T.);
#2810 = CARTESIAN_POINT('',(5.3950000000000005,0.315,-3.6000000000000005));
#2811 = DIRECTION('',(0.,1.,0.));
#2812 = DIRECTION('',(0.,0.,-1.));
#2813 = AXIS2_PLACEMENT_3D('',#2810,#2811,#2812);
#2814 = PLANE('',#2813);
#2815 = EDGE_LOOP('',(#2794,#2799,#2804,#2809));
#2816 = FACE_OUTER_BOUND('',#2815,.T.);
#2817 = ADVANCED_FACE('',(#2816),#2814,.T.);
#2818 = CARTESIAN_POINT('',(4.765,-0.315,-9.));
#2819 = VERTEX_POINT('',#2818);
#2820 = CARTESIAN_POINT('',(4.765,-0.315,-3.6000000000000005));
#2821 = VERTEX_POINT('',#2820);
#2822 = DIRECTION('',(0.,0.,-1.));
#2823 = VECTOR('',#2822,1.);
#2824 = LINE('',#2820,#2823);
#2825 = EDGE_CURVE('',#2821,#2819,#2824,.T.);
#2826 = ORIENTED_EDGE('',*,*,#2825,.F.);
#2827 = DIRECTION('',(0.,1.,0.));
#2828 = VECTOR('',#2827,1.);
#2829 = LINE('',#2820,#2828);
#2830 = EDGE_CURVE('',#2821,#2789,#2829,.T.);
#2831 = ORIENTED_EDGE('',*,*,#2830,.T.);
#2832 = ORIENTED_EDGE('',*,*,#2803,.T.);
#2833 = DIRECTION('',(0.,1.,0.));
#2834 = VECTOR('',#2833,1.);
#2835 = LINE('',#2818,#2834);
#2836 = EDGE_CURVE('',#2819,#2787,#2835,.T.);
#2837 = ORIENTED_EDGE('',*,*,#2836,.F.);
#2838 = CARTESIAN_POINT('',(4.765,-0.315,-9.));
#2839 = DIRECTION('',(-1.,0.,0.));
#2840 = DIRECTION('',(0.,0.,1.));
#2841 = AXIS2_PLACEMENT_3D('',#2838,#2839,#2840);
#2842 = PLANE('',#2841);
#2843 = EDGE_LOOP('',(#2826,#2831,#2832,#2837));
#2844 = FACE_OUTER_BOUND('',#2843,.T.);
#2845 = ADVANCED_FACE('',(#2844),#2842,.T.);
#2846 = CARTESIAN_POINT('',(4.905,0.175,-9.6));
#2847 = VERTEX_POINT('',#2846);
#2848 = CARTESIAN_POINT('',(4.905,-0.175,-9.6));
#2849 = VERTEX_POINT('',#2848);
#2850 = ORIENTED_EDGE('',*,*,#2836,.T.);
#2851 = DIRECTION('',(0.22158112824152243,-0.22158112824152154,-0.9496334067493774));
#2852 = VECTOR('',#2851,1.);
#2853 = LINE('',#2786,#2852);
#2854 = EDGE_CURVE('',#2787,#2847,#2853,.T.);
#2855 = ORIENTED_EDGE('',*,*,#2854,.T.);
#2856 = DIRECTION('',(0.,1.,0.));
#2857 = VECTOR('',#2856,1.);
#2858 = LINE('',#2848,#2857);
#2859 = EDGE_CURVE('',#2849,#2847,#2858,.T.);
#2860 = ORIENTED_EDGE('',*,*,#2859,.F.);
#2861 = DIRECTION('',(0.22158112824152243,0.22158112824152154,-0.9496334067493774));
#2862 = VECTOR('',#2861,1.);
#2863 = LINE('',#2818,#2862);
#2864 = EDGE_CURVE('',#2819,#2849,#2863,.T.);
#2865 = ORIENTED_EDGE('',*,*,#2864,.F.);
#2866 = CARTESIAN_POINT('',(4.765,-0.315,-9.));
#2867 = DIRECTION('',(-0.9738412097417932,0.,-0.22722961560641877));
#2868 = DIRECTION('',(0.,1.,0.));
#2869 = AXIS2_PLACEMENT_3D('',#2866,#2867,#2868);
#2870 = PLANE('',#2869);
#2871 = EDGE_LOOP('',(#2850,#2855,#2860,#2865));
#2872 = FACE_OUTER_BOUND('',#2871,.T.);
#2873 = ADVANCED_FACE('',(#2872),#2870,.T.);
#2874 = CARTESIAN_POINT('',(5.255,0.175,-9.6));
#2875 = VERTEX_POINT('',#2874);
#2876 = DIRECTION('',(1.,0.,0.));
#2877 = VECTOR('',#2876,1.);
#2878 = LINE('',#2846,#2877);
#2879 = EDGE_CURVE('',#2847,#2875,#2878,.T.);
#2880 = ORIENTED_EDGE('',*,*,#2879,.F.);
#2881 = ORIENTED_EDGE('',*,*,#2854,.F.);
#2882 = ORIENTED_EDGE('',*,*,#2798,.T.);
#2883 = DIRECTION('',(0.22158112824152243,0.22158112824152154,0.9496334067493774));
#2884 = VECTOR('',#2883,1.);
#2885 = LINE('',#2874,#2884);
#2886 = EDGE_CURVE('',#2875,#2785,#2885,.T.);
#2887 = ORIENTED_EDGE('',*,*,#2886,.F.);
#2888 = CARTESIAN_POINT('',(5.255,0.175,-9.6));
#2889 = DIRECTION('',(0.,0.9738412097417931,-0.22722961560641877));
#2890 = DIRECTION('',(-1.,0.,0.));
#2891 = AXIS2_PLACEMENT_3D('',#2888,#2889,#2890);
#2892 = PLANE('',#2891);
#2893 = EDGE_LOOP('',(#2880,#2881,#2882,#2887));
#2894 = FACE_OUTER_BOUND('',#2893,.T.);
#2895 = ADVANCED_FACE('',(#2894),#2892,.T.);
#2896 = CARTESIAN_POINT('',(5.3950000000000005,-0.315,-3.6000000000000005));
#2897 = VERTEX_POINT('',#2896);
#2898 = DIRECTION('',(0.,1.,0.));
#2899 = VECTOR('',#2898,1.);
#2900 = LINE('',#2896,#2899);
#2901 = EDGE_CURVE('',#2897,#2783,#2900,.T.);
#2902 = ORIENTED_EDGE('',*,*,#2901,.T.);
#2903 = ORIENTED_EDGE('',*,*,#2808,.F.);
#2904 = ORIENTED_EDGE('',*,*,#2830,.F.);
#2905 = DIRECTION('',(1.,0.,0.));
#2906 = VECTOR('',#2905,1.);
#2907 = LINE('',#2820,#2906);
#2908 = EDGE_CURVE('',#2821,#2897,#2907,.T.);
#2909 = ORIENTED_EDGE('',*,*,#2908,.T.);
#2910 = CARTESIAN_POINT('',(5.3950000000000005,-0.315,-3.6000000000000005));
#2911 = DIRECTION('',(0.,0.,1.));
#2912 = DIRECTION('',(0.,1.,0.));
#2913 = AXIS2_PLACEMENT_3D('',#2910,#2911,#2912);
#2914 = PLANE('',#2913);
#2915 = EDGE_LOOP('',(#2902,#2903,#2904,#2909));
#2916 = FACE_OUTER_BOUND('',#2915,.T.);
#2917 = ADVANCED_FACE('',(#2916),#2914,.T.);
#2918 = CARTESIAN_POINT('',(5.3950000000000005,-0.315,-9.));
#2919 = VERTEX_POINT('',#2918);
#2920 = DIRECTION('',(0.,1.,0.));
#2921 = VECTOR('',#2920,1.);
#2922 = LINE('',#2918,#2921);
#2923 = EDGE_CURVE('',#2919,#2785,#2922,.T.);
#2924 = ORIENTED_EDGE('',*,*,#2923,.T.);
#2925 = ORIENTED_EDGE('',*,*,#2793,.F.);
#2926 = ORIENTED_EDGE('',*,*,#2901,.F.);
#2927 = DIRECTION('',(0.,0.,-1.));
#2928 = VECTOR('',#2927,1.);
#2929 = LINE('',#2896,#2928);
#2930 = EDGE_CURVE('',#2897,#2919,#2929,.T.);
#2931 = ORIENTED_EDGE('',*,*,#2930,.T.);
#2932 = CARTESIAN_POINT('',(5.3950000000000005,-0.315,-9.));
#2933 = DIRECTION('',(1.,0.,0.));
#2934 = DIRECTION('',(0.,1.,0.));
#2935 = AXIS2_PLACEMENT_3D('',#2932,#2933,#2934);
#2936 = PLANE('',#2935);
#2937 = EDGE_LOOP('',(#2924,#2925,#2926,#2931));
#2938 = FACE_OUTER_BOUND('',#2937,.T.);
#2939 = ADVANCED_FACE('',(#2938),#2936,.T.);
#2940 = ORIENTED_EDGE('',*,*,#2930,.F.);
#2941 = ORIENTED_EDGE('',*,*,#2908,.F.);
#2942 = ORIENTED_EDGE('',*,*,#2825,.T.);
#2943 = DIRECTION('',(1.,0.,0.));
#2944 = VECTOR('',#2943,1.);
#2945 = LINE('',#2818,#2944);
#2946 = EDGE_CURVE('',#2819,#2919,#2945,.T.);
#2947 = ORIENTED_EDGE('',*,*,#2946,.T.);
#2948 = CARTESIAN_POINT('',(5.3950000000000005,-0.315,-9.));
#2949 = DIRECTION('',(0.,-1.,0.));
#2950 = DIRECTION('',(0.,0.,1.));
#2951 = AXIS2_PLACEMENT_3D('',#2948,#2949,#2950);
#2952 = PLANE('',#2951);
#2953 = EDGE_LOOP('',(#2940,#2941,#2942,#2947));
#2954 = FACE_OUTER_BOUND('',#2953,.T.);
#2955 = ADVANCED_FACE('',(#2954),#2952,.T.);
#2956 = CARTESIAN_POINT('',(5.255,-0.175,-9.6));
#2957 = VERTEX_POINT('',#2956);
#2958 = DIRECTION('',(0.,1.,0.));
#2959 = VECTOR('',#2958,1.);
#2960 = LINE('',#2956,#2959);
#2961 = EDGE_CURVE('',#2957,#2875,#2960,.T.);
#2962 = ORIENTED_EDGE('',*,*,#2961,.T.);
#2963 = ORIENTED_EDGE('',*,*,#2886,.T.);
#2964 = ORIENTED_EDGE('',*,*,#2923,.F.);
#2965 = DIRECTION('',(0.22158112824152243,-0.22158112824152154,0.9496334067493774));
#2966 = VECTOR('',#2965,1.);
#2967 = LINE('',#2956,#2966);
#2968 = EDGE_CURVE('',#2957,#2919,#2967,.T.);
#2969 = ORIENTED_EDGE('',*,*,#2968,.F.);
#2970 = CARTESIAN_POINT('',(5.255,-0.175,-9.6));
#2971 = DIRECTION('',(0.9738412097417932,0.,-0.2272296156064191));
#2972 = DIRECTION('',(0.,1.,0.));
#2973 = AXIS2_PLACEMENT_3D('',#2970,#2971,#2972);
#2974 = PLANE('',#2973);
#2975 = EDGE_LOOP('',(#2962,#2963,#2964,#2969));
#2976 = FACE_OUTER_BOUND('',#2975,.T.);
#2977 = ADVANCED_FACE('',(#2976),#2974,.T.);
#2978 = ORIENTED_EDGE('',*,*,#2968,.T.);
#2979 = ORIENTED_EDGE('',*,*,#2946,.F.);
#2980 = ORIENTED_EDGE('',*,*,#2864,.T.);
#2981 = DIRECTION('',(1.,0.,0.));
#2982 = VECTOR('',#2981,1.);
#2983 = LINE('',#2848,#2982);
#2984 = EDGE_CURVE('',#2849,#2957,#2983,.T.);
#2985 = ORIENTED_EDGE('',*,*,#2984,.T.);
#2986 = CARTESIAN_POINT('',(5.255,-0.175,-9.6));
#2987 = DIRECTION('',(0.,-0.9738412097417931,-0.22722961560641877));
#2988 = DIRECTION('',(0.22158112824152243,-0.22158112824152154,0.9496334067493774));
#2989 = AXIS2_PLACEMENT_3D('',#2986,#2987,#2988);
#2990 = PLANE('',#2989);
#2991 = EDGE_LOOP('',(#2978,#2979,#2980,#2985));
#2992 = FACE_OUTER_BOUND('',#2991,.T.);
#2993 = ADVANCED_FACE('',(#2992),#2990,.T.);
#2994 = ORIENTED_EDGE('',*,*,#2984,.F.);
#2995 = ORIENTED_EDGE('',*,*,#2859,.T.);
#2996 = ORIENTED_EDGE('',*,*,#2879,.T.);
#2997 = ORIENTED_EDGE('',*,*,#2961,.F.);
#2998 = CARTESIAN_POINT('',(5.255,-0.175,-9.6));
#2999 = DIRECTION('',(0.,0.,-1.));
#3000 = DIRECTION('',(-1.,0.,0.));
#3001 = AXIS2_PLACEMENT_3D('',#2998,#2999,#3000);
#3002 = PLANE('',#3001);
#3003 = EDGE_LOOP('',(#2994,#2995,#2996,#2997));
#3004 = FACE_OUTER_BOUND('',#3003,.T.);
#3005 = ADVANCED_FACE('',(#3004),#3002,.T.);
#3006 = CLOSED_SHELL('',(#2817,#2845,#2873,#2895,#2917,#2939,#2955,#2977,#2993,#3005));
#3007 = MANIFOLD_SOLID_BREP('',#3006);
#3008 = ADVANCED_BREP_SHAPE_REPRESENTATION('',(#17,#155,#389,#615,#753,#987,#1213,#1351,#1585,#1811,#1949,#2183,#2409,#2547,#2781,#3007),#13);
#3009 = SHAPE_DEFINITION_REPRESENTATION(#8,#3008);
#3010 = MECHANICAL_DESIGN_GEOMETRIC_PRESENTATION_REPRESENTATION('',(#163,#761,#1359,#1957,#2555),#13);
ENDSEC;
END-ISO-10303-21;