ISO-10303-21;
HEADER;
FILE_DESCRIPTION(('shape.step'),'2;1');
FILE_NAME('shape.step','2026-09-12',('tscircuit'),('tscircuit'),'generator','','');
FILE_SCHEMA(('AUTOMOTIVE_DESIGN { 1 0 10303 214 1 1 1 1 }'));
ENDSEC;
DATA;
#1 = APPLICATION_CONTEXT('core data for automotive mechanical design processes');
#2 = APPLICATION_PROTOCOL_DEFINITION('international standard','automotive_design',2000,#1);
#3 = PRODUCT_CONTEXT('',#1,'mechanical');
#4 = PRODUCT('shape','shape','',(#3));
#5 = PRODUCT_DEFINITION_CONTEXT('part definition',#1,'design');
#6 = PRODUCT_DEFINITION_FORMATION('','',#4);
#7 = PRODUCT_DEFINITION('design','',#6,#5);
#8 = PRODUCT_DEFINITION_SHAPE('','',#7);
#9 = (
LENGTH_UNIT()
NAMED_UNIT(*)
SI_UNIT(.MILLI.,.METRE.)
);
#10 = (
NAMED_UNIT(*)
PLANE_ANGLE_UNIT()
SI_UNIT($,.RADIAN.)
);
#11 = (
NAMED_UNIT(*)
SI_UNIT($,.STERADIAN.)
SOLID_ANGLE_UNIT()
);
#12 = UNCERTAINTY_MEASURE_WITH_UNIT(LENGTH_MEASURE(1.E-07),#9,'distance_accuracy_value','confusion accuracy');
#13 = (
GEOMETRIC_REPRESENTATION_CONTEXT(3)
GLOBAL_UNCERTAINTY_ASSIGNED_CONTEXT((#12))
GLOBAL_UNIT_ASSIGNED_CONTEXT((#9,#10,#11))
REPRESENTATION_CONTEXT('Context #1','3D
Context with
TORTURE://UNITS')
);
#14 = CARTESIAN_POINT('',(0.,0.,0.));
#15 = DIRECTION('',(0.,0.,1.));
#16 = DIRECTION('',(1.,0.,0.));
#17 = AXIS2_PLACEMENT_3D('',#14,#15,#16);
#18 = CARTESIAN_POINT('',(-20.32,-1.27,0.));
#19 = VERTEX_POINT('',#18);
#20 = CARTESIAN_POINT('',(-20.32,-1.27,5.));
#21 = VERTEX_POINT('',#20);
#22 = CARTESIAN_POINT('',(-20.32,-0.8504999999999999,5.));
#23 = VERTEX_POINT('',#22);
#24 = CARTESIAN_POINT('',(-20.32,0.8504999999999999,5.));
#25 = VERTEX_POINT('',#24);
#26 = CARTESIAN_POINT('',(-20.32,1.27,5.));
#27 = VERTEX_POINT('',#26);
#28 = CARTESIAN_POINT('',(-20.32,1.27,0.));
#29 = VERTEX_POINT('',#28);
#30 = CARTESIAN_POINT('',(-20.32,0.4724999999999999,0.));
#31 = VERTEX_POINT('',#30);
#32 = CARTESIAN_POINT('',(-20.32,-0.4724999999999999,0.));
#33 = VERTEX_POINT('',#32);
#34 = DIRECTION('',(0.,0.,1.));
#35 = VECTOR('',#34,1.);
#36 = LINE('',#18,#35);
#37 = EDGE_CURVE('',#19,#21,#36,.T.);
#38 = ORIENTED_EDGE('',*,*,#37,.T.);
#39 = DIRECTION('',(0.,-1.,0.));
#40 = VECTOR('',#39,1.);
#41 = LINE('',#22,#40);
#42 = EDGE_CURVE('',#23,#21,#41,.T.);
#43 = ORIENTED_EDGE('',*,*,#42,.F.);
#44 = DIRECTION('',(0.,1.,0.));
#45 = VECTOR('',#44,1.);
#46 = LINE('',#22,#45);
#47 = EDGE_CURVE('',#23,#25,#46,.T.);
#48 = ORIENTED_EDGE('',*,*,#47,.T.);
#49 = DIRECTION('',(0.,1.,0.));
#50 = VECTOR('',#49,1.);
#51 = LINE('',#24,#50);
#52 = EDGE_CURVE('',#25,#27,#51,.T.);
#53 = ORIENTED_EDGE('',*,*,#52,.T.);
#54 = DIRECTION('',(0.,0.,1.));
#55 = VECTOR('',#54,1.);
#56 = LINE('',#28,#55);
#57 = EDGE_CURVE('',#29,#27,#56,.T.);
#58 = ORIENTED_EDGE('',*,*,#57,.F.);
#59 = DIRECTION('',(0.,1.,0.));
#60 = VECTOR('',#59,1.);
#61 = LINE('',#30,#60);
#62 = EDGE_CURVE('',#31,#29,#61,.T.);
#63 = ORIENTED_EDGE('',*,*,#62,.F.);
#64 = DIRECTION('',(0.,1.,0.));
#65 = VECTOR('',#64,1.);
#66 = LINE('',#32,#65);
#67 = EDGE_CURVE('',#33,#31,#66,.T.);
#68 = ORIENTED_EDGE('',*,*,#67,.F.);
#69 = DIRECTION('',(0.,-1.,0.));
#70 = VECTOR('',#69,1.);
#71 = LINE('',#32,#70);
#72 = EDGE_CURVE('',#33,#19,#71,.T.);
#73 = ORIENTED_EDGE('',*,*,#72,.T.);
#74 = CARTESIAN_POINT('',(-20.32,-1.27,0.));
#75 = DIRECTION('',(-1.,0.,0.));
#76 = DIRECTION('',(0.,0.,1.));
#77 = AXIS2_PLACEMENT_3D('',#74,#75,#76);
#78 = PLANE('',#77);
#79 = EDGE_LOOP('',(#38,#43,#48,#53,#58,#63,#68,#73));
#80 = FACE_OUTER_BOUND('',#79,.T.);
#81 = ADVANCED_FACE('',(#80),#78,.T.);
#82 = CARTESIAN_POINT('',(-17.78,-1.27,0.));
#83 = VERTEX_POINT('',#82);
#84 = CARTESIAN_POINT('',(-17.78,-0.4724999999999999,0.));
#85 = VERTEX_POINT('',#84);
#86 = CARTESIAN_POINT('',(-17.78,0.4724999999999999,0.));
#87 = VERTEX_POINT('',#86);
#88 = CARTESIAN_POINT('',(-17.78,1.27,0.));
#89 = VERTEX_POINT('',#88);
#90 = CARTESIAN_POINT('',(-17.78,1.27,5.));
#91 = VERTEX_POINT('',#90);
#92 = CARTESIAN_POINT('',(-17.78,0.8504999999999999,5.));
#93 = VERTEX_POINT('',#92);
#94 = CARTESIAN_POINT('',(-17.78,-0.8504999999999999,5.));
#95 = VERTEX_POINT('',#94);
#96 = CARTESIAN_POINT('',(-17.78,-1.27,5.));
#97 = VERTEX_POINT('',#96);
#98 = DIRECTION('',(0.,-1.,0.));
#99 = VECTOR('',#98,1.);
#100 = LINE('',#84,#99);
#101 = EDGE_CURVE('',#85,#83,#100,.T.);
#102 = ORIENTED_EDGE('',*,*,#101,.F.);
#103 = DIRECTION('',(0.,1.,0.));
#104 = VECTOR('',#103,1.);
#105 = LINE('',#84,#104);
#106 = EDGE_CURVE('',#85,#87,#105,.T.);
#107 = ORIENTED_EDGE('',*,*,#106,.T.);
#108 = DIRECTION('',(0.,1.,0.));
#109 = VECTOR('',#108,1.);
#110 = LINE('',#86,#109);
#111 = EDGE_CURVE('',#87,#89,#110,.T.);
#112 = ORIENTED_EDGE('',*,*,#111,.T.);
#113 = DIRECTION('',(0.,0.,1.));
#114 = VECTOR('',#113,1.);
#115 = LINE('',#88,#114);
#116 = EDGE_CURVE('',#89,#91,#115,.T.);
#117 = ORIENTED_EDGE('',*,*,#116,.T.);
#118 = DIRECTION('',(0.,1.,0.));
#119 = VECTOR('',#118,1.);
#120 = LINE('',#92,#119);
#121 = EDGE_CURVE('',#93,#91,#120,.T.);
#122 = ORIENTED_EDGE('',*,*,#121,.F.);
#123 = DIRECTION('',(0.,1.,0.));
#124 = VECTOR('',#123,1.);
#125 = LINE('',#94,#124);
#126 = EDGE_CURVE('',#95,#93,#125,.T.);
#127 = ORIENTED_EDGE('',*,*,#126,.F.);
#128 = DIRECTION('',(0.,-1.,0.));
#129 = VECTOR('',#128,1.);
#130 = LINE('',#94,#129);
#131 = EDGE_CURVE('',#95,#97,#130,.T.);
#132 = ORIENTED_EDGE('',*,*,#131,.T.);
#133 = DIRECTION('',(0.,0.,1.));
#134 = VECTOR('',#133,1.);
#135 = LINE('',#82,#134);
#136 = EDGE_CURVE('',#83,#97,#135,.T.);
#137 = ORIENTED_EDGE('',*,*,#136,.F.);
#138 = CARTESIAN_POINT('',(-17.78,-1.27,0.));
#139 = DIRECTION('',(1.,0.,0.));
#140 = DIRECTION('',(0.,1.,0.));
#141 = AXIS2_PLACEMENT_3D('',#138,#139,#140);
#142 = PLANE('',#141);
#143 = EDGE_LOOP('',(#102,#107,#112,#117,#122,#127,#132,#137));
#144 = FACE_OUTER_BOUND('',#143,.T.);
#145 = ADVANCED_FACE('',(#144),#142,.T.);
#146 = DIRECTION('',(-1.,0.,0.));
#147 = VECTOR('',#146,1.);
#148 = LINE('',#82,#147);
#149 = EDGE_CURVE('',#83,#19,#148,.T.);
#150 = ORIENTED_EDGE('',*,*,#149,.F.);
#151 = ORIENTED_EDGE('',*,*,#136,.T.);
#152 = DIRECTION('',(-1.,0.,0.));
#153 = VECTOR('',#152,1.);
#154 = LINE('',#96,#153);
#155 = EDGE_CURVE('',#97,#21,#154,.T.);
#156 = ORIENTED_EDGE('',*,*,#155,.T.);
#157 = ORIENTED_EDGE('',*,*,#37,.F.);
#158 = CARTESIAN_POINT('',(-20.32,-1.27,0.));
#159 = DIRECTION('',(0.,-1.,0.));
#160 = DIRECTION('',(1.,0.,0.));
#161 = AXIS2_PLACEMENT_3D('',#158,#159,#160);
#162 = PLANE('',#161);
#163 = EDGE_LOOP('',(#150,#151,#156,#157));
#164 = FACE_OUTER_BOUND('',#163,.T.);
#165 = ADVANCED_FACE('',(#164),#162,.T.);
#166 = ORIENTED_EDGE('',*,*,#57,.T.);
#167 = DIRECTION('',(-1.,0.,0.));
#168 = VECTOR('',#167,1.);
#169 = LINE('',#90,#168);
#170 = EDGE_CURVE('',#91,#27,#169,.T.);
#171 = ORIENTED_EDGE('',*,*,#170,.F.);
#172 = ORIENTED_EDGE('',*,*,#116,.F.);
#173 = DIRECTION('',(-1.,0.,0.));
#174 = VECTOR('',#173,1.);
#175 = LINE('',#88,#174);
#176 = EDGE_CURVE('',#89,#29,#175,.T.);
#177 = ORIENTED_EDGE('',*,*,#176,.T.);
#178 = CARTESIAN_POINT('',(-20.32,1.27,0.));
#179 = DIRECTION('',(0.,1.,0.));
#180 = DIRECTION('',(0.,0.,1.));
#181 = AXIS2_PLACEMENT_3D('',#178,#179,#180);
#182 = PLANE('',#181);
#183 = EDGE_LOOP('',(#166,#171,#172,#177));
#184 = FACE_OUTER_BOUND('',#183,.T.);
#185 = ADVANCED_FACE('',(#184),#182,.T.);
#186 = CARTESIAN_POINT('',(-18.5775,0.4725,0.));
#187 = VERTEX_POINT('',#186);
#188 = CARTESIAN_POINT('',(-19.5225,0.4725,0.));
#189 = VERTEX_POINT('',#188);
#190 = ORIENTED_EDGE('',*,*,#111,.F.);
#191 = DIRECTION('',(-1.,0.,0.));
#192 = VECTOR('',#191,1.);
#193 = LINE('',#86,#192);
#194 = EDGE_CURVE('',#87,#187,#193,.T.);
#195 = ORIENTED_EDGE('',*,*,#194,.T.);
#196 = DIRECTION('',(-1.,0.,0.));
#197 = VECTOR('',#196,1.);
#198 = LINE('',#186,#197);
#199 = EDGE_CURVE('',#187,#189,#198,.T.);
#200 = ORIENTED_EDGE('',*,*,#199,.T.);
#201 = DIRECTION('',(-1.,0.,0.));
#202 = VECTOR('',#201,1.);
#203 = LINE('',#188,#202);
#204 = EDGE_CURVE('',#189,#31,#203,.T.);
#205 = ORIENTED_EDGE('',*,*,#204,.T.);
#206 = ORIENTED_EDGE('',*,*,#62,.T.);
#207 = ORIENTED_EDGE('',*,*,#176,.F.);
#208 = CARTESIAN_POINT('',(-17.78,1.27,0.));
#209 = DIRECTION('',(0.,0.,-1.));
#210 = DIRECTION('',(0.,-1.,0.));
#211 = AXIS2_PLACEMENT_3D('',#208,#209,#210);
#212 = PLANE('',#211);
#213 = EDGE_LOOP('',(#190,#195,#200,#205,#206,#207));
#214 = FACE_OUTER_BOUND('',#213,.T.);
#215 = ADVANCED_FACE('',(#214),#212,.T.);
#216 = CARTESIAN_POINT('',(-19.5225,-0.4724999999999999,0.));
#217 = VERTEX_POINT('',#216);
#218 = DIRECTION('',(0.,1.,0.));
#219 = VECTOR('',#218,1.);
#220 = LINE('',#216,#219);
#221 = EDGE_CURVE('',#217,#189,#220,.T.);
#222 = ORIENTED_EDGE('',*,*,#221,.F.);
#223 = DIRECTION('',(-1.,0.,0.));
#224 = VECTOR('',#223,1.);
#225 = LINE('',#216,#224);
#226 = EDGE_CURVE('',#217,#33,#225,.T.);
#227 = ORIENTED_EDGE('',*,*,#226,.T.);
#228 = ORIENTED_EDGE('',*,*,#67,.T.);
#229 = ORIENTED_EDGE('',*,*,#204,.F.);
#230 = CARTESIAN_POINT('',(-19.5225,0.4724999999999999,0.));
#231 = DIRECTION('',(0.,0.,-1.));
#232 = DIRECTION('',(0.,-1.,0.));
#233 = AXIS2_PLACEMENT_3D('',#230,#231,#232);
#234 = PLANE('',#233);
#235 = EDGE_LOOP('',(#222,#227,#228,#229));
#236 = FACE_OUTER_BOUND('',#235,.T.);
#237 = ADVANCED_FACE('',(#236),#234,.T.);
#238 = CARTESIAN_POINT('',(-18.5775,-0.4724999999999999,0.));
#239 = VERTEX_POINT('',#238);
#240 = ORIENTED_EDGE('',*,*,#106,.F.);
#241 = DIRECTION('',(-1.,0.,0.));
#242 = VECTOR('',#241,1.);
#243 = LINE('',#84,#242);
#244 = EDGE_CURVE('',#85,#239,#243,.T.);
#245 = ORIENTED_EDGE('',*,*,#244,.T.);
#246 = DIRECTION('',(0.,1.,0.));
#247 = VECTOR('',#246,1.);
#248 = LINE('',#238,#247);
#249 = EDGE_CURVE('',#239,#187,#248,.T.);
#250 = ORIENTED_EDGE('',*,*,#249,.T.);
#251 = ORIENTED_EDGE('',*,*,#194,.F.);
#252 = CARTESIAN_POINT('',(-17.78,0.4724999999999999,0.));
#253 = DIRECTION('',(0.,0.,-1.));
#254 = DIRECTION('',(0.,-1.,0.));
#255 = AXIS2_PLACEMENT_3D('',#252,#253,#254);
#256 = PLANE('',#255);
#257 = EDGE_LOOP('',(#240,#245,#250,#251));
#258 = FACE_OUTER_BOUND('',#257,.T.);
#259 = ADVANCED_FACE('',(#258),#256,.T.);
#260 = ORIENTED_EDGE('',*,*,#101,.T.);
#261 = ORIENTED_EDGE('',*,*,#149,.T.);
#262 = ORIENTED_EDGE('',*,*,#72,.F.);
#263 = ORIENTED_EDGE('',*,*,#226,.F.);
#264 = DIRECTION('',(-1.,0.,0.));
#265 = VECTOR('',#264,1.);
#266 = LINE('',#238,#265);
#267 = EDGE_CURVE('',#239,#217,#266,.T.);
#268 = ORIENTED_EDGE('',*,*,#267,.F.);
#269 = ORIENTED_EDGE('',*,*,#244,.F.);
#270 = CARTESIAN_POINT('',(-17.78,-0.4724999999999999,0.));
#271 = DIRECTION('',(0.,0.,-1.));
#272 = DIRECTION('',(0.,-1.,0.));
#273 = AXIS2_PLACEMENT_3D('',#270,#271,#272);
#274 = PLANE('',#273);
#275 = EDGE_LOOP('',(#260,#261,#262,#263,#268,#269));
#276 = FACE_OUTER_BOUND('',#275,.T.);
#277 = ADVANCED_FACE('',(#276),#274,.T.);
#278 = CARTESIAN_POINT('',(-19.9005,-0.8504999999999999,4.995));
#279 = VERTEX_POINT('',#278);
#280 = CARTESIAN_POINT('',(-18.1995,-0.8504999999999999,4.995));
#281 = VERTEX_POINT('',#280);
#282 = CARTESIAN_POINT('',(-18.5775,-0.4725,4.3854));
#283 = VERTEX_POINT('',#282);
#284 = CARTESIAN_POINT('',(-19.5225,-0.4725,4.3854));
#285 = VERTEX_POINT('',#284);
#286 = DIRECTION('',(-1.,0.,0.));
#287 = VECTOR('',#286,1.);
#288 = LINE('',#280,#287);
#289 = EDGE_CURVE('',#281,#279,#288,.T.);
#290 = ORIENTED_EDGE('',*,*,#289,.F.);
#291 = DIRECTION('',(-0.46621205975657015,0.46621205975656993,-0.7518594487502784));
#292 = VECTOR('',#291,1.);
#293 = LINE('',#280,#292);
#294 = EDGE_CURVE('',#281,#283,#293,.T.);
#295 = ORIENTED_EDGE('',*,*,#294,.T.);
#296 = DIRECTION('',(-1.,0.,0.));
#297 = VECTOR('',#296,1.);
#298 = LINE('',#282,#297);
#299 = EDGE_CURVE('',#283,#285,#298,.T.);
#300 = ORIENTED_EDGE('',*,*,#299,.T.);
#301 = DIRECTION('',(-0.46621205975657015,-0.46621205975656993,0.7518594487502784));
#302 = VECTOR('',#301,1.);
#303 = LINE('',#284,#302);
#304 = EDGE_CURVE('',#285,#279,#303,.T.);
#305 = ORIENTED_EDGE('',*,*,#304,.T.);
#306 = CARTESIAN_POINT('',(-19.9005,-0.8504999999999999,4.995));
#307 = DIRECTION('',(0.,0.8498727207846387,0.5269880059983487));
#308 = DIRECTION('',(1.,0.,0.));
#309 = AXIS2_PLACEMENT_3D('',#306,#307,#308);
#310 = PLANE('',#309);
#311 = EDGE_LOOP('',(#290,#295,#300,#305));
#312 = FACE_OUTER_BOUND('',#311,.T.);
#313 = ADVANCED_FACE('',(#312),#310,.T.);
#314 = CARTESIAN_POINT('',(-19.5225,0.4725,4.3854));
#315 = VERTEX_POINT('',#314);
#316 = CARTESIAN_POINT('',(-19.9005,0.8504999999999999,4.995));
#317 = VERTEX_POINT('',#316);
#318 = DIRECTION('',(-0.46621205975657015,0.46621205975656993,0.7518594487502784));
#319 = VECTOR('',#318,1.);
#320 = LINE('',#314,#319);
#321 = EDGE_CURVE('',#315,#317,#320,.T.);
#322 = ORIENTED_EDGE('',*,*,#321,.T.);
#323 = DIRECTION('',(0.,1.,0.));
#324 = VECTOR('',#323,1.);
#325 = LINE('',#278,#324);
#326 = EDGE_CURVE('',#279,#317,#325,.T.);
#327 = ORIENTED_EDGE('',*,*,#326,.F.);
#328 = ORIENTED_EDGE('',*,*,#304,.F.);
#329 = DIRECTION('',(0.,1.,0.));
#330 = VECTOR('',#329,1.);
#331 = LINE('',#284,#330);
#332 = EDGE_CURVE('',#285,#315,#331,.T.);
#333 = ORIENTED_EDGE('',*,*,#332,.T.);
#334 = CARTESIAN_POINT('',(-19.5225,0.4725,4.3854));
#335 = DIRECTION('',(0.8498727207846386,0.,0.5269880059983487));
#336 = DIRECTION('',(-0.46621205975657015,0.46621205975656993,0.7518594487502784));
#337 = AXIS2_PLACEMENT_3D('',#334,#335,#336);
#338 = PLANE('',#337);
#339 = EDGE_LOOP('',(#322,#327,#328,#333));
#340 = FACE_OUTER_BOUND('',#339,.T.);
#341 = ADVANCED_FACE('',(#340),#338,.T.);
#342 = CARTESIAN_POINT('',(-18.1995,0.8504999999999999,4.995));
#343 = VERTEX_POINT('',#342);
#344 = CARTESIAN_POINT('',(-18.5775,0.4725,4.3854));
#345 = VERTEX_POINT('',#344);
#346 = DIRECTION('',(-1.,0.,0.));
#347 = VECTOR('',#346,1.);
#348 = LINE('',#342,#347);
#349 = EDGE_CURVE('',#343,#317,#348,.T.);
#350 = ORIENTED_EDGE('',*,*,#349,.T.);
#351 = ORIENTED_EDGE('',*,*,#321,.F.);
#352 = DIRECTION('',(-1.,0.,0.));
#353 = VECTOR('',#352,1.);
#354 = LINE('',#344,#353);
#355 = EDGE_CURVE('',#345,#315,#354,.T.);
#356 = ORIENTED_EDGE('',*,*,#355,.F.);
#357 = DIRECTION('',(-0.46621205975657015,-0.46621205975656993,-0.7518594487502784));
#358 = VECTOR('',#357,1.);
#359 = LINE('',#342,#358);
#360 = EDGE_CURVE('',#343,#345,#359,.T.);
#361 = ORIENTED_EDGE('',*,*,#360,.F.);
#362 = CARTESIAN_POINT('',(-18.1995,0.8504999999999999,4.995));
#363 = DIRECTION('',(0.,-0.8498727207846387,0.5269880059983487));
#364 = DIRECTION('',(-1.,0.,0.));
#365 = AXIS2_PLACEMENT_3D('',#362,#363,#364);
#366 = PLANE('',#365);
#367 = EDGE_LOOP('',(#350,#351,#356,#361));
#368 = FACE_OUTER_BOUND('',#367,.T.);
#369 = ADVANCED_FACE('',(#368),#366,.T.);
#370 = ORIENTED_EDGE('',*,*,#294,.F.);
#371 = DIRECTION('',(0.,1.,0.));
#372 = VECTOR('',#371,1.);
#373 = LINE('',#280,#372);
#374 = EDGE_CURVE('',#281,#343,#373,.T.);
#375 = ORIENTED_EDGE('',*,*,#374,.T.);
#376 = ORIENTED_EDGE('',*,*,#360,.T.);
#377 = DIRECTION('',(0.,1.,0.));
#378 = VECTOR('',#377,1.);
#379 = LINE('',#282,#378);
#380 = EDGE_CURVE('',#283,#345,#379,.T.);
#381 = ORIENTED_EDGE('',*,*,#380,.F.);
#382 = CARTESIAN_POINT('',(-18.5775,-0.4725,4.3854));
#383 = DIRECTION('',(-0.8498727207846386,0.,0.5269880059983487));
#384 = DIRECTION('',(0.46621205975657015,-0.46621205975656993,0.7518594487502784));
#385 = AXIS2_PLACEMENT_3D('',#382,#383,#384);
#386 = PLANE('',#385);
#387 = EDGE_LOOP('',(#370,#375,#376,#381));
#388 = FACE_OUTER_BOUND('',#387,.T.);
#389 = ADVANCED_FACE('',(#388),#386,.T.);
#390 = CARTESIAN_POINT('',(-18.1995,-0.8504999999999999,5.));
#391 = VERTEX_POINT('',#390);
#392 = CARTESIAN_POINT('',(-19.9005,-0.8504999999999999,5.));
#393 = VERTEX_POINT('',#392);
#394 = DIRECTION('',(0.,0.,1.));
#395 = VECTOR('',#394,1.);
#396 = LINE('',#280,#395);
#397 = EDGE_CURVE('',#281,#391,#396,.T.);
#398 = ORIENTED_EDGE('',*,*,#397,.F.);
#399 = ORIENTED_EDGE('',*,*,#289,.T.);
#400 = DIRECTION('',(0.,0.,1.));
#401 = VECTOR('',#400,1.);
#402 = LINE('',#278,#401);
#403 = EDGE_CURVE('',#279,#393,#402,.T.);
#404 = ORIENTED_EDGE('',*,*,#403,.T.);
#405 = DIRECTION('',(-1.,0.,0.));
#406 = VECTOR('',#405,1.);
#407 = LINE('',#390,#406);
#408 = EDGE_CURVE('',#391,#393,#407,.T.);
#409 = ORIENTED_EDGE('',*,*,#408,.F.);
#410 = CARTESIAN_POINT('',(-18.1995,-0.8504999999999999,5.));
#411 = DIRECTION('',(0.,1.,0.));
#412 = DIRECTION('',(0.,0.,-1.));
#413 = AXIS2_PLACEMENT_3D('',#410,#411,#412);
#414 = PLANE('',#413);
#415 = EDGE_LOOP('',(#398,#399,#404,#409));
#416 = FACE_OUTER_BOUND('',#415,.T.);
#417 = ADVANCED_FACE('',(#416),#414,.T.);
#418 = CARTESIAN_POINT('',(-19.9005,0.8504999999999999,5.));
#419 = VERTEX_POINT('',#418);
#420 = ORIENTED_EDGE('',*,*,#403,.F.);
#421 = ORIENTED_EDGE('',*,*,#326,.T.);
#422 = DIRECTION('',(0.,0.,1.));
#423 = VECTOR('',#422,1.);
#424 = LINE('',#316,#423);
#425 = EDGE_CURVE('',#317,#419,#424,.T.);
#426 = ORIENTED_EDGE('',*,*,#425,.T.);
#427 = DIRECTION('',(0.,1.,0.));
#428 = VECTOR('',#427,1.);
#429 = LINE('',#392,#428);
#430 = EDGE_CURVE('',#393,#419,#429,.T.);
#431 = ORIENTED_EDGE('',*,*,#430,.F.);
#432 = CARTESIAN_POINT('',(-19.9005,-0.8504999999999999,5.));
#433 = DIRECTION('',(1.,0.,0.));
#434 = DIRECTION('',(0.,0.,-1.));
#435 = AXIS2_PLACEMENT_3D('',#432,#433,#434);
#436 = PLANE('',#435);
#437 = EDGE_LOOP('',(#420,#421,#426,#431));
#438 = FACE_OUTER_BOUND('',#437,.T.);
#439 = ADVANCED_FACE('',(#438),#436,.T.);
#440 = CARTESIAN_POINT('',(-18.1995,0.8504999999999999,5.));
#441 = VERTEX_POINT('',#440);
#442 = DIRECTION('',(0.,0.,1.));
#443 = VECTOR('',#442,1.);
#444 = LINE('',#342,#443);
#445 = EDGE_CURVE('',#343,#441,#444,.T.);
#446 = ORIENTED_EDGE('',*,*,#445,.F.);
#447 = ORIENTED_EDGE('',*,*,#374,.F.);
#448 = ORIENTED_EDGE('',*,*,#397,.T.);
#449 = DIRECTION('',(0.,1.,0.));
#450 = VECTOR('',#449,1.);
#451 = LINE('',#390,#450);
#452 = EDGE_CURVE('',#391,#441,#451,.T.);
#453 = ORIENTED_EDGE('',*,*,#452,.T.);
#454 = CARTESIAN_POINT('',(-18.1995,0.8504999999999999,5.));
#455 = DIRECTION('',(-1.,0.,0.));
#456 = DIRECTION('',(0.,0.,-1.));
#457 = AXIS2_PLACEMENT_3D('',#454,#455,#456);
#458 = PLANE('',#457);
#459 = EDGE_LOOP('',(#446,#447,#448,#453));
#460 = FACE_OUTER_BOUND('',#459,.T.);
#461 = ADVANCED_FACE('',(#460),#458,.T.);
#462 = ORIENTED_EDGE('',*,*,#425,.F.);
#463 = ORIENTED_EDGE('',*,*,#349,.F.);
#464 = ORIENTED_EDGE('',*,*,#445,.T.);
#465 = DIRECTION('',(-1.,0.,0.));
#466 = VECTOR('',#465,1.);
#467 = LINE('',#440,#466);
#468 = EDGE_CURVE('',#441,#419,#467,.T.);
#469 = ORIENTED_EDGE('',*,*,#468,.T.);
#470 = CARTESIAN_POINT('',(-19.9005,0.8504999999999999,5.));
#471 = DIRECTION('',(0.,-1.,0.));
#472 = DIRECTION('',(0.,0.,-1.));
#473 = AXIS2_PLACEMENT_3D('',#470,#471,#472);
#474 = PLANE('',#473);
#475 = EDGE_LOOP('',(#462,#463,#464,#469));
#476 = FACE_OUTER_BOUND('',#475,.T.);
#477 = ADVANCED_FACE('',(#476),#474,.T.);
#478 = DIRECTION('',(0.,0.,1.));
#479 = VECTOR('',#478,1.);
#480 = LINE('',#216,#479);
#481 = EDGE_CURVE('',#217,#285,#480,.T.);
#482 = ORIENTED_EDGE('',*,*,#481,.F.);
#483 = ORIENTED_EDGE('',*,*,#221,.T.);
#484 = DIRECTION('',(0.,0.,1.));
#485 = VECTOR('',#484,1.);
#486 = LINE('',#188,#485);
#487 = EDGE_CURVE('',#189,#315,#486,.T.);
#488 = ORIENTED_EDGE('',*,*,#487,.T.);
#489 = ORIENTED_EDGE('',*,*,#332,.F.);
#490 = CARTESIAN_POINT('',(-19.5225,-0.4725,4.385399999999999));
#491 = DIRECTION('',(1.,0.,0.));
#492 = DIRECTION('',(0.,0.,-1.));
#493 = AXIS2_PLACEMENT_3D('',#490,#491,#492);
#494 = PLANE('',#493);
#495 = EDGE_LOOP('',(#482,#483,#488,#489));
#496 = FACE_OUTER_BOUND('',#495,.T.);
#497 = ADVANCED_FACE('',(#496),#494,.T.);
#498 = ORIENTED_EDGE('',*,*,#380,.T.);
#499 = DIRECTION('',(0.,0.,1.));
#500 = VECTOR('',#499,1.);
#501 = LINE('',#186,#500);
#502 = EDGE_CURVE('',#187,#345,#501,.T.);
#503 = ORIENTED_EDGE('',*,*,#502,.F.);
#504 = ORIENTED_EDGE('',*,*,#249,.F.);
#505 = DIRECTION('',(0.,0.,1.));
#506 = VECTOR('',#505,1.);
#507 = LINE('',#238,#506);
#508 = EDGE_CURVE('',#239,#283,#507,.T.);
#509 = ORIENTED_EDGE('',*,*,#508,.T.);
#510 = CARTESIAN_POINT('',(-18.5775,-0.4725,4.385399999999999));
#511 = DIRECTION('',(-1.,0.,0.));
#512 = DIRECTION('',(0.,1.,0.));
#513 = AXIS2_PLACEMENT_3D('',#510,#511,#512);
#514 = PLANE('',#513);
#515 = EDGE_LOOP('',(#498,#503,#504,#509));
#516 = FACE_OUTER_BOUND('',#515,.T.);
#517 = ADVANCED_FACE('',(#516),#514,.T.);
#518 = ORIENTED_EDGE('',*,*,#508,.F.);
#519 = ORIENTED_EDGE('',*,*,#267,.T.);
#520 = ORIENTED_EDGE('',*,*,#481,.T.);
#521 = ORIENTED_EDGE('',*,*,#299,.F.);
#522 = CARTESIAN_POINT('',(-18.5775,-0.4725,4.385400000000001));
#523 = DIRECTION('',(0.,1.,0.));
#524 = DIRECTION('',(0.,0.,-1.));
#525 = AXIS2_PLACEMENT_3D('',#522,#523,#524);
#526 = PLANE('',#525);
#527 = EDGE_LOOP('',(#518,#519,#520,#521));
#528 = FACE_OUTER_BOUND('',#527,.T.);
#529 = ADVANCED_FACE('',(#528),#526,.T.);
#530 = ORIENTED_EDGE('',*,*,#487,.F.);
#531 = ORIENTED_EDGE('',*,*,#199,.F.);
#532 = ORIENTED_EDGE('',*,*,#502,.T.);
#533 = ORIENTED_EDGE('',*,*,#355,.T.);
#534 = CARTESIAN_POINT('',(-19.5225,0.4725,4.385399999999999));
#535 = DIRECTION('',(0.,-1.,0.));
#536 = DIRECTION('',(0.,0.,-1.));
#537 = AXIS2_PLACEMENT_3D('',#534,#535,#536);
#538 = PLANE('',#537);
#539 = EDGE_LOOP('',(#530,#531,#532,#533));
#540 = FACE_OUTER_BOUND('',#539,.T.);
#541 = ADVANCED_FACE('',(#540),#538,.T.);
#542 = ORIENTED_EDGE('',*,*,#52,.F.);
#543 = DIRECTION('',(-1.,0.,0.));
#544 = VECTOR('',#543,1.);
#545 = LINE('',#418,#544);
#546 = EDGE_CURVE('',#419,#25,#545,.T.);
#547 = ORIENTED_EDGE('',*,*,#546,.F.);
#548 = ORIENTED_EDGE('',*,*,#468,.F.);
#549 = DIRECTION('',(-1.,0.,0.));
#550 = VECTOR('',#549,1.);
#551 = LINE('',#92,#550);
#552 = EDGE_CURVE('',#93,#441,#551,.T.);
#553 = ORIENTED_EDGE('',*,*,#552,.F.);
#554 = ORIENTED_EDGE('',*,*,#121,.T.);
#555 = ORIENTED_EDGE('',*,*,#170,.T.);
#556 = CARTESIAN_POINT('',(-20.32,1.27,5.));
#557 = DIRECTION('',(0.,0.,1.));
#558 = DIRECTION('',(0.,-1.,0.));
#559 = AXIS2_PLACEMENT_3D('',#556,#557,#558);
#560 = PLANE('',#559);
#561 = EDGE_LOOP('',(#542,#547,#548,#553,#554,#555));
#562 = FACE_OUTER_BOUND('',#561,.T.);
#563 = ADVANCED_FACE('',(#562),#560,.T.);
#564 = ORIENTED_EDGE('',*,*,#452,.F.);
#565 = DIRECTION('',(-1.,0.,0.));
#566 = VECTOR('',#565,1.);
#567 = LINE('',#94,#566);
#568 = EDGE_CURVE('',#95,#391,#567,.T.);
#569 = ORIENTED_EDGE('',*,*,#568,.F.);
#570 = ORIENTED_EDGE('',*,*,#126,.T.);
#571 = ORIENTED_EDGE('',*,*,#552,.T.);
#572 = CARTESIAN_POINT('',(-18.1995,0.8504999999999999,5.));
#573 = DIRECTION('',(0.,0.,1.));
#574 = DIRECTION('',(0.,-1.,0.));
#575 = AXIS2_PLACEMENT_3D('',#572,#573,#574);
#576 = PLANE('',#575);
#577 = EDGE_LOOP('',(#564,#569,#570,#571));
#578 = FACE_OUTER_BOUND('',#577,.T.);
#579 = ADVANCED_FACE('',(#578),#576,.T.);
#580 = ORIENTED_EDGE('',*,*,#47,.F.);
#581 = DIRECTION('',(-1.,0.,0.));
#582 = VECTOR('',#581,1.);
#583 = LINE('',#392,#582);
#584 = EDGE_CURVE('',#393,#23,#583,.T.);
#585 = ORIENTED_EDGE('',*,*,#584,.F.);
#586 = ORIENTED_EDGE('',*,*,#430,.T.);
#587 = ORIENTED_EDGE('',*,*,#546,.T.);
#588 = CARTESIAN_POINT('',(-20.32,0.8504999999999999,5.));
#589 = DIRECTION('',(0.,0.,1.));
#590 = DIRECTION('',(0.,-1.,0.));
#591 = AXIS2_PLACEMENT_3D('',#588,#589,#590);
#592 = PLANE('',#591);
#593 = EDGE_LOOP('',(#580,#585,#586,#587));
#594 = FACE_OUTER_BOUND('',#593,.T.);
#595 = ADVANCED_FACE('',(#594),#592,.T.);
#596 = ORIENTED_EDGE('',*,*,#42,.T.);
#597 = ORIENTED_EDGE('',*,*,#155,.F.);
#598 = ORIENTED_EDGE('',*,*,#131,.F.);
#599 = ORIENTED_EDGE('',*,*,#568,.T.);
#600 = ORIENTED_EDGE('',*,*,#408,.T.);
#601 = ORIENTED_EDGE('',*,*,#584,.T.);
#602 = CARTESIAN_POINT('',(-20.32,-0.8504999999999999,5.));
#603 = DIRECTION('',(0.,0.,1.));
#604 = DIRECTION('',(0.,-1.,0.));
#605 = AXIS2_PLACEMENT_3D('',#602,#603,#604);
#606 = PLANE('',#605);
#607 = EDGE_LOOP('',(#596,#597,#598,#599,#600,#601));
#608 = FACE_OUTER_BOUND('',#607,.T.);
#609 = ADVANCED_FACE('',(#608),#606,.T.);
#610 = CLOSED_SHELL('',(#81,#145,#165,#185,#215,#237,#259,#277,#313,#341,#369,#389,#417,#439,#461,#477,#497,#517,#529,#541,#563,#579,#595,#609));
#611 = MANIFOLD_SOLID_BREP('',#610);
#612 = COLOUR_RGB('',0.10196078431372549,0.10196078431372549,0.10196078431372549);
#613 = FILL_AREA_STYLE_COLOUR('',#612);
#614 = FILL_AREA_STYLE('',(#613));
#615 = SURFACE_STYLE_FILL_AREA(#614);
#616 = SURFACE_SIDE_STYLE('',(#615));
#617 = SURFACE_STYLE_USAGE(.BOTH.,#616);
#618 = PRESENTATION_STYLE_ASSIGNMENT((#617));
#619 = STYLED_ITEM('',(#618),#611);
#620 = CARTESIAN_POINT('',(-18.735,-0.315,0.));
#621 = VERTEX_POINT('',#620);
#622 = CARTESIAN_POINT('',(-18.735,0.315,0.));
#623 = VERTEX_POINT('',#622);
#624 = CARTESIAN_POINT('',(-19.365000000000002,0.315,0.));
#625 = VERTEX_POINT('',#624);
#626 = CARTESIAN_POINT('',(-19.365000000000002,-0.315,0.));
#627 = VERTEX_POINT('',#626);
#628 = DIRECTION('',(0.,1.,0.));
#629 = VECTOR('',#628,1.);
#630 = LINE('',#620,#629);
#631 = EDGE_CURVE('',#621,#623,#630,.T.);
#632 = ORIENTED_EDGE('',*,*,#631,.T.);
#633 = DIRECTION('',(-1.,0.,0.));
#634 = VECTOR('',#633,1.);
#635 = LINE('',#622,#634);
#636 = EDGE_CURVE('',#623,#625,#635,.T.);
#637 = ORIENTED_EDGE('',*,*,#636,.T.);
#638 = DIRECTION('',(0.,1.,0.));
#639 = VECTOR('',#638,1.);
#640 = LINE('',#626,#639);
#641 = EDGE_CURVE('',#627,#625,#640,.T.);
#642 = ORIENTED_EDGE('',*,*,#641,.F.);
#643 = DIRECTION('',(-1.,0.,0.));
#644 = VECTOR('',#643,1.);
#645 = LINE('',#620,#644);
#646 = EDGE_CURVE('',#621,#627,#645,.T.);
#647 = ORIENTED_EDGE('',*,*,#646,.F.);
#648 = CARTESIAN_POINT('',(-18.735,-0.315,0.));
#649 = DIRECTION('',(0.,0.,1.));
#650 = DIRECTION('',(0.,1.,0.));
#651 = AXIS2_PLACEMENT_3D('',#648,#649,#650);
#652 = PLANE('',#651);
#653 = EDGE_LOOP('',(#632,#637,#642,#647));
#654 = FACE_OUTER_BOUND('',#653,.T.);
#655 = ADVANCED_FACE('',(#654),#652,.T.);
#656 = CARTESIAN_POINT('',(-19.365000000000002,0.315,-2.7));
#657 = VERTEX_POINT('',#656);
#658 = CARTESIAN_POINT('',(-18.735,0.315,-2.7));
#659 = VERTEX_POINT('',#658);
#660 = DIRECTION('',(0.,0.,1.));
#661 = VECTOR('',#660,1.);
#662 = LINE('',#656,#661);
#663 = EDGE_CURVE('',#657,#625,#662,.T.);
#664 = ORIENTED_EDGE('',*,*,#663,.T.);
#665 = ORIENTED_EDGE('',*,*,#636,.F.);
#666 = DIRECTION('',(0.,0.,1.));
#667 = VECTOR('',#666,1.);
#668 = LINE('',#658,#667);
#669 = EDGE_CURVE('',#659,#623,#668,.T.);
#670 = ORIENTED_EDGE('',*,*,#669,.F.);
#671 = DIRECTION('',(-1.,0.,0.));
#672 = VECTOR('',#671,1.);
#673 = LINE('',#658,#672);
#674 = EDGE_CURVE('',#659,#657,#673,.T.);
#675 = ORIENTED_EDGE('',*,*,#674,.T.);
#676 = CARTESIAN_POINT('',(-19.365000000000002,0.315,-2.7));
#677 = DIRECTION('',(0.,1.,0.));
#678 = DIRECTION('',(0.,0.,1.));
#679 = AXIS2_PLACEMENT_3D('',#676,#677,#678);
#680 = PLANE('',#679);
#681 = EDGE_LOOP('',(#664,#665,#670,#675));
#682 = FACE_OUTER_BOUND('',#681,.T.);
#683 = ADVANCED_FACE('',(#682),#680,.T.);
#684 = CARTESIAN_POINT('',(-19.365000000000002,-0.315,-2.7));
#685 = VERTEX_POINT('',#684);
#686 = DIRECTION('',(0.,1.,0.));
#687 = VECTOR('',#686,1.);
#688 = LINE('',#684,#687);
#689 = EDGE_CURVE('',#685,#657,#688,.T.);
#690 = ORIENTED_EDGE('',*,*,#689,.F.);
#691 = DIRECTION('',(0.,0.,1.));
#692 = VECTOR('',#691,1.);
#693 = LINE('',#684,#692);
#694 = EDGE_CURVE('',#685,#627,#693,.T.);
#695 = ORIENTED_EDGE('',*,*,#694,.T.);
#696 = ORIENTED_EDGE('',*,*,#641,.T.);
#697 = ORIENTED_EDGE('',*,*,#663,.F.);
#698 = CARTESIAN_POINT('',(-19.365000000000002,0.315,-2.7));
#699 = DIRECTION('',(-1.,0.,0.));
#700 = DIRECTION('',(0.,-1.,0.));
#701 = AXIS2_PLACEMENT_3D('',#698,#699,#700);
#702 = PLANE('',#701);
#703 = EDGE_LOOP('',(#690,#695,#696,#697));
#704 = FACE_OUTER_BOUND('',#703,.T.);
#705 = ADVANCED_FACE('',(#704),#702,.T.);
#706 = CARTESIAN_POINT('',(-18.735,-0.315,-2.7));
#707 = VERTEX_POINT('',#706);
#708 = DIRECTION('',(0.,1.,0.));
#709 = VECTOR('',#708,1.);
#710 = LINE('',#706,#709);
#711 = EDGE_CURVE('',#707,#659,#710,.T.);
#712 = ORIENTED_EDGE('',*,*,#711,.T.);
#713 = ORIENTED_EDGE('',*,*,#669,.T.);
#714 = ORIENTED_EDGE('',*,*,#631,.F.);
#715 = DIRECTION('',(0.,0.,1.));
#716 = VECTOR('',#715,1.);
#717 = LINE('',#706,#716);
#718 = EDGE_CURVE('',#707,#621,#717,.T.);
#719 = ORIENTED_EDGE('',*,*,#718,.F.);
#720 = CARTESIAN_POINT('',(-18.735,-0.315,-2.7));
#721 = DIRECTION('',(1.,0.,0.));
#722 = DIRECTION('',(0.,1.,0.));
#723 = AXIS2_PLACEMENT_3D('',#720,#721,#722);
#724 = PLANE('',#723);
#725 = EDGE_LOOP('',(#712,#713,#714,#719));
#726 = FACE_OUTER_BOUND('',#725,.T.);
#727 = ADVANCED_FACE('',(#726),#724,.T.);
#728 = ORIENTED_EDGE('',*,*,#718,.T.);
#729 = ORIENTED_EDGE('',*,*,#646,.T.);
#730 = ORIENTED_EDGE('',*,*,#694,.F.);
#731 = DIRECTION('',(-1.,0.,0.));
#732 = VECTOR('',#731,1.);
#733 = LINE('',#706,#732);
#734 = EDGE_CURVE('',#707,#685,#733,.T.);
#735 = ORIENTED_EDGE('',*,*,#734,.F.);
#736 = CARTESIAN_POINT('',(-18.735,-0.315,-2.7));
#737 = DIRECTION('',(0.,-1.,0.));
#738 = DIRECTION('',(0.,0.,1.));
#739 = AXIS2_PLACEMENT_3D('',#736,#737,#738);
#740 = PLANE('',#739);
#741 = EDGE_LOOP('',(#728,#729,#730,#735));
#742 = FACE_OUTER_BOUND('',#741,.T.);
#743 = ADVANCED_FACE('',(#742),#740,.T.);
#744 = CARTESIAN_POINT('',(-19.225,0.175,-3.));
#745 = VERTEX_POINT('',#744);
#746 = CARTESIAN_POINT('',(-18.875,0.175,-3.));
#747 = VERTEX_POINT('',#746);
#748 = DIRECTION('',(-0.38949041885226154,0.38949041885226,0.8346223261119851));
#749 = VECTOR('',#748,1.);
#750 = LINE('',#744,#749);
#751 = EDGE_CURVE('',#745,#657,#750,.T.);
#752 = ORIENTED_EDGE('',*,*,#751,.T.);
#753 = ORIENTED_EDGE('',*,*,#674,.F.);
#754 = DIRECTION('',(-0.38949041885226154,-0.38949041885226,-0.8346223261119851));
#755 = VECTOR('',#754,1.);
#756 = LINE('',#658,#755);
#757 = EDGE_CURVE('',#659,#747,#756,.T.);
#758 = ORIENTED_EDGE('',*,*,#757,.T.);
#759 = DIRECTION('',(-1.,0.,0.));
#760 = VECTOR('',#759,1.);
#761 = LINE('',#746,#760);
#762 = EDGE_CURVE('',#747,#745,#761,.T.);
#763 = ORIENTED_EDGE('',*,*,#762,.T.);
#764 = CARTESIAN_POINT('',(-19.225,0.175,-3.));
#765 = DIRECTION('',(0.,0.9061831399952659,-0.4228854653311227));
#766 = DIRECTION('',(-0.38949041885226154,0.38949041885226,0.8346223261119851));
#767 = AXIS2_PLACEMENT_3D('',#764,#765,#766);
#768 = PLANE('',#767);
#769 = EDGE_LOOP('',(#752,#753,#758,#763));
#770 = FACE_OUTER_BOUND('',#769,.T.);
#771 = ADVANCED_FACE('',(#770),#768,.T.);
#772 = CARTESIAN_POINT('',(-19.225,-0.175,-3.));
#773 = VERTEX_POINT('',#772);
#774 = DIRECTION('',(0.,1.,0.));
#775 = VECTOR('',#774,1.);
#776 = LINE('',#772,#775);
#777 = EDGE_CURVE('',#773,#745,#776,.T.);
#778 = ORIENTED_EDGE('',*,*,#777,.F.);
#779 = DIRECTION('',(-0.38949041885226154,-0.38949041885226,0.8346223261119851));
#780 = VECTOR('',#779,1.);
#781 = LINE('',#772,#780);
#782 = EDGE_CURVE('',#773,#685,#781,.T.);
#783 = ORIENTED_EDGE('',*,*,#782,.T.);
#784 = ORIENTED_EDGE('',*,*,#689,.T.);
#785 = ORIENTED_EDGE('',*,*,#751,.F.);
#786 = CARTESIAN_POINT('',(-19.225,0.175,-3.));
#787 = DIRECTION('',(-0.9061831399952646,0.,-0.4228854653311256));
#788 = DIRECTION('',(0.,-1.,0.));
#789 = AXIS2_PLACEMENT_3D('',#786,#787,#788);
#790 = PLANE('',#789);
#791 = EDGE_LOOP('',(#778,#783,#784,#785));
#792 = FACE_OUTER_BOUND('',#791,.T.);
#793 = ADVANCED_FACE('',(#792),#790,.T.);
#794 = CARTESIAN_POINT('',(-18.875,-0.175,-3.));
#795 = VERTEX_POINT('',#794);
#796 = DIRECTION('',(-1.,0.,0.));
#797 = VECTOR('',#796,1.);
#798 = LINE('',#794,#797);
#799 = EDGE_CURVE('',#795,#773,#798,.T.);
#800 = ORIENTED_EDGE('',*,*,#799,.T.);
#801 = ORIENTED_EDGE('',*,*,#777,.T.);
#802 = ORIENTED_EDGE('',*,*,#762,.F.);
#803 = DIRECTION('',(0.,1.,0.));
#804 = VECTOR('',#803,1.);
#805 = LINE('',#794,#804);
#806 = EDGE_CURVE('',#795,#747,#805,.T.);
#807 = ORIENTED_EDGE('',*,*,#806,.F.);
#808 = CARTESIAN_POINT('',(-18.875,-0.175,-3.));
#809 = DIRECTION('',(0.,0.,-1.));
#810 = DIRECTION('',(-1.,0.,0.));
#811 = AXIS2_PLACEMENT_3D('',#808,#809,#810);
#812 = PLANE('',#811);
#813 = EDGE_LOOP('',(#800,#801,#802,#807));
#814 = FACE_OUTER_BOUND('',#813,.T.);
#815 = ADVANCED_FACE('',(#814),#812,.T.);
#816 = ORIENTED_EDGE('',*,*,#806,.T.);
#817 = ORIENTED_EDGE('',*,*,#757,.F.);
#818 = ORIENTED_EDGE('',*,*,#711,.F.);
#819 = DIRECTION('',(-0.38949041885226154,0.38949041885226,-0.8346223261119851));
#820 = VECTOR('',#819,1.);
#821 = LINE('',#706,#820);
#822 = EDGE_CURVE('',#707,#795,#821,.T.);
#823 = ORIENTED_EDGE('',*,*,#822,.T.);
#824 = CARTESIAN_POINT('',(-18.875,-0.175,-3.));
#825 = DIRECTION('',(0.9061831399952646,0.,-0.4228854653311256));
#826 = DIRECTION('',(0.,1.,0.));
#827 = AXIS2_PLACEMENT_3D('',#824,#825,#826);
#828 = PLANE('',#827);
#829 = EDGE_LOOP('',(#816,#817,#818,#823));
#830 = FACE_OUTER_BOUND('',#829,.T.);
#831 = ADVANCED_FACE('',(#830),#828,.T.);
#832 = ORIENTED_EDGE('',*,*,#822,.F.);
#833 = ORIENTED_EDGE('',*,*,#734,.T.);
#834 = ORIENTED_EDGE('',*,*,#782,.F.);
#835 = ORIENTED_EDGE('',*,*,#799,.F.);
#836 = CARTESIAN_POINT('',(-18.875,-0.175,-3.));
#837 = DIRECTION('',(0.,-0.9061831399952659,-0.4228854653311227));
#838 = DIRECTION('',(0.38949041885226154,-0.38949041885226,0.8346223261119851));
#839 = AXIS2_PLACEMENT_3D('',#836,#837,#838);
#840 = PLANE('',#839);
#841 = EDGE_LOOP('',(#832,#833,#834,#835));
#842 = FACE_OUTER_BOUND('',#841,.T.);
#843 = ADVANCED_FACE('',(#842),#840,.T.);
#844 = CLOSED_SHELL('',(#655,#683,#705,#727,#743,#771,#793,#815,#831,#843));
#845 = MANIFOLD_SOLID_BREP('',#844);
#846 = CARTESIAN_POINT('',(-19.554000000000002,-0.504,0.));
#847 = VERTEX_POINT('',#846);
#848 = CARTESIAN_POINT('',(-19.554000000000002,-0.504,0.504));
#849 = VERTEX_POINT('',#848);
#850 = CARTESIAN_POINT('',(-19.554000000000002,0.504,0.504));
#851 = VERTEX_POINT('',#850);
#852 = CARTESIAN_POINT('',(-19.554000000000002,0.504,0.));
#853 = VERTEX_POINT('',#852);
#854 = DIRECTION('',(0.,0.,1.));
#855 = VECTOR('',#854,1.);
#856 = LINE('',#846,#855);
#857 = EDGE_CURVE('',#847,#849,#856,.T.);
#858 = ORIENTED_EDGE('',*,*,#857,.T.);
#859 = DIRECTION('',(0.,1.,0.));
#860 = VECTOR('',#859,1.);
#861 = LINE('',#848,#860);
#862 = EDGE_CURVE('',#849,#851,#861,.T.);
#863 = ORIENTED_EDGE('',*,*,#862,.T.);
#864 = DIRECTION('',(0.,0.,1.));
#865 = VECTOR('',#864,1.);
#866 = LINE('',#852,#865);
#867 = EDGE_CURVE('',#853,#851,#866,.T.);
#868 = ORIENTED_EDGE('',*,*,#867,.F.);
#869 = DIRECTION('',(0.,1.,0.));
#870 = VECTOR('',#869,1.);
#871 = LINE('',#846,#870);
#872 = EDGE_CURVE('',#847,#853,#871,.T.);
#873 = ORIENTED_EDGE('',*,*,#872,.F.);
#874 = CARTESIAN_POINT('',(-19.554000000000002,-0.504,0.));
#875 = DIRECTION('',(-1.,0.,0.));
#876 = DIRECTION('',(0.,0.,1.));
#877 = AXIS2_PLACEMENT_3D('',#874,#875,#876);
#878 = PLANE('',#877);
#879 = EDGE_LOOP('',(#858,#863,#868,#873));
#880 = FACE_OUTER_BOUND('',#879,.T.);
#881 = ADVANCED_FACE('',(#880),#878,.T.);
#882 = CARTESIAN_POINT('',(-18.546,-0.504,0.));
#883 = VERTEX_POINT('',#882);
#884 = CARTESIAN_POINT('',(-18.546,0.504,0.));
#885 = VERTEX_POINT('',#884);
#886 = CARTESIAN_POINT('',(-18.546,0.504,0.504));
#887 = VERTEX_POINT('',#886);
#888 = CARTESIAN_POINT('',(-18.546,-0.504,0.504));
#889 = VERTEX_POINT('',#888);
#890 = DIRECTION('',(0.,1.,0.));
#891 = VECTOR('',#890,1.);
#892 = LINE('',#882,#891);
#893 = EDGE_CURVE('',#883,#885,#892,.T.);
#894 = ORIENTED_EDGE('',*,*,#893,.T.);
#895 = DIRECTION('',(0.,0.,1.));
#896 = VECTOR('',#895,1.);
#897 = LINE('',#884,#896);
#898 = EDGE_CURVE('',#885,#887,#897,.T.);
#899 = ORIENTED_EDGE('',*,*,#898,.T.);
#900 = DIRECTION('',(0.,1.,0.));
#901 = VECTOR('',#900,1.);
#902 = LINE('',#888,#901);
#903 = EDGE_CURVE('',#889,#887,#902,.T.);
#904 = ORIENTED_EDGE('',*,*,#903,.F.);
#905 = DIRECTION('',(0.,0.,1.));
#906 = VECTOR('',#905,1.);
#907 = LINE('',#882,#906);
#908 = EDGE_CURVE('',#883,#889,#907,.T.);
#909 = ORIENTED_EDGE('',*,*,#908,.F.);
#910 = CARTESIAN_POINT('',(-18.546,-0.504,0.));
#911 = DIRECTION('',(1.,0.,0.));
#912 = DIRECTION('',(0.,1.,0.));
#913 = AXIS2_PLACEMENT_3D('',#910,#911,#912);
#914 = PLANE('',#913);
#915 = EDGE_LOOP('',(#894,#899,#904,#909));
#916 = FACE_OUTER_BOUND('',#915,.T.);
#917 = ADVANCED_FACE('',(#916),#914,.T.);
#918 = DIRECTION('',(-1.,0.,0.));
#919 = VECTOR('',#918,1.);
#920 = LINE('',#882,#919);
#921 = EDGE_CURVE('',#883,#847,#920,.T.);
#922 = ORIENTED_EDGE('',*,*,#921,.F.);
#923 = ORIENTED_EDGE('',*,*,#908,.T.);
#924 = DIRECTION('',(-1.,0.,0.));
#925 = VECTOR('',#924,1.);
#926 = LINE('',#888,#925);
#927 = EDGE_CURVE('',#889,#849,#926,.T.);
#928 = ORIENTED_EDGE('',*,*,#927,.T.);
#929 = ORIENTED_EDGE('',*,*,#857,.F.);
#930 = CARTESIAN_POINT('',(-19.554000000000002,-0.504,0.));
#931 = DIRECTION('',(0.,-1.,0.));
#932 = DIRECTION('',(1.,0.,0.));
#933 = AXIS2_PLACEMENT_3D('',#930,#931,#932);
#934 = PLANE('',#933);
#935 = EDGE_LOOP('',(#922,#923,#928,#929));
#936 = FACE_OUTER_BOUND('',#935,.T.);
#937 = ADVANCED_FACE('',(#936),#934,.T.);
#938 = ORIENTED_EDGE('',*,*,#867,.T.);
#939 = DIRECTION('',(-1.,0.,0.));
#940 = VECTOR('',#939,1.);
#941 = LINE('',#886,#940);
#942 = EDGE_CURVE('',#887,#851,#941,.T.);
#943 = ORIENTED_EDGE('',*,*,#942,.F.);
#944 = ORIENTED_EDGE('',*,*,#898,.F.);
#945 = DIRECTION('',(-1.,0.,0.));
#946 = VECTOR('',#945,1.);
#947 = LINE('',#884,#946);
#948 = EDGE_CURVE('',#885,#853,#947,.T.);
#949 = ORIENTED_EDGE('',*,*,#948,.T.);
#950 = CARTESIAN_POINT('',(-19.554000000000002,0.504,0.));
#951 = DIRECTION('',(0.,1.,0.));
#952 = DIRECTION('',(0.,0.,1.));
#953 = AXIS2_PLACEMENT_3D('',#950,#951,#952);
#954 = PLANE('',#953);
#955 = EDGE_LOOP('',(#938,#943,#944,#949));
#956 = FACE_OUTER_BOUND('',#955,.T.);
#957 = ADVANCED_FACE('',(#956),#954,.T.);
#958 = ORIENTED_EDGE('',*,*,#872,.T.);
#959 = ORIENTED_EDGE('',*,*,#948,.F.);
#960 = ORIENTED_EDGE('',*,*,#893,.F.);
#961 = ORIENTED_EDGE('',*,*,#921,.T.);
#962 = CARTESIAN_POINT('',(-19.554000000000002,-0.504,0.));
#963 = DIRECTION('',(0.,0.,-1.));
#964 = DIRECTION('',(0.,1.,0.));
#965 = AXIS2_PLACEMENT_3D('',#962,#963,#964);
#966 = PLANE('',#965);
#967 = EDGE_LOOP('',(#958,#959,#960,#961));
#968 = FACE_OUTER_BOUND('',#967,.T.);
#969 = ADVANCED_FACE('',(#968),#966,.T.);
#970 = ORIENTED_EDGE('',*,*,#927,.F.);
#971 = ORIENTED_EDGE('',*,*,#903,.T.);
#972 = ORIENTED_EDGE('',*,*,#942,.T.);
#973 = ORIENTED_EDGE('',*,*,#862,.F.);
#974 = CARTESIAN_POINT('',(-19.554000000000002,-0.504,0.504));
#975 = DIRECTION('',(0.,0.,1.));
#976 = DIRECTION('',(1.,0.,0.));
#977 = AXIS2_PLACEMENT_3D('',#974,#975,#976);
#978 = PLANE('',#977);
#979 = EDGE_LOOP('',(#970,#971,#972,#973));
#980 = FACE_OUTER_BOUND('',#979,.T.);
#981 = ADVANCED_FACE('',(#980),#978,.T.);
#982 = CLOSED_SHELL('',(#881,#917,#937,#957,#969,#981));
#983 = MANIFOLD_SOLID_BREP('',#982);
#984 = CARTESIAN_POINT('',(-17.78,-1.27,0.));
#985 = VERTEX_POINT('',#984);
#986 = CARTESIAN_POINT('',(-17.78,-1.27,5.));
#987 = VERTEX_POINT('',#986);
#988 = CARTESIAN_POINT('',(-17.78,-0.8504999999999999,5.));
#989 = VERTEX_POINT('',#988);
#990 = CARTESIAN_POINT('',(-17.78,0.8504999999999999,5.));
#991 = VERTEX_POINT('',#990);
#992 = CARTESIAN_POINT('',(-17.78,1.27,5.));
#993 = VERTEX_POINT('',#992);
#994 = CARTESIAN_POINT('',(-17.78,1.27,0.));
#995 = VERTEX_POINT('',#994);
#996 = CARTESIAN_POINT('',(-17.78,0.4724999999999999,0.));
#997 = VERTEX_POINT('',#996);
#998 = CARTESIAN_POINT('',(-17.78,-0.4724999999999999,0.));
#999 = VERTEX_POINT('',#998);
#1000 = DIRECTION('',(0.,0.,1.));
#1001 = VECTOR('',#1000,1.);
#1002 = LINE('',#984,#1001);
#1003 = EDGE_CURVE('',#985,#987,#1002,.T.);
#1004 = ORIENTED_EDGE('',*,*,#1003,.T.);
#1005 = DIRECTION('',(0.,-1.,0.));
#1006 = VECTOR('',#1005,1.);
#1007 = LINE('',#988,#1006);
#1008 = EDGE_CURVE('',#989,#987,#1007,.T.);
#1009 = ORIENTED_EDGE('',*,*,#1008,.F.);
#1010 = DIRECTION('',(0.,1.,0.));
#1011 = VECTOR('',#1010,1.);
#1012 = LINE('',#988,#1011);
#1013 = EDGE_CURVE('',#989,#991,#1012,.T.);
#1014 = ORIENTED_EDGE('',*,*,#1013,.T.);
#1015 = DIRECTION('',(0.,1.,0.));
#1016 = VECTOR('',#1015,1.);
#1017 = LINE('',#990,#1016);
#1018 = EDGE_CURVE('',#991,#993,#1017,.T.);
#1019 = ORIENTED_EDGE('',*,*,#1018,.T.);
#1020 = DIRECTION('',(0.,0.,1.));
#1021 = VECTOR('',#1020,1.);
#1022 = LINE('',#994,#1021);
#1023 = EDGE_CURVE('',#995,#993,#1022,.T.);
#1024 = ORIENTED_EDGE('',*,*,#1023,.F.);
#1025 = DIRECTION('',(0.,1.,0.));
#1026 = VECTOR('',#1025,1.);
#1027 = LINE('',#996,#1026);
#1028 = EDGE_CURVE('',#997,#995,#1027,.T.);
#1029 = ORIENTED_EDGE('',*,*,#1028,.F.);
#1030 = DIRECTION('',(0.,1.,0.));
#1031 = VECTOR('',#1030,1.);
#1032 = LINE('',#998,#1031);
#1033 = EDGE_CURVE('',#999,#997,#1032,.T.);
#1034 = ORIENTED_EDGE('',*,*,#1033,.F.);
#1035 = DIRECTION('',(0.,-1.,0.));
#1036 = VECTOR('',#1035,1.);
#1037 = LINE('',#998,#1036);
#1038 = EDGE_CURVE('',#999,#985,#1037,.T.);
#1039 = ORIENTED_EDGE('',*,*,#1038,.T.);
#1040 = CARTESIAN_POINT('',(-17.78,-1.27,0.));
#1041 = DIRECTION('',(-1.,0.,0.));
#1042 = DIRECTION('',(0.,0.,1.));
#1043 = AXIS2_PLACEMENT_3D('',#1040,#1041,#1042);
#1044 = PLANE('',#1043);
#1045 = EDGE_LOOP('',(#1004,#1009,#1014,#1019,#1024,#1029,#1034,#1039));
#1046 = FACE_OUTER_BOUND('',#1045,.T.);
#1047 = ADVANCED_FACE('',(#1046),#1044,.T.);
#1048 = CARTESIAN_POINT('',(-15.240000000000002,-1.27,0.));
#1049 = VERTEX_POINT('',#1048);
#1050 = CARTESIAN_POINT('',(-15.240000000000002,-0.4724999999999999,0.));
#1051 = VERTEX_POINT('',#1050);
#1052 = CARTESIAN_POINT('',(-15.240000000000002,0.4724999999999999,0.));
#1053 = VERTEX_POINT('',#1052);
#1054 = CARTESIAN_POINT('',(-15.240000000000002,1.27,0.));
#1055 = VERTEX_POINT('',#1054);
#1056 = CARTESIAN_POINT('',(-15.240000000000002,1.27,5.));
#1057 = VERTEX_POINT('',#1056);
#1058 = CARTESIAN_POINT('',(-15.240000000000002,0.8504999999999999,5.));
#1059 = VERTEX_POINT('',#1058);
#1060 = CARTESIAN_POINT('',(-15.240000000000002,-0.8504999999999999,5.));
#1061 = VERTEX_POINT('',#1060);
#1062 = CARTESIAN_POINT('',(-15.240000000000002,-1.27,5.));
#1063 = VERTEX_POINT('',#1062);
#1064 = DIRECTION('',(0.,-1.,0.));
#1065 = VECTOR('',#1064,1.);
#1066 = LINE('',#1050,#1065);
#1067 = EDGE_CURVE('',#1051,#1049,#1066,.T.);
#1068 = ORIENTED_EDGE('',*,*,#1067,.F.);
#1069 = DIRECTION('',(0.,1.,0.));
#1070 = VECTOR('',#1069,1.);
#1071 = LINE('',#1050,#1070);
#1072 = EDGE_CURVE('',#1051,#1053,#1071,.T.);
#1073 = ORIENTED_EDGE('',*,*,#1072,.T.);
#1074 = DIRECTION('',(0.,1.,0.));
#1075 = VECTOR('',#1074,1.);
#1076 = LINE('',#1052,#1075);
#1077 = EDGE_CURVE('',#1053,#1055,#1076,.T.);
#1078 = ORIENTED_EDGE('',*,*,#1077,.T.);
#1079 = DIRECTION('',(0.,0.,1.));
#1080 = VECTOR('',#1079,1.);
#1081 = LINE('',#1054,#1080);
#1082 = EDGE_CURVE('',#1055,#1057,#1081,.T.);
#1083 = ORIENTED_EDGE('',*,*,#1082,.T.);
#1084 = DIRECTION('',(0.,1.,0.));
#1085 = VECTOR('',#1084,1.);
#1086 = LINE('',#1058,#1085);
#1087 = EDGE_CURVE('',#1059,#1057,#1086,.T.);
#1088 = ORIENTED_EDGE('',*,*,#1087,.F.);
#1089 = DIRECTION('',(0.,1.,0.));
#1090 = VECTOR('',#1089,1.);
#1091 = LINE('',#1060,#1090);
#1092 = EDGE_CURVE('',#1061,#1059,#1091,.T.);
#1093 = ORIENTED_EDGE('',*,*,#1092,.F.);
#1094 = DIRECTION('',(0.,-1.,0.));
#1095 = VECTOR('',#1094,1.);
#1096 = LINE('',#1060,#1095);
#1097 = EDGE_CURVE('',#1061,#1063,#1096,.T.);
#1098 = ORIENTED_EDGE('',*,*,#1097,.T.);
#1099 = DIRECTION('',(0.,0.,1.));
#1100 = VECTOR('',#1099,1.);
#1101 = LINE('',#1048,#1100);
#1102 = EDGE_CURVE('',#1049,#1063,#1101,.T.);
#1103 = ORIENTED_EDGE('',*,*,#1102,.F.);
#1104 = CARTESIAN_POINT('',(-15.240000000000002,-1.27,0.));
#1105 = DIRECTION('',(1.,0.,0.));
#1106 = DIRECTION('',(0.,1.,0.));
#1107 = AXIS2_PLACEMENT_3D('',#1104,#1105,#1106);
#1108 = PLANE('',#1107);
#1109 = EDGE_LOOP('',(#1068,#1073,#1078,#1083,#1088,#1093,#1098,#1103));
#1110 = FACE_OUTER_BOUND('',#1109,.T.);
#1111 = ADVANCED_FACE('',(#1110),#1108,.T.);
#1112 = DIRECTION('',(-1.,0.,0.));
#1113 = VECTOR('',#1112,1.);
#1114 = LINE('',#1048,#1113);
#1115 = EDGE_CURVE('',#1049,#985,#1114,.T.);
#1116 = ORIENTED_EDGE('',*,*,#1115,.F.);
#1117 = ORIENTED_EDGE('',*,*,#1102,.T.);
#1118 = DIRECTION('',(-1.,0.,0.));
#1119 = VECTOR('',#1118,1.);
#1120 = LINE('',#1062,#1119);
#1121 = EDGE_CURVE('',#1063,#987,#1120,.T.);
#1122 = ORIENTED_EDGE('',*,*,#1121,.T.);
#1123 = ORIENTED_EDGE('',*,*,#1003,.F.);
#1124 = CARTESIAN_POINT('',(-17.78,-1.27,0.));
#1125 = DIRECTION('',(0.,-1.,0.));
#1126 = DIRECTION('',(1.,0.,0.));
#1127 = AXIS2_PLACEMENT_3D('',#1124,#1125,#1126);
#1128 = PLANE('',#1127);
#1129 = EDGE_LOOP('',(#1116,#1117,#1122,#1123));
#1130 = FACE_OUTER_BOUND('',#1129,.T.);
#1131 = ADVANCED_FACE('',(#1130),#1128,.T.);
#1132 = ORIENTED_EDGE('',*,*,#1023,.T.);
#1133 = DIRECTION('',(-1.,0.,0.));
#1134 = VECTOR('',#1133,1.);
#1135 = LINE('',#1056,#1134);
#1136 = EDGE_CURVE('',#1057,#993,#1135,.T.);
#1137 = ORIENTED_EDGE('',*,*,#1136,.F.);
#1138 = ORIENTED_EDGE('',*,*,#1082,.F.);
#1139 = DIRECTION('',(-1.,0.,0.));
#1140 = VECTOR('',#1139,1.);
#1141 = LINE('',#1054,#1140);
#1142 = EDGE_CURVE('',#1055,#995,#1141,.T.);
#1143 = ORIENTED_EDGE('',*,*,#1142,.T.);
#1144 = CARTESIAN_POINT('',(-17.78,1.27,0.));
#1145 = DIRECTION('',(0.,1.,0.));
#1146 = DIRECTION('',(0.,0.,1.));
#1147 = AXIS2_PLACEMENT_3D('',#1144,#1145,#1146);
#1148 = PLANE('',#1147);
#1149 = EDGE_LOOP('',(#1132,#1137,#1138,#1143));
#1150 = FACE_OUTER_BOUND('',#1149,.T.);
#1151 = ADVANCED_FACE('',(#1150),#1148,.T.);
#1152 = CARTESIAN_POINT('',(-16.0375,0.4725,0.));
#1153 = VERTEX_POINT('',#1152);
#1154 = CARTESIAN_POINT('',(-16.9825,0.4725,0.));
#1155 = VERTEX_POINT('',#1154);
#1156 = ORIENTED_EDGE('',*,*,#1077,.F.);
#1157 = DIRECTION('',(-1.,0.,0.));
#1158 = VECTOR('',#1157,1.);
#1159 = LINE('',#1052,#1158);
#1160 = EDGE_CURVE('',#1053,#1153,#1159,.T.);
#1161 = ORIENTED_EDGE('',*,*,#1160,.T.);
#1162 = DIRECTION('',(-1.,0.,0.));
#1163 = VECTOR('',#1162,1.);
#1164 = LINE('',#1152,#1163);
#1165 = EDGE_CURVE('',#1153,#1155,#1164,.T.);
#1166 = ORIENTED_EDGE('',*,*,#1165,.T.);
#1167 = DIRECTION('',(-1.,0.,0.));
#1168 = VECTOR('',#1167,1.);
#1169 = LINE('',#1154,#1168);
#1170 = EDGE_CURVE('',#1155,#997,#1169,.T.);
#1171 = ORIENTED_EDGE('',*,*,#1170,.T.);
#1172 = ORIENTED_EDGE('',*,*,#1028,.T.);
#1173 = ORIENTED_EDGE('',*,*,#1142,.F.);
#1174 = CARTESIAN_POINT('',(-15.240000000000002,1.27,0.));
#1175 = DIRECTION('',(0.,0.,-1.));
#1176 = DIRECTION('',(0.,-1.,0.));
#1177 = AXIS2_PLACEMENT_3D('',#1174,#1175,#1176);
#1178 = PLANE('',#1177);
#1179 = EDGE_LOOP('',(#1156,#1161,#1166,#1171,#1172,#1173));
#1180 = FACE_OUTER_BOUND('',#1179,.T.);
#1181 = ADVANCED_FACE('',(#1180),#1178,.T.);
#1182 = CARTESIAN_POINT('',(-16.9825,-0.4724999999999999,0.));
#1183 = VERTEX_POINT('',#1182);
#1184 = DIRECTION('',(0.,1.,0.));
#1185 = VECTOR('',#1184,1.);
#1186 = LINE('',#1182,#1185);
#1187 = EDGE_CURVE('',#1183,#1155,#1186,.T.);
#1188 = ORIENTED_EDGE('',*,*,#1187,.F.);
#1189 = DIRECTION('',(-1.,0.,0.));
#1190 = VECTOR('',#1189,1.);
#1191 = LINE('',#1182,#1190);
#1192 = EDGE_CURVE('',#1183,#999,#1191,.T.);
#1193 = ORIENTED_EDGE('',*,*,#1192,.T.);
#1194 = ORIENTED_EDGE('',*,*,#1033,.T.);
#1195 = ORIENTED_EDGE('',*,*,#1170,.F.);
#1196 = CARTESIAN_POINT('',(-16.9825,0.4724999999999999,0.));
#1197 = DIRECTION('',(0.,0.,-1.));
#1198 = DIRECTION('',(0.,-1.,0.));
#1199 = AXIS2_PLACEMENT_3D('',#1196,#1197,#1198);
#1200 = PLANE('',#1199);
#1201 = EDGE_LOOP('',(#1188,#1193,#1194,#1195));
#1202 = FACE_OUTER_BOUND('',#1201,.T.);
#1203 = ADVANCED_FACE('',(#1202),#1200,.T.);
#1204 = CARTESIAN_POINT('',(-16.0375,-0.4724999999999999,0.));
#1205 = VERTEX_POINT('',#1204);
#1206 = ORIENTED_EDGE('',*,*,#1072,.F.);
#1207 = DIRECTION('',(-1.,0.,0.));
#1208 = VECTOR('',#1207,1.);
#1209 = LINE('',#1050,#1208);
#1210 = EDGE_CURVE('',#1051,#1205,#1209,.T.);
#1211 = ORIENTED_EDGE('',*,*,#1210,.T.);
#1212 = DIRECTION('',(0.,1.,0.));
#1213 = VECTOR('',#1212,1.);
#1214 = LINE('',#1204,#1213);
#1215 = EDGE_CURVE('',#1205,#1153,#1214,.T.);
#1216 = ORIENTED_EDGE('',*,*,#1215,.T.);
#1217 = ORIENTED_EDGE('',*,*,#1160,.F.);
#1218 = CARTESIAN_POINT('',(-15.240000000000002,0.4724999999999999,0.));
#1219 = DIRECTION('',(0.,0.,-1.));
#1220 = DIRECTION('',(0.,-1.,0.));
#1221 = AXIS2_PLACEMENT_3D('',#1218,#1219,#1220);
#1222 = PLANE('',#1221);
#1223 = EDGE_LOOP('',(#1206,#1211,#1216,#1217));
#1224 = FACE_OUTER_BOUND('',#1223,.T.);
#1225 = ADVANCED_FACE('',(#1224),#1222,.T.);
#1226 = ORIENTED_EDGE('',*,*,#1067,.T.);
#1227 = ORIENTED_EDGE('',*,*,#1115,.T.);
#1228 = ORIENTED_EDGE('',*,*,#1038,.F.);
#1229 = ORIENTED_EDGE('',*,*,#1192,.F.);
#1230 = DIRECTION('',(-1.,0.,0.));
#1231 = VECTOR('',#1230,1.);
#1232 = LINE('',#1204,#1231);
#1233 = EDGE_CURVE('',#1205,#1183,#1232,.T.);
#1234 = ORIENTED_EDGE('',*,*,#1233,.F.);
#1235 = ORIENTED_EDGE('',*,*,#1210,.F.);
#1236 = CARTESIAN_POINT('',(-15.240000000000002,-0.4724999999999999,0.));
#1237 = DIRECTION('',(0.,0.,-1.));
#1238 = DIRECTION('',(0.,-1.,0.));
#1239 = AXIS2_PLACEMENT_3D('',#1236,#1237,#1238);
#1240 = PLANE('',#1239);
#1241 = EDGE_LOOP('',(#1226,#1227,#1228,#1229,#1234,#1235));
#1242 = FACE_OUTER_BOUND('',#1241,.T.);
#1243 = ADVANCED_FACE('',(#1242),#1240,.T.);
#1244 = CARTESIAN_POINT('',(-17.360500000000002,-0.8504999999999999,4.995));
#1245 = VERTEX_POINT('',#1244);
#1246 = CARTESIAN_POINT('',(-15.659500000000001,-0.8504999999999999,4.995));
#1247 = VERTEX_POINT('',#1246);
#1248 = CARTESIAN_POINT('',(-16.0375,-0.4725,4.3854));
#1249 = VERTEX_POINT('',#1248);
#1250 = CARTESIAN_POINT('',(-16.9825,-0.4725,4.3854));
#1251 = VERTEX_POINT('',#1250);
#1252 = DIRECTION('',(-1.,0.,0.));
#1253 = VECTOR('',#1252,1.);
#1254 = LINE('',#1246,#1253);
#1255 = EDGE_CURVE('',#1247,#1245,#1254,.T.);
#1256 = ORIENTED_EDGE('',*,*,#1255,.F.);
#1257 = DIRECTION('',(-0.46621205975657015,0.46621205975656993,-0.7518594487502784));
#1258 = VECTOR('',#1257,1.);
#1259 = LINE('',#1246,#1258);
#1260 = EDGE_CURVE('',#1247,#1249,#1259,.T.);
#1261 = ORIENTED_EDGE('',*,*,#1260,.T.);
#1262 = DIRECTION('',(-1.,0.,0.));
#1263 = VECTOR('',#1262,1.);
#1264 = LINE('',#1248,#1263);
#1265 = EDGE_CURVE('',#1249,#1251,#1264,.T.);
#1266 = ORIENTED_EDGE('',*,*,#1265,.T.);
#1267 = DIRECTION('',(-0.46621205975657015,-0.46621205975656993,0.7518594487502784));
#1268 = VECTOR('',#1267,1.);
#1269 = LINE('',#1250,#1268);
#1270 = EDGE_CURVE('',#1251,#1245,#1269,.T.);
#1271 = ORIENTED_EDGE('',*,*,#1270,.T.);
#1272 = CARTESIAN_POINT('',(-17.360500000000002,-0.8504999999999999,4.995));
#1273 = DIRECTION('',(0.,0.8498727207846387,0.5269880059983487));
#1274 = DIRECTION('',(1.,0.,0.));
#1275 = AXIS2_PLACEMENT_3D('',#1272,#1273,#1274);
#1276 = PLANE('',#1275);
#1277 = EDGE_LOOP('',(#1256,#1261,#1266,#1271));
#1278 = FACE_OUTER_BOUND('',#1277,.T.);
#1279 = ADVANCED_FACE('',(#1278),#1276,.T.);
#1280 = CARTESIAN_POINT('',(-16.9825,0.4725,4.3854));
#1281 = VERTEX_POINT('',#1280);
#1282 = CARTESIAN_POINT('',(-17.360500000000002,0.8504999999999999,4.995));
#1283 = VERTEX_POINT('',#1282);
#1284 = DIRECTION('',(-0.46621205975657015,0.46621205975656993,0.7518594487502784));
#1285 = VECTOR('',#1284,1.);
#1286 = LINE('',#1280,#1285);
#1287 = EDGE_CURVE('',#1281,#1283,#1286,.T.);
#1288 = ORIENTED_EDGE('',*,*,#1287,.T.);
#1289 = DIRECTION('',(0.,1.,0.));
#1290 = VECTOR('',#1289,1.);
#1291 = LINE('',#1244,#1290);
#1292 = EDGE_CURVE('',#1245,#1283,#1291,.T.);
#1293 = ORIENTED_EDGE('',*,*,#1292,.F.);
#1294 = ORIENTED_EDGE('',*,*,#1270,.F.);
#1295 = DIRECTION('',(0.,1.,0.));
#1296 = VECTOR('',#1295,1.);
#1297 = LINE('',#1250,#1296);
#1298 = EDGE_CURVE('',#1251,#1281,#1297,.T.);
#1299 = ORIENTED_EDGE('',*,*,#1298,.T.);
#1300 = CARTESIAN_POINT('',(-16.9825,0.4725,4.3854));
#1301 = DIRECTION('',(0.8498727207846386,0.,0.5269880059983487));
#1302 = DIRECTION('',(-0.46621205975657015,0.46621205975656993,0.7518594487502784));
#1303 = AXIS2_PLACEMENT_3D('',#1300,#1301,#1302);
#1304 = PLANE('',#1303);
#1305 = EDGE_LOOP('',(#1288,#1293,#1294,#1299));
#1306 = FACE_OUTER_BOUND('',#1305,.T.);
#1307 = ADVANCED_FACE('',(#1306),#1304,.T.);
#1308 = CARTESIAN_POINT('',(-15.659500000000001,0.8504999999999999,4.995));
#1309 = VERTEX_POINT('',#1308);
#1310 = CARTESIAN_POINT('',(-16.0375,0.4725,4.3854));
#1311 = VERTEX_POINT('',#1310);
#1312 = DIRECTION('',(-1.,0.,0.));
#1313 = VECTOR('',#1312,1.);
#1314 = LINE('',#1308,#1313);
#1315 = EDGE_CURVE('',#1309,#1283,#1314,.T.);
#1316 = ORIENTED_EDGE('',*,*,#1315,.T.);
#1317 = ORIENTED_EDGE('',*,*,#1287,.F.);
#1318 = DIRECTION('',(-1.,0.,0.));
#1319 = VECTOR('',#1318,1.);
#1320 = LINE('',#1310,#1319);
#1321 = EDGE_CURVE('',#1311,#1281,#1320,.T.);
#1322 = ORIENTED_EDGE('',*,*,#1321,.F.);
#1323 = DIRECTION('',(-0.46621205975657015,-0.46621205975656993,-0.7518594487502784));
#1324 = VECTOR('',#1323,1.);
#1325 = LINE('',#1308,#1324);
#1326 = EDGE_CURVE('',#1309,#1311,#1325,.T.);
#1327 = ORIENTED_EDGE('',*,*,#1326,.F.);
#1328 = CARTESIAN_POINT('',(-15.659500000000001,0.8504999999999999,4.995));
#1329 = DIRECTION('',(0.,-0.8498727207846387,0.5269880059983487));
#1330 = DIRECTION('',(-1.,0.,0.));
#1331 = AXIS2_PLACEMENT_3D('',#1328,#1329,#1330);
#1332 = PLANE('',#1331);
#1333 = EDGE_LOOP('',(#1316,#1317,#1322,#1327));
#1334 = FACE_OUTER_BOUND('',#1333,.T.);
#1335 = ADVANCED_FACE('',(#1334),#1332,.T.);
#1336 = ORIENTED_EDGE('',*,*,#1260,.F.);
#1337 = DIRECTION('',(0.,1.,0.));
#1338 = VECTOR('',#1337,1.);
#1339 = LINE('',#1246,#1338);
#1340 = EDGE_CURVE('',#1247,#1309,#1339,.T.);
#1341 = ORIENTED_EDGE('',*,*,#1340,.T.);
#1342 = ORIENTED_EDGE('',*,*,#1326,.T.);
#1343 = DIRECTION('',(0.,1.,0.));
#1344 = VECTOR('',#1343,1.);
#1345 = LINE('',#1248,#1344);
#1346 = EDGE_CURVE('',#1249,#1311,#1345,.T.);
#1347 = ORIENTED_EDGE('',*,*,#1346,.F.);
#1348 = CARTESIAN_POINT('',(-16.0375,-0.4725,4.3854));
#1349 = DIRECTION('',(-0.8498727207846386,0.,0.5269880059983487));
#1350 = DIRECTION('',(0.46621205975657015,-0.46621205975656993,0.7518594487502784));
#1351 = AXIS2_PLACEMENT_3D('',#1348,#1349,#1350);
#1352 = PLANE('',#1351);
#1353 = EDGE_LOOP('',(#1336,#1341,#1342,#1347));
#1354 = FACE_OUTER_BOUND('',#1353,.T.);
#1355 = ADVANCED_FACE('',(#1354),#1352,.T.);
#1356 = CARTESIAN_POINT('',(-15.659500000000001,-0.8504999999999999,5.));
#1357 = VERTEX_POINT('',#1356);
#1358 = CARTESIAN_POINT('',(-17.360500000000002,-0.8504999999999999,5.));
#1359 = VERTEX_POINT('',#1358);
#1360 = DIRECTION('',(0.,0.,1.));
#1361 = VECTOR('',#1360,1.);
#1362 = LINE('',#1246,#1361);
#1363 = EDGE_CURVE('',#1247,#1357,#1362,.T.);
#1364 = ORIENTED_EDGE('',*,*,#1363,.F.);
#1365 = ORIENTED_EDGE('',*,*,#1255,.T.);
#1366 = DIRECTION('',(0.,0.,1.));
#1367 = VECTOR('',#1366,1.);
#1368 = LINE('',#1244,#1367);
#1369 = EDGE_CURVE('',#1245,#1359,#1368,.T.);
#1370 = ORIENTED_EDGE('',*,*,#1369,.T.);
#1371 = DIRECTION('',(-1.,0.,0.));
#1372 = VECTOR('',#1371,1.);
#1373 = LINE('',#1356,#1372);
#1374 = EDGE_CURVE('',#1357,#1359,#1373,.T.);
#1375 = ORIENTED_EDGE('',*,*,#1374,.F.);
#1376 = CARTESIAN_POINT('',(-15.659500000000001,-0.8504999999999999,5.));
#1377 = DIRECTION('',(0.,1.,0.));
#1378 = DIRECTION('',(0.,0.,-1.));
#1379 = AXIS2_PLACEMENT_3D('',#1376,#1377,#1378);
#1380 = PLANE('',#1379);
#1381 = EDGE_LOOP('',(#1364,#1365,#1370,#1375));
#1382 = FACE_OUTER_BOUND('',#1381,.T.);
#1383 = ADVANCED_FACE('',(#1382),#1380,.T.);
#1384 = CARTESIAN_POINT('',(-17.360500000000002,0.8504999999999999,5.));
#1385 = VERTEX_POINT('',#1384);
#1386 = ORIENTED_EDGE('',*,*,#1369,.F.);
#1387 = ORIENTED_EDGE('',*,*,#1292,.T.);
#1388 = DIRECTION('',(0.,0.,1.));
#1389 = VECTOR('',#1388,1.);
#1390 = LINE('',#1282,#1389);
#1391 = EDGE_CURVE('',#1283,#1385,#1390,.T.);
#1392 = ORIENTED_EDGE('',*,*,#1391,.T.);
#1393 = DIRECTION('',(0.,1.,0.));
#1394 = VECTOR('',#1393,1.);
#1395 = LINE('',#1358,#1394);
#1396 = EDGE_CURVE('',#1359,#1385,#1395,.T.);
#1397 = ORIENTED_EDGE('',*,*,#1396,.F.);
#1398 = CARTESIAN_POINT('',(-17.360500000000002,-0.8504999999999999,5.));
#1399 = DIRECTION('',(1.,0.,0.));
#1400 = DIRECTION('',(0.,0.,-1.));
#1401 = AXIS2_PLACEMENT_3D('',#1398,#1399,#1400);
#1402 = PLANE('',#1401);
#1403 = EDGE_LOOP('',(#1386,#1387,#1392,#1397));
#1404 = FACE_OUTER_BOUND('',#1403,.T.);
#1405 = ADVANCED_FACE('',(#1404),#1402,.T.);
#1406 = CARTESIAN_POINT('',(-15.659500000000001,0.8504999999999999,5.));
#1407 = VERTEX_POINT('',#1406);
#1408 = DIRECTION('',(0.,0.,1.));
#1409 = VECTOR('',#1408,1.);
#1410 = LINE('',#1308,#1409);
#1411 = EDGE_CURVE('',#1309,#1407,#1410,.T.);
#1412 = ORIENTED_EDGE('',*,*,#1411,.F.);
#1413 = ORIENTED_EDGE('',*,*,#1340,.F.);
#1414 = ORIENTED_EDGE('',*,*,#1363,.T.);
#1415 = DIRECTION('',(0.,1.,0.));
#1416 = VECTOR('',#1415,1.);
#1417 = LINE('',#1356,#1416);
#1418 = EDGE_CURVE('',#1357,#1407,#1417,.T.);
#1419 = ORIENTED_EDGE('',*,*,#1418,.T.);
#1420 = CARTESIAN_POINT('',(-15.659500000000001,0.8504999999999999,5.));
#1421 = DIRECTION('',(-1.,0.,0.));
#1422 = DIRECTION('',(0.,0.,-1.));
#1423 = AXIS2_PLACEMENT_3D('',#1420,#1421,#1422);
#1424 = PLANE('',#1423);
#1425 = EDGE_LOOP('',(#1412,#1413,#1414,#1419));
#1426 = FACE_OUTER_BOUND('',#1425,.T.);
#1427 = ADVANCED_FACE('',(#1426),#1424,.T.);
#1428 = ORIENTED_EDGE('',*,*,#1391,.F.);
#1429 = ORIENTED_EDGE('',*,*,#1315,.F.);
#1430 = ORIENTED_EDGE('',*,*,#1411,.T.);
#1431 = DIRECTION('',(-1.,0.,0.));
#1432 = VECTOR('',#1431,1.);
#1433 = LINE('',#1406,#1432);
#1434 = EDGE_CURVE('',#1407,#1385,#1433,.T.);
#1435 = ORIENTED_EDGE('',*,*,#1434,.T.);
#1436 = CARTESIAN_POINT('',(-17.360500000000002,0.8504999999999999,5.));
#1437 = DIRECTION('',(0.,-1.,0.));
#1438 = DIRECTION('',(0.,0.,-1.));
#1439 = AXIS2_PLACEMENT_3D('',#1436,#1437,#1438);
#1440 = PLANE('',#1439);
#1441 = EDGE_LOOP('',(#1428,#1429,#1430,#1435));
#1442 = FACE_OUTER_BOUND('',#1441,.T.);
#1443 = ADVANCED_FACE('',(#1442),#1440,.T.);
#1444 = DIRECTION('',(0.,0.,1.));
#1445 = VECTOR('',#1444,1.);
#1446 = LINE('',#1182,#1445);
#1447 = EDGE_CURVE('',#1183,#1251,#1446,.T.);
#1448 = ORIENTED_EDGE('',*,*,#1447,.F.);
#1449 = ORIENTED_EDGE('',*,*,#1187,.T.);
#1450 = DIRECTION('',(0.,0.,1.));
#1451 = VECTOR('',#1450,1.);
#1452 = LINE('',#1154,#1451);
#1453 = EDGE_CURVE('',#1155,#1281,#1452,.T.);
#1454 = ORIENTED_EDGE('',*,*,#1453,.T.);
#1455 = ORIENTED_EDGE('',*,*,#1298,.F.);
#1456 = CARTESIAN_POINT('',(-16.9825,-0.4725,4.385399999999999));
#1457 = DIRECTION('',(1.,0.,0.));
#1458 = DIRECTION('',(0.,0.,-1.));
#1459 = AXIS2_PLACEMENT_3D('',#1456,#1457,#1458);
#1460 = PLANE('',#1459);
#1461 = EDGE_LOOP('',(#1448,#1449,#1454,#1455));
#1462 = FACE_OUTER_BOUND('',#1461,.T.);
#1463 = ADVANCED_FACE('',(#1462),#1460,.T.);
#1464 = ORIENTED_EDGE('',*,*,#1346,.T.);
#1465 = DIRECTION('',(0.,0.,1.));
#1466 = VECTOR('',#1465,1.);
#1467 = LINE('',#1152,#1466);
#1468 = EDGE_CURVE('',#1153,#1311,#1467,.T.);
#1469 = ORIENTED_EDGE('',*,*,#1468,.F.);
#1470 = ORIENTED_EDGE('',*,*,#1215,.F.);
#1471 = DIRECTION('',(0.,0.,1.));
#1472 = VECTOR('',#1471,1.);
#1473 = LINE('',#1204,#1472);
#1474 = EDGE_CURVE('',#1205,#1249,#1473,.T.);
#1475 = ORIENTED_EDGE('',*,*,#1474,.T.);
#1476 = CARTESIAN_POINT('',(-16.0375,-0.4725,4.385399999999999));
#1477 = DIRECTION('',(-1.,0.,0.));
#1478 = DIRECTION('',(0.,1.,0.));
#1479 = AXIS2_PLACEMENT_3D('',#1476,#1477,#1478);
#1480 = PLANE('',#1479);
#1481 = EDGE_LOOP('',(#1464,#1469,#1470,#1475));
#1482 = FACE_OUTER_BOUND('',#1481,.T.);
#1483 = ADVANCED_FACE('',(#1482),#1480,.T.);
#1484 = ORIENTED_EDGE('',*,*,#1474,.F.);
#1485 = ORIENTED_EDGE('',*,*,#1233,.T.);
#1486 = ORIENTED_EDGE('',*,*,#1447,.T.);
#1487 = ORIENTED_EDGE('',*,*,#1265,.F.);
#1488 = CARTESIAN_POINT('',(-16.0375,-0.4725,4.385400000000001));
#1489 = DIRECTION('',(0.,1.,0.));
#1490 = DIRECTION('',(0.,0.,-1.));
#1491 = AXIS2_PLACEMENT_3D('',#1488,#1489,#1490);
#1492 = PLANE('',#1491);
#1493 = EDGE_LOOP('',(#1484,#1485,#1486,#1487));
#1494 = FACE_OUTER_BOUND('',#1493,.T.);
#1495 = ADVANCED_FACE('',(#1494),#1492,.T.);
#1496 = ORIENTED_EDGE('',*,*,#1453,.F.);
#1497 = ORIENTED_EDGE('',*,*,#1165,.F.);
#1498 = ORIENTED_EDGE('',*,*,#1468,.T.);
#1499 = ORIENTED_EDGE('',*,*,#1321,.T.);
#1500 = CARTESIAN_POINT('',(-16.9825,0.4725,4.385399999999999));
#1501 = DIRECTION('',(0.,-1.,0.));
#1502 = DIRECTION('',(0.,0.,-1.));
#1503 = AXIS2_PLACEMENT_3D('',#1500,#1501,#1502);
#1504 = PLANE('',#1503);
#1505 = EDGE_LOOP('',(#1496,#1497,#1498,#1499));
#1506 = FACE_OUTER_BOUND('',#1505,.T.);
#1507 = ADVANCED_FACE('',(#1506),#1504,.T.);
#1508 = ORIENTED_EDGE('',*,*,#1018,.F.);
#1509 = DIRECTION('',(-1.,0.,0.));
#1510 = VECTOR('',#1509,1.);
#1511 = LINE('',#1384,#1510);
#1512 = EDGE_CURVE('',#1385,#991,#1511,.T.);
#1513 = ORIENTED_EDGE('',*,*,#1512,.F.);
#1514 = ORIENTED_EDGE('',*,*,#1434,.F.);
#1515 = DIRECTION('',(-1.,0.,0.));
#1516 = VECTOR('',#1515,1.);
#1517 = LINE('',#1058,#1516);
#1518 = EDGE_CURVE('',#1059,#1407,#1517,.T.);
#1519 = ORIENTED_EDGE('',*,*,#1518,.F.);
#1520 = ORIENTED_EDGE('',*,*,#1087,.T.);
#1521 = ORIENTED_EDGE('',*,*,#1136,.T.);
#1522 = CARTESIAN_POINT('',(-17.78,1.27,5.));
#1523 = DIRECTION('',(0.,0.,1.));
#1524 = DIRECTION('',(0.,-1.,0.));
#1525 = AXIS2_PLACEMENT_3D('',#1522,#1523,#1524);
#1526 = PLANE('',#1525);
#1527 = EDGE_LOOP('',(#1508,#1513,#1514,#1519,#1520,#1521));
#1528 = FACE_OUTER_BOUND('',#1527,.T.);
#1529 = ADVANCED_FACE('',(#1528),#1526,.T.);
#1530 = ORIENTED_EDGE('',*,*,#1418,.F.);
#1531 = DIRECTION('',(-1.,0.,0.));
#1532 = VECTOR('',#1531,1.);
#1533 = LINE('',#1060,#1532);
#1534 = EDGE_CURVE('',#1061,#1357,#1533,.T.);
#1535 = ORIENTED_EDGE('',*,*,#1534,.F.);
#1536 = ORIENTED_EDGE('',*,*,#1092,.T.);
#1537 = ORIENTED_EDGE('',*,*,#1518,.T.);
#1538 = CARTESIAN_POINT('',(-15.659500000000001,0.8504999999999999,5.));
#1539 = DIRECTION('',(0.,0.,1.));
#1540 = DIRECTION('',(0.,-1.,0.));
#1541 = AXIS2_PLACEMENT_3D('',#1538,#1539,#1540);
#1542 = PLANE('',#1541);
#1543 = EDGE_LOOP('',(#1530,#1535,#1536,#1537));
#1544 = FACE_OUTER_BOUND('',#1543,.T.);
#1545 = ADVANCED_FACE('',(#1544),#1542,.T.);
#1546 = ORIENTED_EDGE('',*,*,#1013,.F.);
#1547 = DIRECTION('',(-1.,0.,0.));
#1548 = VECTOR('',#1547,1.);
#1549 = LINE('',#1358,#1548);
#1550 = EDGE_CURVE('',#1359,#989,#1549,.T.);
#1551 = ORIENTED_EDGE('',*,*,#1550,.F.);
#1552 = ORIENTED_EDGE('',*,*,#1396,.T.);
#1553 = ORIENTED_EDGE('',*,*,#1512,.T.);
#1554 = CARTESIAN_POINT('',(-17.78,0.8504999999999999,5.));
#1555 = DIRECTION('',(0.,0.,1.));
#1556 = DIRECTION('',(0.,-1.,0.));
#1557 = AXIS2_PLACEMENT_3D('',#1554,#1555,#1556);
#1558 = PLANE('',#1557);
#1559 = EDGE_LOOP('',(#1546,#1551,#1552,#1553));
#1560 = FACE_OUTER_BOUND('',#1559,.T.);
#1561 = ADVANCED_FACE('',(#1560),#1558,.T.);
#1562 = ORIENTED_EDGE('',*,*,#1008,.T.);
#1563 = ORIENTED_EDGE('',*,*,#1121,.F.);
#1564 = ORIENTED_EDGE('',*,*,#1097,.F.);
#1565 = ORIENTED_EDGE('',*,*,#1534,.T.);
#1566 = ORIENTED_EDGE('',*,*,#1374,.T.);
#1567 = ORIENTED_EDGE('',*,*,#1550,.T.);
#1568 = CARTESIAN_POINT('',(-17.78,-0.8504999999999999,5.));
#1569 = DIRECTION('',(0.,0.,1.));
#1570 = DIRECTION('',(0.,-1.,0.));
#1571 = AXIS2_PLACEMENT_3D('',#1568,#1569,#1570);
#1572 = PLANE('',#1571);
#1573 = EDGE_LOOP('',(#1562,#1563,#1564,#1565,#1566,#1567));
#1574 = FACE_OUTER_BOUND('',#1573,.T.);
#1575 = ADVANCED_FACE('',(#1574),#1572,.T.);
#1576 = CLOSED_SHELL('',(#1047,#1111,#1131,#1151,#1181,#1203,#1225,#1243,#1279,#1307,#1335,#1355,#1383,#1405,#1427,#1443,#1463,#1483,#1495,#1507,#1529,#1545,#1561,#1575));
#1577 = MANIFOLD_SOLID_BREP('',#1576);
#1578 = COLOUR_RGB('',0.10196078431372549,0.10196078431372549,0.10196078431372549);
#1579 = FILL_AREA_STYLE_COLOUR('',#1578);
#1580 = FILL_AREA_STYLE('',(#1579));
#1581 = SURFACE_STYLE_FILL_AREA(#1580);
#1582 = SURFACE_SIDE_STYLE('',(#1581));
#1583 = SURFACE_STYLE_USAGE(.BOTH.,#1582);
#1584 = PRESENTATION_STYLE_ASSIGNMENT((#1583));
#1585 = STYLED_ITEM('',(#1584),#1577);
#1586 = CARTESIAN_POINT('',(-16.195,-0.315,0.));
#1587 = VERTEX_POINT('',#1586);
#1588 = CARTESIAN_POINT('',(-16.195,0.315,0.));
#1589 = VERTEX_POINT('',#1588);
#1590 = CARTESIAN_POINT('',(-16.825000000000003,0.315,0.));
#1591 = VERTEX_POINT('',#1590);
#1592 = CARTESIAN_POINT('',(-16.825000000000003,-0.315,0.));
#1593 = VERTEX_POINT('',#1592);
#1594 = DIRECTION('',(0.,1.,0.));
#1595 = VECTOR('',#1594,1.);
#1596 = LINE('',#1586,#1595);
#1597 = EDGE_CURVE('',#1587,#1589,#1596,.T.);
#1598 = ORIENTED_EDGE('',*,*,#1597,.T.);
#1599 = DIRECTION('',(-1.,0.,0.));
#1600 = VECTOR('',#1599,1.);
#1601 = LINE('',#1588,#1600);
#1602 = EDGE_CURVE('',#1589,#1591,#1601,.T.);
#1603 = ORIENTED_EDGE('',*,*,#1602,.T.);
#1604 = DIRECTION('',(0.,1.,0.));
#1605 = VECTOR('',#1604,1.);
#1606 = LINE('',#1592,#1605);
#1607 = EDGE_CURVE('',#1593,#1591,#1606,.T.);
#1608 = ORIENTED_EDGE('',*,*,#1607,.F.);
#1609 = DIRECTION('',(-1.,0.,0.));
#1610 = VECTOR('',#1609,1.);
#1611 = LINE('',#1586,#1610);
#1612 = EDGE_CURVE('',#1587,#1593,#1611,.T.);
#1613 = ORIENTED_EDGE('',*,*,#1612,.F.);
#1614 = CARTESIAN_POINT('',(-16.195,-0.315,0.));
#1615 = DIRECTION('',(0.,0.,1.));
#1616 = DIRECTION('',(0.,1.,0.));
#1617 = AXIS2_PLACEMENT_3D('',#1614,#1615,#1616);
#1618 = PLANE('',#1617);
#1619 = EDGE_LOOP('',(#1598,#1603,#1608,#1613));
#1620 = FACE_OUTER_BOUND('',#1619,.T.);
#1621 = ADVANCED_FACE('',(#1620),#1618,.T.);
#1622 = CARTESIAN_POINT('',(-16.825000000000003,0.315,-2.7));
#1623 = VERTEX_POINT('',#1622);
#1624 = CARTESIAN_POINT('',(-16.195,0.315,-2.7));
#1625 = VERTEX_POINT('',#1624);
#1626 = DIRECTION('',(0.,0.,1.));
#1627 = VECTOR('',#1626,1.);
#1628 = LINE('',#1622,#1627);
#1629 = EDGE_CURVE('',#1623,#1591,#1628,.T.);
#1630 = ORIENTED_EDGE('',*,*,#1629,.T.);
#1631 = ORIENTED_EDGE('',*,*,#1602,.F.);
#1632 = DIRECTION('',(0.,0.,1.));
#1633 = VECTOR('',#1632,1.);
#1634 = LINE('',#1624,#1633);
#1635 = EDGE_CURVE('',#1625,#1589,#1634,.T.);
#1636 = ORIENTED_EDGE('',*,*,#1635,.F.);
#1637 = DIRECTION('',(-1.,0.,0.));
#1638 = VECTOR('',#1637,1.);
#1639 = LINE('',#1624,#1638);
#1640 = EDGE_CURVE('',#1625,#1623,#1639,.T.);
#1641 = ORIENTED_EDGE('',*,*,#1640,.T.);
#1642 = CARTESIAN_POINT('',(-16.825000000000003,0.315,-2.7));
#1643 = DIRECTION('',(0.,1.,0.));
#1644 = DIRECTION('',(0.,0.,1.));
#1645 = AXIS2_PLACEMENT_3D('',#1642,#1643,#1644);
#1646 = PLANE('',#1645);
#1647 = EDGE_LOOP('',(#1630,#1631,#1636,#1641));
#1648 = FACE_OUTER_BOUND('',#1647,.T.);
#1649 = ADVANCED_FACE('',(#1648),#1646,.T.);
#1650 = CARTESIAN_POINT('',(-16.825000000000003,-0.315,-2.7));
#1651 = VERTEX_POINT('',#1650);
#1652 = DIRECTION('',(0.,1.,0.));
#1653 = VECTOR('',#1652,1.);
#1654 = LINE('',#1650,#1653);
#1655 = EDGE_CURVE('',#1651,#1623,#1654,.T.);
#1656 = ORIENTED_EDGE('',*,*,#1655,.F.);
#1657 = DIRECTION('',(0.,0.,1.));
#1658 = VECTOR('',#1657,1.);
#1659 = LINE('',#1650,#1658);
#1660 = EDGE_CURVE('',#1651,#1593,#1659,.T.);
#1661 = ORIENTED_EDGE('',*,*,#1660,.T.);
#1662 = ORIENTED_EDGE('',*,*,#1607,.T.);
#1663 = ORIENTED_EDGE('',*,*,#1629,.F.);
#1664 = CARTESIAN_POINT('',(-16.825000000000003,0.315,-2.7));
#1665 = DIRECTION('',(-1.,0.,0.));
#1666 = DIRECTION('',(0.,-1.,0.));
#1667 = AXIS2_PLACEMENT_3D('',#1664,#1665,#1666);
#1668 = PLANE('',#1667);
#1669 = EDGE_LOOP('',(#1656,#1661,#1662,#1663));
#1670 = FACE_OUTER_BOUND('',#1669,.T.);
#1671 = ADVANCED_FACE('',(#1670),#1668,.T.);
#1672 = CARTESIAN_POINT('',(-16.195,-0.315,-2.7));
#1673 = VERTEX_POINT('',#1672);
#1674 = DIRECTION('',(0.,1.,0.));
#1675 = VECTOR('',#1674,1.);
#1676 = LINE('',#1672,#1675);
#1677 = EDGE_CURVE('',#1673,#1625,#1676,.T.);
#1678 = ORIENTED_EDGE('',*,*,#1677,.T.);
#1679 = ORIENTED_EDGE('',*,*,#1635,.T.);
#1680 = ORIENTED_EDGE('',*,*,#1597,.F.);
#1681 = DIRECTION('',(0.,0.,1.));
#1682 = VECTOR('',#1681,1.);
#1683 = LINE('',#1672,#1682);
#1684 = EDGE_CURVE('',#1673,#1587,#1683,.T.);
#1685 = ORIENTED_EDGE('',*,*,#1684,.F.);
#1686 = CARTESIAN_POINT('',(-16.195,-0.315,-2.7));
#1687 = DIRECTION('',(1.,0.,0.));
#1688 = DIRECTION('',(0.,1.,0.));
#1689 = AXIS2_PLACEMENT_3D('',#1686,#1687,#1688);
#1690 = PLANE('',#1689);
#1691 = EDGE_LOOP('',(#1678,#1679,#1680,#1685));
#1692 = FACE_OUTER_BOUND('',#1691,.T.);
#1693 = ADVANCED_FACE('',(#1692),#1690,.T.);
#1694 = ORIENTED_EDGE('',*,*,#1684,.T.);
#1695 = ORIENTED_EDGE('',*,*,#1612,.T.);
#1696 = ORIENTED_EDGE('',*,*,#1660,.F.);
#1697 = DIRECTION('',(-1.,0.,0.));
#1698 = VECTOR('',#1697,1.);
#1699 = LINE('',#1672,#1698);
#1700 = EDGE_CURVE('',#1673,#1651,#1699,.T.);
#1701 = ORIENTED_EDGE('',*,*,#1700,.F.);
#1702 = CARTESIAN_POINT('',(-16.195,-0.315,-2.7));
#1703 = DIRECTION('',(0.,-1.,0.));
#1704 = DIRECTION('',(0.,0.,1.));
#1705 = AXIS2_PLACEMENT_3D('',#1702,#1703,#1704);
#1706 = PLANE('',#1705);
#1707 = EDGE_LOOP('',(#1694,#1695,#1696,#1701));
#1708 = FACE_OUTER_BOUND('',#1707,.T.);
#1709 = ADVANCED_FACE('',(#1708),#1706,.T.);
#1710 = CARTESIAN_POINT('',(-16.685000000000002,0.175,-3.));
#1711 = VERTEX_POINT('',#1710);
#1712 = CARTESIAN_POINT('',(-16.335,0.175,-3.));
#1713 = VERTEX_POINT('',#1712);
#1714 = DIRECTION('',(-0.38949041885226154,0.38949041885226,0.8346223261119851));
#1715 = VECTOR('',#1714,1.);
#1716 = LINE('',#1710,#1715);
#1717 = EDGE_CURVE('',#1711,#1623,#1716,.T.);
#1718 = ORIENTED_EDGE('',*,*,#1717,.T.);
#1719 = ORIENTED_EDGE('',*,*,#1640,.F.);
#1720 = DIRECTION('',(-0.38949041885226154,-0.38949041885226,-0.8346223261119851));
#1721 = VECTOR('',#1720,1.);
#1722 = LINE('',#1624,#1721);
#1723 = EDGE_CURVE('',#1625,#1713,#1722,.T.);
#1724 = ORIENTED_EDGE('',*,*,#1723,.T.);
#1725 = DIRECTION('',(-1.,0.,0.));
#1726 = VECTOR('',#1725,1.);
#1727 = LINE('',#1712,#1726);
#1728 = EDGE_CURVE('',#1713,#1711,#1727,.T.);
#1729 = ORIENTED_EDGE('',*,*,#1728,.T.);
#1730 = CARTESIAN_POINT('',(-16.685000000000002,0.175,-3.));
#1731 = DIRECTION('',(0.,0.906183139995265,-0.4228854653311248));
#1732 = DIRECTION('',(-0.38949041885226154,0.38949041885226,0.8346223261119851));
#1733 = AXIS2_PLACEMENT_3D('',#1730,#1731,#1732);
#1734 = PLANE('',#1733);
#1735 = EDGE_LOOP('',(#1718,#1719,#1724,#1729));
#1736 = FACE_OUTER_BOUND('',#1735,.T.);
#1737 = ADVANCED_FACE('',(#1736),#1734,.T.);
#1738 = CARTESIAN_POINT('',(-16.685000000000002,-0.175,-3.));
#1739 = VERTEX_POINT('',#1738);
#1740 = DIRECTION('',(0.,1.,0.));
#1741 = VECTOR('',#1740,1.);
#1742 = LINE('',#1738,#1741);
#1743 = EDGE_CURVE('',#1739,#1711,#1742,.T.);
#1744 = ORIENTED_EDGE('',*,*,#1743,.F.);
#1745 = DIRECTION('',(-0.38949041885226154,-0.38949041885226,0.8346223261119851));
#1746 = VECTOR('',#1745,1.);
#1747 = LINE('',#1738,#1746);
#1748 = EDGE_CURVE('',#1739,#1651,#1747,.T.);
#1749 = ORIENTED_EDGE('',*,*,#1748,.T.);
#1750 = ORIENTED_EDGE('',*,*,#1655,.T.);
#1751 = ORIENTED_EDGE('',*,*,#1717,.F.);
#1752 = CARTESIAN_POINT('',(-16.685000000000002,0.175,-3.));
#1753 = DIRECTION('',(-0.9061831399952646,0.,-0.4228854653311256));
#1754 = DIRECTION('',(0.,-1.,0.));
#1755 = AXIS2_PLACEMENT_3D('',#1752,#1753,#1754);
#1756 = PLANE('',#1755);
#1757 = EDGE_LOOP('',(#1744,#1749,#1750,#1751));
#1758 = FACE_OUTER_BOUND('',#1757,.T.);
#1759 = ADVANCED_FACE('',(#1758),#1756,.T.);
#1760 = CARTESIAN_POINT('',(-16.335,-0.175,-3.));
#1761 = VERTEX_POINT('',#1760);
#1762 = DIRECTION('',(-1.,0.,0.));
#1763 = VECTOR('',#1762,1.);
#1764 = LINE('',#1760,#1763);
#1765 = EDGE_CURVE('',#1761,#1739,#1764,.T.);
#1766 = ORIENTED_EDGE('',*,*,#1765,.T.);
#1767 = ORIENTED_EDGE('',*,*,#1743,.T.);
#1768 = ORIENTED_EDGE('',*,*,#1728,.F.);
#1769 = DIRECTION('',(0.,1.,0.));
#1770 = VECTOR('',#1769,1.);
#1771 = LINE('',#1760,#1770);
#1772 = EDGE_CURVE('',#1761,#1713,#1771,.T.);
#1773 = ORIENTED_EDGE('',*,*,#1772,.F.);
#1774 = CARTESIAN_POINT('',(-16.335,-0.175,-3.));
#1775 = DIRECTION('',(0.,0.,-1.));
#1776 = DIRECTION('',(-1.,0.,0.));
#1777 = AXIS2_PLACEMENT_3D('',#1774,#1775,#1776);
#1778 = PLANE('',#1777);
#1779 = EDGE_LOOP('',(#1766,#1767,#1768,#1773));
#1780 = FACE_OUTER_BOUND('',#1779,.T.);
#1781 = ADVANCED_FACE('',(#1780),#1778,.T.);
#1782 = ORIENTED_EDGE('',*,*,#1772,.T.);
#1783 = ORIENTED_EDGE('',*,*,#1723,.F.);
#1784 = ORIENTED_EDGE('',*,*,#1677,.F.);
#1785 = DIRECTION('',(-0.38949041885226154,0.38949041885226,-0.8346223261119851));
#1786 = VECTOR('',#1785,1.);
#1787 = LINE('',#1672,#1786);
#1788 = EDGE_CURVE('',#1673,#1761,#1787,.T.);
#1789 = ORIENTED_EDGE('',*,*,#1788,.T.);
#1790 = CARTESIAN_POINT('',(-16.335,-0.175,-3.));
#1791 = DIRECTION('',(0.9061831399952646,0.,-0.4228854653311256));
#1792 = DIRECTION('',(0.,1.,0.));
#1793 = AXIS2_PLACEMENT_3D('',#1790,#1791,#1792);
#1794 = PLANE('',#1793);
#1795 = EDGE_LOOP('',(#1782,#1783,#1784,#1789));
#1796 = FACE_OUTER_BOUND('',#1795,.T.);
#1797 = ADVANCED_FACE('',(#1796),#1794,.T.);
#1798 = ORIENTED_EDGE('',*,*,#1788,.F.);
#1799 = ORIENTED_EDGE('',*,*,#1700,.T.);
#1800 = ORIENTED_EDGE('',*,*,#1748,.F.);
#1801 = ORIENTED_EDGE('',*,*,#1765,.F.);
#1802 = CARTESIAN_POINT('',(-16.335,-0.175,-3.));
#1803 = DIRECTION('',(0.,-0.906183139995265,-0.4228854653311248));
#1804 = DIRECTION('',(0.38949041885226154,-0.38949041885226,0.8346223261119851));
#1805 = AXIS2_PLACEMENT_3D('',#1802,#1803,#1804);
#1806 = PLANE('',#1805);
#1807 = EDGE_LOOP('',(#1798,#1799,#1800,#1801));
#1808 = FACE_OUTER_BOUND('',#1807,.T.);
#1809 = ADVANCED_FACE('',(#1808),#1806,.T.);
#1810 = CLOSED_SHELL('',(#1621,#1649,#1671,#1693,#1709,#1737,#1759,#1781,#1797,#1809));
#1811 = MANIFOLD_SOLID_BREP('',#1810);
#1812 = CARTESIAN_POINT('',(-17.014000000000003,-0.504,0.));
#1813 = VERTEX_POINT('',#1812);
#1814 = CARTESIAN_POINT('',(-17.014000000000003,-0.504,0.504));
#1815 = VERTEX_POINT('',#1814);
#1816 = CARTESIAN_POINT('',(-17.014000000000003,0.504,0.504));
#1817 = VERTEX_POINT('',#1816);
#1818 = CARTESIAN_POINT('',(-17.014000000000003,0.504,0.));
#1819 = VERTEX_POINT('',#1818);
#1820 = DIRECTION('',(0.,0.,1.));
#1821 = VECTOR('',#1820,1.);
#1822 = LINE('',#1812,#1821);
#1823 = EDGE_CURVE('',#1813,#1815,#1822,.T.);
#1824 = ORIENTED_EDGE('',*,*,#1823,.T.);
#1825 = DIRECTION('',(0.,1.,0.));
#1826 = VECTOR('',#1825,1.);
#1827 = LINE('',#1814,#1826);
#1828 = EDGE_CURVE('',#1815,#1817,#1827,.T.);
#1829 = ORIENTED_EDGE('',*,*,#1828,.T.);
#1830 = DIRECTION('',(0.,0.,1.));
#1831 = VECTOR('',#1830,1.);
#1832 = LINE('',#1818,#1831);
#1833 = EDGE_CURVE('',#1819,#1817,#1832,.T.);
#1834 = ORIENTED_EDGE('',*,*,#1833,.F.);
#1835 = DIRECTION('',(0.,1.,0.));
#1836 = VECTOR('',#1835,1.);
#1837 = LINE('',#1812,#1836);
#1838 = EDGE_CURVE('',#1813,#1819,#1837,.T.);
#1839 = ORIENTED_EDGE('',*,*,#1838,.F.);
#1840 = CARTESIAN_POINT('',(-17.014000000000003,-0.504,0.));
#1841 = DIRECTION('',(-1.,0.,0.));
#1842 = DIRECTION('',(0.,0.,1.));
#1843 = AXIS2_PLACEMENT_3D('',#1840,#1841,#1842);
#1844 = PLANE('',#1843);
#1845 = EDGE_LOOP('',(#1824,#1829,#1834,#1839));
#1846 = FACE_OUTER_BOUND('',#1845,.T.);
#1847 = ADVANCED_FACE('',(#1846),#1844,.T.);
#1848 = CARTESIAN_POINT('',(-16.006,-0.504,0.));
#1849 = VERTEX_POINT('',#1848);
#1850 = CARTESIAN_POINT('',(-16.006,0.504,0.));
#1851 = VERTEX_POINT('',#1850);
#1852 = CARTESIAN_POINT('',(-16.006,0.504,0.504));
#1853 = VERTEX_POINT('',#1852);
#1854 = CARTESIAN_POINT('',(-16.006,-0.504,0.504));
#1855 = VERTEX_POINT('',#1854);
#1856 = DIRECTION('',(0.,1.,0.));
#1857 = VECTOR('',#1856,1.);
#1858 = LINE('',#1848,#1857);
#1859 = EDGE_CURVE('',#1849,#1851,#1858,.T.);
#1860 = ORIENTED_EDGE('',*,*,#1859,.T.);
#1861 = DIRECTION('',(0.,0.,1.));
#1862 = VECTOR('',#1861,1.);
#1863 = LINE('',#1850,#1862);
#1864 = EDGE_CURVE('',#1851,#1853,#1863,.T.);
#1865 = ORIENTED_EDGE('',*,*,#1864,.T.);
#1866 = DIRECTION('',(0.,1.,0.));
#1867 = VECTOR('',#1866,1.);
#1868 = LINE('',#1854,#1867);
#1869 = EDGE_CURVE('',#1855,#1853,#1868,.T.);
#1870 = ORIENTED_EDGE('',*,*,#1869,.F.);
#1871 = DIRECTION('',(0.,0.,1.));
#1872 = VECTOR('',#1871,1.);
#1873 = LINE('',#1848,#1872);
#1874 = EDGE_CURVE('',#1849,#1855,#1873,.T.);
#1875 = ORIENTED_EDGE('',*,*,#1874,.F.);
#1876 = CARTESIAN_POINT('',(-16.006,-0.504,0.));
#1877 = DIRECTION('',(1.,0.,0.));
#1878 = DIRECTION('',(0.,1.,0.));
#1879 = AXIS2_PLACEMENT_3D('',#1876,#1877,#1878);
#1880 = PLANE('',#1879);
#1881 = EDGE_LOOP('',(#1860,#1865,#1870,#1875));
#1882 = FACE_OUTER_BOUND('',#1881,.T.);
#1883 = ADVANCED_FACE('',(#1882),#1880,.T.);
#1884 = DIRECTION('',(-1.,0.,0.));
#1885 = VECTOR('',#1884,1.);
#1886 = LINE('',#1848,#1885);
#1887 = EDGE_CURVE('',#1849,#1813,#1886,.T.);
#1888 = ORIENTED_EDGE('',*,*,#1887,.F.);
#1889 = ORIENTED_EDGE('',*,*,#1874,.T.);
#1890 = DIRECTION('',(-1.,0.,0.));
#1891 = VECTOR('',#1890,1.);
#1892 = LINE('',#1854,#1891);
#1893 = EDGE_CURVE('',#1855,#1815,#1892,.T.);
#1894 = ORIENTED_EDGE('',*,*,#1893,.T.);
#1895 = ORIENTED_EDGE('',*,*,#1823,.F.);
#1896 = CARTESIAN_POINT('',(-17.014000000000003,-0.504,0.));
#1897 = DIRECTION('',(0.,-1.,0.));
#1898 = DIRECTION('',(1.,0.,0.));
#1899 = AXIS2_PLACEMENT_3D('',#1896,#1897,#1898);
#1900 = PLANE('',#1899);
#1901 = EDGE_LOOP('',(#1888,#1889,#1894,#1895));
#1902 = FACE_OUTER_BOUND('',#1901,.T.);
#1903 = ADVANCED_FACE('',(#1902),#1900,.T.);
#1904 = ORIENTED_EDGE('',*,*,#1833,.T.);
#1905 = DIRECTION('',(-1.,0.,0.));
#1906 = VECTOR('',#1905,1.);
#1907 = LINE('',#1852,#1906);
#1908 = EDGE_CURVE('',#1853,#1817,#1907,.T.);
#1909 = ORIENTED_EDGE('',*,*,#1908,.F.);
#1910 = ORIENTED_EDGE('',*,*,#1864,.F.);
#1911 = DIRECTION('',(-1.,0.,0.));
#1912 = VECTOR('',#1911,1.);
#1913 = LINE('',#1850,#1912);
#1914 = EDGE_CURVE('',#1851,#1819,#1913,.T.);
#1915 = ORIENTED_EDGE('',*,*,#1914,.T.);
#1916 = CARTESIAN_POINT('',(-17.014000000000003,0.504,0.));
#1917 = DIRECTION('',(0.,1.,0.));
#1918 = DIRECTION('',(0.,0.,1.));
#1919 = AXIS2_PLACEMENT_3D('',#1916,#1917,#1918);
#1920 = PLANE('',#1919);
#1921 = EDGE_LOOP('',(#1904,#1909,#1910,#1915));
#1922 = FACE_OUTER_BOUND('',#1921,.T.);
#1923 = ADVANCED_FACE('',(#1922),#1920,.T.);
#1924 = ORIENTED_EDGE('',*,*,#1838,.T.);
#1925 = ORIENTED_EDGE('',*,*,#1914,.F.);
#1926 = ORIENTED_EDGE('',*,*,#1859,.F.);
#1927 = ORIENTED_EDGE('',*,*,#1887,.T.);
#1928 = CARTESIAN_POINT('',(-17.014000000000003,-0.504,0.));
#1929 = DIRECTION('',(0.,0.,-1.));
#1930 = DIRECTION('',(0.,1.,0.));
#1931 = AXIS2_PLACEMENT_3D('',#1928,#1929,#1930);
#1932 = PLANE('',#1931);
#1933 = EDGE_LOOP('',(#1924,#1925,#1926,#1927));
#1934 = FACE_OUTER_BOUND('',#1933,.T.);
#1935 = ADVANCED_FACE('',(#1934),#1932,.T.);
#1936 = ORIENTED_EDGE('',*,*,#1893,.F.);
#1937 = ORIENTED_EDGE('',*,*,#1869,.T.);
#1938 = ORIENTED_EDGE('',*,*,#1908,.T.);
#1939 = ORIENTED_EDGE('',*,*,#1828,.F.);
#1940 = CARTESIAN_POINT('',(-17.014000000000003,-0.504,0.504));
#1941 = DIRECTION('',(0.,0.,1.));
#1942 = DIRECTION('',(1.,0.,0.));
#1943 = AXIS2_PLACEMENT_3D('',#1940,#1941,#1942);
#1944 = PLANE('',#1943);
#1945 = EDGE_LOOP('',(#1936,#1937,#1938,#1939));
#1946 = FACE_OUTER_BOUND('',#1945,.T.);
#1947 = ADVANCED_FACE('',(#1946),#1944,.T.);
#1948 = CLOSED_SHELL('',(#1847,#1883,#1903,#1923,#1935,#1947));
#1949 = MANIFOLD_SOLID_BREP('',#1948);
#1950 = CARTESIAN_POINT('',(-15.24,-1.27,0.));
#1951 = VERTEX_POINT('',#1950);
#1952 = CARTESIAN_POINT('',(-15.24,-1.27,5.));
#1953 = VERTEX_POINT('',#1952);
#1954 = CARTESIAN_POINT('',(-15.24,-0.8504999999999999,5.));
#1955 = VERTEX_POINT('',#1954);
#1956 = CARTESIAN_POINT('',(-15.24,0.8504999999999999,5.));
#1957 = VERTEX_POINT('',#1956);
#1958 = CARTESIAN_POINT('',(-15.24,1.27,5.));
#1959 = VERTEX_POINT('',#1958);
#1960 = CARTESIAN_POINT('',(-15.24,1.27,0.));
#1961 = VERTEX_POINT('',#1960);
#1962 = CARTESIAN_POINT('',(-15.24,0.4724999999999999,0.));
#1963 = VERTEX_POINT('',#1962);
#1964 = CARTESIAN_POINT('',(-15.24,-0.4724999999999999,0.));
#1965 = VERTEX_POINT('',#1964);
#1966 = DIRECTION('',(0.,0.,1.));
#1967 = VECTOR('',#1966,1.);
#1968 = LINE('',#1950,#1967);
#1969 = EDGE_CURVE('',#1951,#1953,#1968,.T.);
#1970 = ORIENTED_EDGE('',*,*,#1969,.T.);
#1971 = DIRECTION('',(0.,-1.,0.));
#1972 = VECTOR('',#1971,1.);
#1973 = LINE('',#1954,#1972);
#1974 = EDGE_CURVE('',#1955,#1953,#1973,.T.);
#1975 = ORIENTED_EDGE('',*,*,#1974,.F.);
#1976 = DIRECTION('',(0.,1.,0.));
#1977 = VECTOR('',#1976,1.);
#1978 = LINE('',#1954,#1977);
#1979 = EDGE_CURVE('',#1955,#1957,#1978,.T.);
#1980 = ORIENTED_EDGE('',*,*,#1979,.T.);
#1981 = DIRECTION('',(0.,1.,0.));
#1982 = VECTOR('',#1981,1.);
#1983 = LINE('',#1956,#1982);
#1984 = EDGE_CURVE('',#1957,#1959,#1983,.T.);
#1985 = ORIENTED_EDGE('',*,*,#1984,.T.);
#1986 = DIRECTION('',(0.,0.,1.));
#1987 = VECTOR('',#1986,1.);
#1988 = LINE('',#1960,#1987);
#1989 = EDGE_CURVE('',#1961,#1959,#1988,.T.);
#1990 = ORIENTED_EDGE('',*,*,#1989,.F.);
#1991 = DIRECTION('',(0.,1.,0.));
#1992 = VECTOR('',#1991,1.);
#1993 = LINE('',#1962,#1992);
#1994 = EDGE_CURVE('',#1963,#1961,#1993,.T.);
#1995 = ORIENTED_EDGE('',*,*,#1994,.F.);
#1996 = DIRECTION('',(0.,1.,0.));
#1997 = VECTOR('',#1996,1.);
#1998 = LINE('',#1964,#1997);
#1999 = EDGE_CURVE('',#1965,#1963,#1998,.T.);
#2000 = ORIENTED_EDGE('',*,*,#1999,.F.);
#2001 = DIRECTION('',(0.,-1.,0.));
#2002 = VECTOR('',#2001,1.);
#2003 = LINE('',#1964,#2002);
#2004 = EDGE_CURVE('',#1965,#1951,#2003,.T.);
#2005 = ORIENTED_EDGE('',*,*,#2004,.T.);
#2006 = CARTESIAN_POINT('',(-15.24,-1.27,0.));
#2007 = DIRECTION('',(-1.,0.,0.));
#2008 = DIRECTION('',(0.,0.,1.));
#2009 = AXIS2_PLACEMENT_3D('',#2006,#2007,#2008);
#2010 = PLANE('',#2009);
#2011 = EDGE_LOOP('',(#1970,#1975,#1980,#1985,#1990,#1995,#2000,#2005));
#2012 = FACE_OUTER_BOUND('',#2011,.T.);
#2013 = ADVANCED_FACE('',(#2012),#2010,.T.);
#2014 = CARTESIAN_POINT('',(-12.700000000000001,-1.27,0.));
#2015 = VERTEX_POINT('',#2014);
#2016 = CARTESIAN_POINT('',(-12.700000000000001,-0.4724999999999999,0.));
#2017 = VERTEX_POINT('',#2016);
#2018 = CARTESIAN_POINT('',(-12.700000000000001,0.4724999999999999,0.));
#2019 = VERTEX_POINT('',#2018);
#2020 = CARTESIAN_POINT('',(-12.700000000000001,1.27,0.));
#2021 = VERTEX_POINT('',#2020);
#2022 = CARTESIAN_POINT('',(-12.700000000000001,1.27,5.));
#2023 = VERTEX_POINT('',#2022);
#2024 = CARTESIAN_POINT('',(-12.700000000000001,0.8504999999999999,5.));
#2025 = VERTEX_POINT('',#2024);
#2026 = CARTESIAN_POINT('',(-12.700000000000001,-0.8504999999999999,5.));
#2027 = VERTEX_POINT('',#2026);
#2028 = CARTESIAN_POINT('',(-12.700000000000001,-1.27,5.));
#2029 = VERTEX_POINT('',#2028);
#2030 = DIRECTION('',(0.,-1.,0.));
#2031 = VECTOR('',#2030,1.);
#2032 = LINE('',#2016,#2031);
#2033 = EDGE_CURVE('',#2017,#2015,#2032,.T.);
#2034 = ORIENTED_EDGE('',*,*,#2033,.F.);
#2035 = DIRECTION('',(0.,1.,0.));
#2036 = VECTOR('',#2035,1.);
#2037 = LINE('',#2016,#2036);
#2038 = EDGE_CURVE('',#2017,#2019,#2037,.T.);
#2039 = ORIENTED_EDGE('',*,*,#2038,.T.);
#2040 = DIRECTION('',(0.,1.,0.));
#2041 = VECTOR('',#2040,1.);
#2042 = LINE('',#2018,#2041);
#2043 = EDGE_CURVE('',#2019,#2021,#2042,.T.);
#2044 = ORIENTED_EDGE('',*,*,#2043,.T.);
#2045 = DIRECTION('',(0.,0.,1.));
#2046 = VECTOR('',#2045,1.);
#2047 = LINE('',#2020,#2046);
#2048 = EDGE_CURVE('',#2021,#2023,#2047,.T.);
#2049 = ORIENTED_EDGE('',*,*,#2048,.T.);
#2050 = DIRECTION('',(0.,1.,0.));
#2051 = VECTOR('',#2050,1.);
#2052 = LINE('',#2024,#2051);
#2053 = EDGE_CURVE('',#2025,#2023,#2052,.T.);
#2054 = ORIENTED_EDGE('',*,*,#2053,.F.);
#2055 = DIRECTION('',(0.,1.,0.));
#2056 = VECTOR('',#2055,1.);
#2057 = LINE('',#2026,#2056);
#2058 = EDGE_CURVE('',#2027,#2025,#2057,.T.);
#2059 = ORIENTED_EDGE('',*,*,#2058,.F.);
#2060 = DIRECTION('',(0.,-1.,0.));
#2061 = VECTOR('',#2060,1.);
#2062 = LINE('',#2026,#2061);
#2063 = EDGE_CURVE('',#2027,#2029,#2062,.T.);
#2064 = ORIENTED_EDGE('',*,*,#2063,.T.);
#2065 = DIRECTION('',(0.,0.,1.));
#2066 = VECTOR('',#2065,1.);
#2067 = LINE('',#2014,#2066);
#2068 = EDGE_CURVE('',#2015,#2029,#2067,.T.);
#2069 = ORIENTED_EDGE('',*,*,#2068,.F.);
#2070 = CARTESIAN_POINT('',(-12.700000000000001,-1.27,0.));
#2071 = DIRECTION('',(1.,0.,0.));
#2072 = DIRECTION('',(0.,1.,0.));
#2073 = AXIS2_PLACEMENT_3D('',#2070,#2071,#2072);
#2074 = PLANE('',#2073);
#2075 = EDGE_LOOP('',(#2034,#2039,#2044,#2049,#2054,#2059,#2064,#2069));
#2076 = FACE_OUTER_BOUND('',#2075,.T.);
#2077 = ADVANCED_FACE('',(#2076),#2074,.T.);
#2078 = DIRECTION('',(-1.,0.,0.));
#2079 = VECTOR('',#2078,1.);
#2080 = LINE('',#2014,#2079);
#2081 = EDGE_CURVE('',#2015,#1951,#2080,.T.);
#2082 = ORIENTED_EDGE('',*,*,#2081,.F.);
#2083 = ORIENTED_EDGE('',*,*,#2068,.T.);
#2084 = DIRECTION('',(-1.,0.,0.));
#2085 = VECTOR('',#2084,1.);
#2086 = LINE('',#2028,#2085);
#2087 = EDGE_CURVE('',#2029,#1953,#2086,.T.);
#2088 = ORIENTED_EDGE('',*,*,#2087,.T.);
#2089 = ORIENTED_EDGE('',*,*,#1969,.F.);
#2090 = CARTESIAN_POINT('',(-15.24,-1.27,0.));
#2091 = DIRECTION('',(0.,-1.,0.));
#2092 = DIRECTION('',(1.,0.,0.));
#2093 = AXIS2_PLACEMENT_3D('',#2090,#2091,#2092);
#2094 = PLANE('',#2093);
#2095 = EDGE_LOOP('',(#2082,#2083,#2088,#2089));
#2096 = FACE_OUTER_BOUND('',#2095,.T.);
#2097 = ADVANCED_FACE('',(#2096),#2094,.T.);
#2098 = ORIENTED_EDGE('',*,*,#1989,.T.);
#2099 = DIRECTION('',(-1.,0.,0.));
#2100 = VECTOR('',#2099,1.);
#2101 = LINE('',#2022,#2100);
#2102 = EDGE_CURVE('',#2023,#1959,#2101,.T.);
#2103 = ORIENTED_EDGE('',*,*,#2102,.F.);
#2104 = ORIENTED_EDGE('',*,*,#2048,.F.);
#2105 = DIRECTION('',(-1.,0.,0.));
#2106 = VECTOR('',#2105,1.);
#2107 = LINE('',#2020,#2106);
#2108 = EDGE_CURVE('',#2021,#1961,#2107,.T.);
#2109 = ORIENTED_EDGE('',*,*,#2108,.T.);
#2110 = CARTESIAN_POINT('',(-15.24,1.27,0.));
#2111 = DIRECTION('',(0.,1.,0.));
#2112 = DIRECTION('',(0.,0.,1.));
#2113 = AXIS2_PLACEMENT_3D('',#2110,#2111,#2112);
#2114 = PLANE('',#2113);
#2115 = EDGE_LOOP('',(#2098,#2103,#2104,#2109));
#2116 = FACE_OUTER_BOUND('',#2115,.T.);
#2117 = ADVANCED_FACE('',(#2116),#2114,.T.);
#2118 = CARTESIAN_POINT('',(-13.4975,0.4725,0.));
#2119 = VERTEX_POINT('',#2118);
#2120 = CARTESIAN_POINT('',(-14.4425,0.4725,0.));
#2121 = VERTEX_POINT('',#2120);
#2122 = ORIENTED_EDGE('',*,*,#2043,.F.);
#2123 = DIRECTION('',(-1.,0.,0.));
#2124 = VECTOR('',#2123,1.);
#2125 = LINE('',#2018,#2124);
#2126 = EDGE_CURVE('',#2019,#2119,#2125,.T.);
#2127 = ORIENTED_EDGE('',*,*,#2126,.T.);
#2128 = DIRECTION('',(-1.,0.,0.));
#2129 = VECTOR('',#2128,1.);
#2130 = LINE('',#2118,#2129);
#2131 = EDGE_CURVE('',#2119,#2121,#2130,.T.);
#2132 = ORIENTED_EDGE('',*,*,#2131,.T.);
#2133 = DIRECTION('',(-1.,0.,0.));
#2134 = VECTOR('',#2133,1.);
#2135 = LINE('',#2120,#2134);
#2136 = EDGE_CURVE('',#2121,#1963,#2135,.T.);
#2137 = ORIENTED_EDGE('',*,*,#2136,.T.);
#2138 = ORIENTED_EDGE('',*,*,#1994,.T.);
#2139 = ORIENTED_EDGE('',*,*,#2108,.F.);
#2140 = CARTESIAN_POINT('',(-12.700000000000001,1.27,0.));
#2141 = DIRECTION('',(0.,0.,-1.));
#2142 = DIRECTION('',(0.,-1.,0.));
#2143 = AXIS2_PLACEMENT_3D('',#2140,#2141,#2142);
#2144 = PLANE('',#2143);
#2145 = EDGE_LOOP('',(#2122,#2127,#2132,#2137,#2138,#2139));
#2146 = FACE_OUTER_BOUND('',#2145,.T.);
#2147 = ADVANCED_FACE('',(#2146),#2144,.T.);
#2148 = CARTESIAN_POINT('',(-14.4425,-0.4724999999999999,0.));
#2149 = VERTEX_POINT('',#2148);
#2150 = DIRECTION('',(0.,1.,0.));
#2151 = VECTOR('',#2150,1.);
#2152 = LINE('',#2148,#2151);
#2153 = EDGE_CURVE('',#2149,#2121,#2152,.T.);
#2154 = ORIENTED_EDGE('',*,*,#2153,.F.);
#2155 = DIRECTION('',(-1.,0.,0.));
#2156 = VECTOR('',#2155,1.);
#2157 = LINE('',#2148,#2156);
#2158 = EDGE_CURVE('',#2149,#1965,#2157,.T.);
#2159 = ORIENTED_EDGE('',*,*,#2158,.T.);
#2160 = ORIENTED_EDGE('',*,*,#1999,.T.);
#2161 = ORIENTED_EDGE('',*,*,#2136,.F.);
#2162 = CARTESIAN_POINT('',(-14.4425,0.4724999999999999,0.));
#2163 = DIRECTION('',(0.,0.,-1.));
#2164 = DIRECTION('',(0.,-1.,0.));
#2165 = AXIS2_PLACEMENT_3D('',#2162,#2163,#2164);
#2166 = PLANE('',#2165);
#2167 = EDGE_LOOP('',(#2154,#2159,#2160,#2161));
#2168 = FACE_OUTER_BOUND('',#2167,.T.);
#2169 = ADVANCED_FACE('',(#2168),#2166,.T.);
#2170 = CARTESIAN_POINT('',(-13.4975,-0.4724999999999999,0.));
#2171 = VERTEX_POINT('',#2170);
#2172 = ORIENTED_EDGE('',*,*,#2038,.F.);
#2173 = DIRECTION('',(-1.,0.,0.));
#2174 = VECTOR('',#2173,1.);
#2175 = LINE('',#2016,#2174);
#2176 = EDGE_CURVE('',#2017,#2171,#2175,.T.);
#2177 = ORIENTED_EDGE('',*,*,#2176,.T.);
#2178 = DIRECTION('',(0.,1.,0.));
#2179 = VECTOR('',#2178,1.);
#2180 = LINE('',#2170,#2179);
#2181 = EDGE_CURVE('',#2171,#2119,#2180,.T.);
#2182 = ORIENTED_EDGE('',*,*,#2181,.T.);
#2183 = ORIENTED_EDGE('',*,*,#2126,.F.);
#2184 = CARTESIAN_POINT('',(-12.700000000000001,0.4724999999999999,0.));
#2185 = DIRECTION('',(0.,0.,-1.));
#2186 = DIRECTION('',(0.,-1.,0.));
#2187 = AXIS2_PLACEMENT_3D('',#2184,#2185,#2186);
#2188 = PLANE('',#2187);
#2189 = EDGE_LOOP('',(#2172,#2177,#2182,#2183));
#2190 = FACE_OUTER_BOUND('',#2189,.T.);
#2191 = ADVANCED_FACE('',(#2190),#2188,.T.);
#2192 = ORIENTED_EDGE('',*,*,#2033,.T.);
#2193 = ORIENTED_EDGE('',*,*,#2081,.T.);
#2194 = ORIENTED_EDGE('',*,*,#2004,.F.);
#2195 = ORIENTED_EDGE('',*,*,#2158,.F.);
#2196 = DIRECTION('',(-1.,0.,0.));
#2197 = VECTOR('',#2196,1.);
#2198 = LINE('',#2170,#2197);
#2199 = EDGE_CURVE('',#2171,#2149,#2198,.T.);
#2200 = ORIENTED_EDGE('',*,*,#2199,.F.);
#2201 = ORIENTED_EDGE('',*,*,#2176,.F.);
#2202 = CARTESIAN_POINT('',(-12.700000000000001,-0.4724999999999999,0.));
#2203 = DIRECTION('',(0.,0.,-1.));
#2204 = DIRECTION('',(0.,-1.,0.));
#2205 = AXIS2_PLACEMENT_3D('',#2202,#2203,#2204);
#2206 = PLANE('',#2205);
#2207 = EDGE_LOOP('',(#2192,#2193,#2194,#2195,#2200,#2201));
#2208 = FACE_OUTER_BOUND('',#2207,.T.);
#2209 = ADVANCED_FACE('',(#2208),#2206,.T.);
#2210 = CARTESIAN_POINT('',(-14.820500000000001,-0.8504999999999999,4.995));
#2211 = VERTEX_POINT('',#2210);
#2212 = CARTESIAN_POINT('',(-13.1195,-0.8504999999999999,4.995));
#2213 = VERTEX_POINT('',#2212);
#2214 = CARTESIAN_POINT('',(-13.4975,-0.4725,4.3854));
#2215 = VERTEX_POINT('',#2214);
#2216 = CARTESIAN_POINT('',(-14.4425,-0.4725,4.3854));
#2217 = VERTEX_POINT('',#2216);
#2218 = DIRECTION('',(-1.,0.,0.));
#2219 = VECTOR('',#2218,1.);
#2220 = LINE('',#2212,#2219);
#2221 = EDGE_CURVE('',#2213,#2211,#2220,.T.);
#2222 = ORIENTED_EDGE('',*,*,#2221,.F.);
#2223 = DIRECTION('',(-0.46621205975657015,0.46621205975656993,-0.7518594487502784));
#2224 = VECTOR('',#2223,1.);
#2225 = LINE('',#2212,#2224);
#2226 = EDGE_CURVE('',#2213,#2215,#2225,.T.);
#2227 = ORIENTED_EDGE('',*,*,#2226,.T.);
#2228 = DIRECTION('',(-1.,0.,0.));
#2229 = VECTOR('',#2228,1.);
#2230 = LINE('',#2214,#2229);
#2231 = EDGE_CURVE('',#2215,#2217,#2230,.T.);
#2232 = ORIENTED_EDGE('',*,*,#2231,.T.);
#2233 = DIRECTION('',(-0.46621205975657015,-0.46621205975656993,0.7518594487502784));
#2234 = VECTOR('',#2233,1.);
#2235 = LINE('',#2216,#2234);
#2236 = EDGE_CURVE('',#2217,#2211,#2235,.T.);
#2237 = ORIENTED_EDGE('',*,*,#2236,.T.);
#2238 = CARTESIAN_POINT('',(-14.820500000000001,-0.8504999999999999,4.995));
#2239 = DIRECTION('',(0.,0.8498727207846387,0.5269880059983487));
#2240 = DIRECTION('',(1.,0.,0.));
#2241 = AXIS2_PLACEMENT_3D('',#2238,#2239,#2240);
#2242 = PLANE('',#2241);
#2243 = EDGE_LOOP('',(#2222,#2227,#2232,#2237));
#2244 = FACE_OUTER_BOUND('',#2243,.T.);
#2245 = ADVANCED_FACE('',(#2244),#2242,.T.);
#2246 = CARTESIAN_POINT('',(-14.4425,0.4725,4.3854));
#2247 = VERTEX_POINT('',#2246);
#2248 = CARTESIAN_POINT('',(-14.820500000000001,0.8504999999999999,4.995));
#2249 = VERTEX_POINT('',#2248);
#2250 = DIRECTION('',(-0.46621205975657015,0.46621205975656993,0.7518594487502784));
#2251 = VECTOR('',#2250,1.);
#2252 = LINE('',#2246,#2251);
#2253 = EDGE_CURVE('',#2247,#2249,#2252,.T.);
#2254 = ORIENTED_EDGE('',*,*,#2253,.T.);
#2255 = DIRECTION('',(0.,1.,0.));
#2256 = VECTOR('',#2255,1.);
#2257 = LINE('',#2210,#2256);
#2258 = EDGE_CURVE('',#2211,#2249,#2257,.T.);
#2259 = ORIENTED_EDGE('',*,*,#2258,.F.);
#2260 = ORIENTED_EDGE('',*,*,#2236,.F.);
#2261 = DIRECTION('',(0.,1.,0.));
#2262 = VECTOR('',#2261,1.);
#2263 = LINE('',#2216,#2262);
#2264 = EDGE_CURVE('',#2217,#2247,#2263,.T.);
#2265 = ORIENTED_EDGE('',*,*,#2264,.T.);
#2266 = CARTESIAN_POINT('',(-14.4425,0.4725,4.3854));
#2267 = DIRECTION('',(0.8498727207846386,0.,0.5269880059983487));
#2268 = DIRECTION('',(-0.46621205975657015,0.46621205975656993,0.7518594487502784));
#2269 = AXIS2_PLACEMENT_3D('',#2266,#2267,#2268);
#2270 = PLANE('',#2269);
#2271 = EDGE_LOOP('',(#2254,#2259,#2260,#2265));
#2272 = FACE_OUTER_BOUND('',#2271,.T.);
#2273 = ADVANCED_FACE('',(#2272),#2270,.T.);
#2274 = CARTESIAN_POINT('',(-13.1195,0.8504999999999999,4.995));
#2275 = VERTEX_POINT('',#2274);
#2276 = CARTESIAN_POINT('',(-13.4975,0.4725,4.3854));
#2277 = VERTEX_POINT('',#2276);
#2278 = DIRECTION('',(-1.,0.,0.));
#2279 = VECTOR('',#2278,1.);
#2280 = LINE('',#2274,#2279);
#2281 = EDGE_CURVE('',#2275,#2249,#2280,.T.);
#2282 = ORIENTED_EDGE('',*,*,#2281,.T.);
#2283 = ORIENTED_EDGE('',*,*,#2253,.F.);
#2284 = DIRECTION('',(-1.,0.,0.));
#2285 = VECTOR('',#2284,1.);
#2286 = LINE('',#2276,#2285);
#2287 = EDGE_CURVE('',#2277,#2247,#2286,.T.);
#2288 = ORIENTED_EDGE('',*,*,#2287,.F.);
#2289 = DIRECTION('',(-0.46621205975657015,-0.46621205975656993,-0.7518594487502784));
#2290 = VECTOR('',#2289,1.);
#2291 = LINE('',#2274,#2290);
#2292 = EDGE_CURVE('',#2275,#2277,#2291,.T.);
#2293 = ORIENTED_EDGE('',*,*,#2292,.F.);
#2294 = CARTESIAN_POINT('',(-13.1195,0.8504999999999999,4.995));
#2295 = DIRECTION('',(0.,-0.8498727207846387,0.5269880059983487));
#2296 = DIRECTION('',(-1.,0.,0.));
#2297 = AXIS2_PLACEMENT_3D('',#2294,#2295,#2296);
#2298 = PLANE('',#2297);
#2299 = EDGE_LOOP('',(#2282,#2283,#2288,#2293));
#2300 = FACE_OUTER_BOUND('',#2299,.T.);
#2301 = ADVANCED_FACE('',(#2300),#2298,.T.);
#2302 = ORIENTED_EDGE('',*,*,#2226,.F.);
#2303 = DIRECTION('',(0.,1.,0.));
#2304 = VECTOR('',#2303,1.);
#2305 = LINE('',#2212,#2304);
#2306 = EDGE_CURVE('',#2213,#2275,#2305,.T.);
#2307 = ORIENTED_EDGE('',*,*,#2306,.T.);
#2308 = ORIENTED_EDGE('',*,*,#2292,.T.);
#2309 = DIRECTION('',(0.,1.,0.));
#2310 = VECTOR('',#2309,1.);
#2311 = LINE('',#2214,#2310);
#2312 = EDGE_CURVE('',#2215,#2277,#2311,.T.);
#2313 = ORIENTED_EDGE('',*,*,#2312,.F.);
#2314 = CARTESIAN_POINT('',(-13.4975,-0.4725,4.3854));
#2315 = DIRECTION('',(-0.8498727207846386,0.,0.5269880059983487));
#2316 = DIRECTION('',(0.46621205975657015,-0.46621205975656993,0.7518594487502784));
#2317 = AXIS2_PLACEMENT_3D('',#2314,#2315,#2316);
#2318 = PLANE('',#2317);
#2319 = EDGE_LOOP('',(#2302,#2307,#2308,#2313));
#2320 = FACE_OUTER_BOUND('',#2319,.T.);
#2321 = ADVANCED_FACE('',(#2320),#2318,.T.);
#2322 = CARTESIAN_POINT('',(-13.1195,-0.8504999999999999,5.));
#2323 = VERTEX_POINT('',#2322);
#2324 = CARTESIAN_POINT('',(-14.820500000000001,-0.8504999999999999,5.));
#2325 = VERTEX_POINT('',#2324);
#2326 = DIRECTION('',(0.,0.,1.));
#2327 = VECTOR('',#2326,1.);
#2328 = LINE('',#2212,#2327);
#2329 = EDGE_CURVE('',#2213,#2323,#2328,.T.);
#2330 = ORIENTED_EDGE('',*,*,#2329,.F.);
#2331 = ORIENTED_EDGE('',*,*,#2221,.T.);
#2332 = DIRECTION('',(0.,0.,1.));
#2333 = VECTOR('',#2332,1.);
#2334 = LINE('',#2210,#2333);
#2335 = EDGE_CURVE('',#2211,#2325,#2334,.T.);
#2336 = ORIENTED_EDGE('',*,*,#2335,.T.);
#2337 = DIRECTION('',(-1.,0.,0.));
#2338 = VECTOR('',#2337,1.);
#2339 = LINE('',#2322,#2338);
#2340 = EDGE_CURVE('',#2323,#2325,#2339,.T.);
#2341 = ORIENTED_EDGE('',*,*,#2340,.F.);
#2342 = CARTESIAN_POINT('',(-13.1195,-0.8504999999999999,5.));
#2343 = DIRECTION('',(0.,1.,0.));
#2344 = DIRECTION('',(0.,0.,-1.));
#2345 = AXIS2_PLACEMENT_3D('',#2342,#2343,#2344);
#2346 = PLANE('',#2345);
#2347 = EDGE_LOOP('',(#2330,#2331,#2336,#2341));
#2348 = FACE_OUTER_BOUND('',#2347,.T.);
#2349 = ADVANCED_FACE('',(#2348),#2346,.T.);
#2350 = CARTESIAN_POINT('',(-14.820500000000001,0.8504999999999999,5.));
#2351 = VERTEX_POINT('',#2350);
#2352 = ORIENTED_EDGE('',*,*,#2335,.F.);
#2353 = ORIENTED_EDGE('',*,*,#2258,.T.);
#2354 = DIRECTION('',(0.,0.,1.));
#2355 = VECTOR('',#2354,1.);
#2356 = LINE('',#2248,#2355);
#2357 = EDGE_CURVE('',#2249,#2351,#2356,.T.);
#2358 = ORIENTED_EDGE('',*,*,#2357,.T.);
#2359 = DIRECTION('',(0.,1.,0.));
#2360 = VECTOR('',#2359,1.);
#2361 = LINE('',#2324,#2360);
#2362 = EDGE_CURVE('',#2325,#2351,#2361,.T.);
#2363 = ORIENTED_EDGE('',*,*,#2362,.F.);
#2364 = CARTESIAN_POINT('',(-14.820500000000001,-0.8504999999999999,5.));
#2365 = DIRECTION('',(1.,0.,0.));
#2366 = DIRECTION('',(0.,0.,-1.));
#2367 = AXIS2_PLACEMENT_3D('',#2364,#2365,#2366);
#2368 = PLANE('',#2367);
#2369 = EDGE_LOOP('',(#2352,#2353,#2358,#2363));
#2370 = FACE_OUTER_BOUND('',#2369,.T.);
#2371 = ADVANCED_FACE('',(#2370),#2368,.T.);
#2372 = CARTESIAN_POINT('',(-13.1195,0.8504999999999999,5.));
#2373 = VERTEX_POINT('',#2372);
#2374 = DIRECTION('',(0.,0.,1.));
#2375 = VECTOR('',#2374,1.);
#2376 = LINE('',#2274,#2375);
#2377 = EDGE_CURVE('',#2275,#2373,#2376,.T.);
#2378 = ORIENTED_EDGE('',*,*,#2377,.F.);
#2379 = ORIENTED_EDGE('',*,*,#2306,.F.);
#2380 = ORIENTED_EDGE('',*,*,#2329,.T.);
#2381 = DIRECTION('',(0.,1.,0.));
#2382 = VECTOR('',#2381,1.);
#2383 = LINE('',#2322,#2382);
#2384 = EDGE_CURVE('',#2323,#2373,#2383,.T.);
#2385 = ORIENTED_EDGE('',*,*,#2384,.T.);
#2386 = CARTESIAN_POINT('',(-13.1195,0.8504999999999999,5.));
#2387 = DIRECTION('',(-1.,0.,0.));
#2388 = DIRECTION('',(0.,0.,-1.));
#2389 = AXIS2_PLACEMENT_3D('',#2386,#2387,#2388);
#2390 = PLANE('',#2389);
#2391 = EDGE_LOOP('',(#2378,#2379,#2380,#2385));
#2392 = FACE_OUTER_BOUND('',#2391,.T.);
#2393 = ADVANCED_FACE('',(#2392),#2390,.T.);
#2394 = ORIENTED_EDGE('',*,*,#2357,.F.);
#2395 = ORIENTED_EDGE('',*,*,#2281,.F.);
#2396 = ORIENTED_EDGE('',*,*,#2377,.T.);
#2397 = DIRECTION('',(-1.,0.,0.));
#2398 = VECTOR('',#2397,1.);
#2399 = LINE('',#2372,#2398);
#2400 = EDGE_CURVE('',#2373,#2351,#2399,.T.);
#2401 = ORIENTED_EDGE('',*,*,#2400,.T.);
#2402 = CARTESIAN_POINT('',(-14.820500000000001,0.8504999999999999,5.));
#2403 = DIRECTION('',(0.,-1.,0.));
#2404 = DIRECTION('',(0.,0.,-1.));
#2405 = AXIS2_PLACEMENT_3D('',#2402,#2403,#2404);
#2406 = PLANE('',#2405);
#2407 = EDGE_LOOP('',(#2394,#2395,#2396,#2401));
#2408 = FACE_OUTER_BOUND('',#2407,.T.);
#2409 = ADVANCED_FACE('',(#2408),#2406,.T.);
#2410 = DIRECTION('',(0.,0.,1.));
#2411 = VECTOR('',#2410,1.);
#2412 = LINE('',#2148,#2411);
#2413 = EDGE_CURVE('',#2149,#2217,#2412,.T.);
#2414 = ORIENTED_EDGE('',*,*,#2413,.F.);
#2415 = ORIENTED_EDGE('',*,*,#2153,.T.);
#2416 = DIRECTION('',(0.,0.,1.));
#2417 = VECTOR('',#2416,1.);
#2418 = LINE('',#2120,#2417);
#2419 = EDGE_CURVE('',#2121,#2247,#2418,.T.);
#2420 = ORIENTED_EDGE('',*,*,#2419,.T.);
#2421 = ORIENTED_EDGE('',*,*,#2264,.F.);
#2422 = CARTESIAN_POINT('',(-14.4425,-0.4725,4.385399999999999));
#2423 = DIRECTION('',(1.,0.,0.));
#2424 = DIRECTION('',(0.,0.,-1.));
#2425 = AXIS2_PLACEMENT_3D('',#2422,#2423,#2424);
#2426 = PLANE('',#2425);
#2427 = EDGE_LOOP('',(#2414,#2415,#2420,#2421));
#2428 = FACE_OUTER_BOUND('',#2427,.T.);
#2429 = ADVANCED_FACE('',(#2428),#2426,.T.);
#2430 = ORIENTED_EDGE('',*,*,#2312,.T.);
#2431 = DIRECTION('',(0.,0.,1.));
#2432 = VECTOR('',#2431,1.);
#2433 = LINE('',#2118,#2432);
#2434 = EDGE_CURVE('',#2119,#2277,#2433,.T.);
#2435 = ORIENTED_EDGE('',*,*,#2434,.F.);
#2436 = ORIENTED_EDGE('',*,*,#2181,.F.);
#2437 = DIRECTION('',(0.,0.,1.));
#2438 = VECTOR('',#2437,1.);
#2439 = LINE('',#2170,#2438);
#2440 = EDGE_CURVE('',#2171,#2215,#2439,.T.);
#2441 = ORIENTED_EDGE('',*,*,#2440,.T.);
#2442 = CARTESIAN_POINT('',(-13.4975,-0.4725,4.385399999999999));
#2443 = DIRECTION('',(-1.,0.,0.));
#2444 = DIRECTION('',(0.,1.,0.));
#2445 = AXIS2_PLACEMENT_3D('',#2442,#2443,#2444);
#2446 = PLANE('',#2445);
#2447 = EDGE_LOOP('',(#2430,#2435,#2436,#2441));
#2448 = FACE_OUTER_BOUND('',#2447,.T.);
#2449 = ADVANCED_FACE('',(#2448),#2446,.T.);
#2450 = ORIENTED_EDGE('',*,*,#2440,.F.);
#2451 = ORIENTED_EDGE('',*,*,#2199,.T.);
#2452 = ORIENTED_EDGE('',*,*,#2413,.T.);
#2453 = ORIENTED_EDGE('',*,*,#2231,.F.);
#2454 = CARTESIAN_POINT('',(-13.4975,-0.4725,4.385399999999998));
#2455 = DIRECTION('',(0.,1.,0.));
#2456 = DIRECTION('',(0.,0.,-1.));
#2457 = AXIS2_PLACEMENT_3D('',#2454,#2455,#2456);
#2458 = PLANE('',#2457);
#2459 = EDGE_LOOP('',(#2450,#2451,#2452,#2453));
#2460 = FACE_OUTER_BOUND('',#2459,.T.);
#2461 = ADVANCED_FACE('',(#2460),#2458,.T.);
#2462 = ORIENTED_EDGE('',*,*,#2419,.F.);
#2463 = ORIENTED_EDGE('',*,*,#2131,.F.);
#2464 = ORIENTED_EDGE('',*,*,#2434,.T.);
#2465 = ORIENTED_EDGE('',*,*,#2287,.T.);
#2466 = CARTESIAN_POINT('',(-14.4425,0.4725,4.385399999999999));
#2467 = DIRECTION('',(0.,-1.,0.));
#2468 = DIRECTION('',(0.,0.,-1.));
#2469 = AXIS2_PLACEMENT_3D('',#2466,#2467,#2468);
#2470 = PLANE('',#2469);
#2471 = EDGE_LOOP('',(#2462,#2463,#2464,#2465));
#2472 = FACE_OUTER_BOUND('',#2471,.T.);
#2473 = ADVANCED_FACE('',(#2472),#2470,.T.);
#2474 = ORIENTED_EDGE('',*,*,#1984,.F.);
#2475 = DIRECTION('',(-1.,0.,0.));
#2476 = VECTOR('',#2475,1.);
#2477 = LINE('',#2350,#2476);
#2478 = EDGE_CURVE('',#2351,#1957,#2477,.T.);
#2479 = ORIENTED_EDGE('',*,*,#2478,.F.);
#2480 = ORIENTED_EDGE('',*,*,#2400,.F.);
#2481 = DIRECTION('',(-1.,0.,0.));
#2482 = VECTOR('',#2481,1.);
#2483 = LINE('',#2024,#2482);
#2484 = EDGE_CURVE('',#2025,#2373,#2483,.T.);
#2485 = ORIENTED_EDGE('',*,*,#2484,.F.);
#2486 = ORIENTED_EDGE('',*,*,#2053,.T.);
#2487 = ORIENTED_EDGE('',*,*,#2102,.T.);
#2488 = CARTESIAN_POINT('',(-15.24,1.27,5.));
#2489 = DIRECTION('',(0.,0.,1.));
#2490 = DIRECTION('',(0.,-1.,0.));
#2491 = AXIS2_PLACEMENT_3D('',#2488,#2489,#2490);
#2492 = PLANE('',#2491);
#2493 = EDGE_LOOP('',(#2474,#2479,#2480,#2485,#2486,#2487));
#2494 = FACE_OUTER_BOUND('',#2493,.T.);
#2495 = ADVANCED_FACE('',(#2494),#2492,.T.);
#2496 = ORIENTED_EDGE('',*,*,#2384,.F.);
#2497 = DIRECTION('',(-1.,0.,0.));
#2498 = VECTOR('',#2497,1.);
#2499 = LINE('',#2026,#2498);
#2500 = EDGE_CURVE('',#2027,#2323,#2499,.T.);
#2501 = ORIENTED_EDGE('',*,*,#2500,.F.);
#2502 = ORIENTED_EDGE('',*,*,#2058,.T.);
#2503 = ORIENTED_EDGE('',*,*,#2484,.T.);
#2504 = CARTESIAN_POINT('',(-13.1195,0.8504999999999999,5.));
#2505 = DIRECTION('',(0.,0.,1.));
#2506 = DIRECTION('',(0.,-1.,0.));
#2507 = AXIS2_PLACEMENT_3D('',#2504,#2505,#2506);
#2508 = PLANE('',#2507);
#2509 = EDGE_LOOP('',(#2496,#2501,#2502,#2503));
#2510 = FACE_OUTER_BOUND('',#2509,.T.);
#2511 = ADVANCED_FACE('',(#2510),#2508,.T.);
#2512 = ORIENTED_EDGE('',*,*,#1979,.F.);
#2513 = DIRECTION('',(-1.,0.,0.));
#2514 = VECTOR('',#2513,1.);
#2515 = LINE('',#2324,#2514);
#2516 = EDGE_CURVE('',#2325,#1955,#2515,.T.);
#2517 = ORIENTED_EDGE('',*,*,#2516,.F.);
#2518 = ORIENTED_EDGE('',*,*,#2362,.T.);
#2519 = ORIENTED_EDGE('',*,*,#2478,.T.);
#2520 = CARTESIAN_POINT('',(-15.24,0.8504999999999999,5.));
#2521 = DIRECTION('',(0.,0.,1.));
#2522 = DIRECTION('',(0.,-1.,0.));
#2523 = AXIS2_PLACEMENT_3D('',#2520,#2521,#2522);
#2524 = PLANE('',#2523);
#2525 = EDGE_LOOP('',(#2512,#2517,#2518,#2519));
#2526 = FACE_OUTER_BOUND('',#2525,.T.);
#2527 = ADVANCED_FACE('',(#2526),#2524,.T.);
#2528 = ORIENTED_EDGE('',*,*,#1974,.T.);
#2529 = ORIENTED_EDGE('',*,*,#2087,.F.);
#2530 = ORIENTED_EDGE('',*,*,#2063,.F.);
#2531 = ORIENTED_EDGE('',*,*,#2500,.T.);
#2532 = ORIENTED_EDGE('',*,*,#2340,.T.);
#2533 = ORIENTED_EDGE('',*,*,#2516,.T.);
#2534 = CARTESIAN_POINT('',(-15.24,-0.8504999999999999,5.));
#2535 = DIRECTION('',(0.,0.,1.));
#2536 = DIRECTION('',(0.,-1.,0.));
#2537 = AXIS2_PLACEMENT_3D('',#2534,#2535,#2536);
#2538 = PLANE('',#2537);
#2539 = EDGE_LOOP('',(#2528,#2529,#2530,#2531,#2532,#2533));
#2540 = FACE_OUTER_BOUND('',#2539,.T.);
#2541 = ADVANCED_FACE('',(#2540),#2538,.T.);
#2542 = CLOSED_SHELL('',(#2013,#2077,#2097,#2117,#2147,#2169,#2191,#2209,#2245,#2273,#2301,#2321,#2349,#2371,#2393,#2409,#2429,#2449,#2461,#2473,#2495,#2511,#2527,#2541));
#2543 = MANIFOLD_SOLID_BREP('',#2542);
#2544 = COLOUR_RGB('',0.10196078431372549,0.10196078431372549,0.10196078431372549);
#2545 = FILL_AREA_STYLE_COLOUR('',#2544);
#2546 = FILL_AREA_STYLE('',(#2545));
#2547 = SURFACE_STYLE_FILL_AREA(#2546);
#2548 = SURFACE_SIDE_STYLE('',(#2547));
#2549 = SURFACE_STYLE_USAGE(.BOTH.,#2548);
#2550 = PRESENTATION_STYLE_ASSIGNMENT((#2549));
#2551 = STYLED_ITEM('',(#2550),#2543);
#2552 = CARTESIAN_POINT('',(-13.655000000000001,-0.315,0.));
#2553 = VERTEX_POINT('',#2552);
#2554 = CARTESIAN_POINT('',(-13.655000000000001,0.315,0.));
#2555 = VERTEX_POINT('',#2554);
#2556 = CARTESIAN_POINT('',(-14.285,0.315,0.));
#2557 = VERTEX_POINT('',#2556);
#2558 = CARTESIAN_POINT('',(-14.285,-0.315,0.));
#2559 = VERTEX_POINT('',#2558);
#2560 = DIRECTION('',(0.,1.,0.));
#2561 = VECTOR('',#2560,1.);
#2562 = LINE('',#2552,#2561);
#2563 = EDGE_CURVE('',#2553,#2555,#2562,.T.);
#2564 = ORIENTED_EDGE('',*,*,#2563,.T.);
#2565 = DIRECTION('',(-1.,0.,0.));
#2566 = VECTOR('',#2565,1.);
#2567 = LINE('',#2554,#2566);
#2568 = EDGE_CURVE('',#2555,#2557,#2567,.T.);
#2569 = ORIENTED_EDGE('',*,*,#2568,.T.);
#2570 = DIRECTION('',(0.,1.,0.));
#2571 = VECTOR('',#2570,1.);
#2572 = LINE('',#2558,#2571);
#2573 = EDGE_CURVE('',#2559,#2557,#2572,.T.);
#2574 = ORIENTED_EDGE('',*,*,#2573,.F.);
#2575 = DIRECTION('',(-1.,0.,0.));
#2576 = VECTOR('',#2575,1.);
#2577 = LINE('',#2552,#2576);
#2578 = EDGE_CURVE('',#2553,#2559,#2577,.T.);
#2579 = ORIENTED_EDGE('',*,*,#2578,.F.);
#2580 = CARTESIAN_POINT('',(-13.655000000000001,-0.315,0.));
#2581 = DIRECTION('',(0.,0.,1.));
#2582 = DIRECTION('',(0.,1.,0.));
#2583 = AXIS2_PLACEMENT_3D('',#2580,#2581,#2582);
#2584 = PLANE('',#2583);
#2585 = EDGE_LOOP('',(#2564,#2569,#2574,#2579));
#2586 = FACE_OUTER_BOUND('',#2585,.T.);
#2587 = ADVANCED_FACE('',(#2586),#2584,.T.);
#2588 = CARTESIAN_POINT('',(-14.285,0.315,-2.7));
#2589 = VERTEX_POINT('',#2588);
#2590 = CARTESIAN_POINT('',(-13.655000000000001,0.315,-2.7));
#2591 = VERTEX_POINT('',#2590);
#2592 = DIRECTION('',(0.,0.,1.));
#2593 = VECTOR('',#2592,1.);
#2594 = LINE('',#2588,#2593);
#2595 = EDGE_CURVE('',#2589,#2557,#2594,.T.);
#2596 = ORIENTED_EDGE('',*,*,#2595,.T.);
#2597 = ORIENTED_EDGE('',*,*,#2568,.F.);
#2598 = DIRECTION('',(0.,0.,1.));
#2599 = VECTOR('',#2598,1.);
#2600 = LINE('',#2590,#2599);
#2601 = EDGE_CURVE('',#2591,#2555,#2600,.T.);
#2602 = ORIENTED_EDGE('',*,*,#2601,.F.);
#2603 = DIRECTION('',(-1.,0.,0.));
#2604 = VECTOR('',#2603,1.);
#2605 = LINE('',#2590,#2604);
#2606 = EDGE_CURVE('',#2591,#2589,#2605,.T.);
#2607 = ORIENTED_EDGE('',*,*,#2606,.T.);
#2608 = CARTESIAN_POINT('',(-14.285,0.315,-2.7));
#2609 = DIRECTION('',(0.,1.,0.));
#2610 = DIRECTION('',(0.,0.,1.));
#2611 = AXIS2_PLACEMENT_3D('',#2608,#2609,#2610);
#2612 = PLANE('',#2611);
#2613 = EDGE_LOOP('',(#2596,#2597,#2602,#2607));
#2614 = FACE_OUTER_BOUND('',#2613,.T.);
#2615 = ADVANCED_FACE('',(#2614),#2612,.T.);
#2616 = CARTESIAN_POINT('',(-14.285,-0.315,-2.7));
#2617 = VERTEX_POINT('',#2616);
#2618 = DIRECTION('',(0.,1.,0.));
#2619 = VECTOR('',#2618,1.);
#2620 = LINE('',#2616,#2619);
#2621 = EDGE_CURVE('',#2617,#2589,#2620,.T.);
#2622 = ORIENTED_EDGE('',*,*,#2621,.F.);
#2623 = DIRECTION('',(0.,0.,1.));
#2624 = VECTOR('',#2623,1.);
#2625 = LINE('',#2616,#2624);
#2626 = EDGE_CURVE('',#2617,#2559,#2625,.T.);
#2627 = ORIENTED_EDGE('',*,*,#2626,.T.);
#2628 = ORIENTED_EDGE('',*,*,#2573,.T.);
#2629 = ORIENTED_EDGE('',*,*,#2595,.F.);
#2630 = CARTESIAN_POINT('',(-14.285,0.315,-2.7));
#2631 = DIRECTION('',(-1.,0.,0.));
#2632 = DIRECTION('',(0.,-1.,0.));
#2633 = AXIS2_PLACEMENT_3D('',#2630,#2631,#2632);
#2634 = PLANE('',#2633);
#2635 = EDGE_LOOP('',(#2622,#2627,#2628,#2629));
#2636 = FACE_OUTER_BOUND('',#2635,.T.);
#2637 = ADVANCED_FACE('',(#2636),#2634,.T.);
#2638 = CARTESIAN_POINT('',(-13.655000000000001,-0.315,-2.7));
#2639 = VERTEX_POINT('',#2638);
#2640 = DIRECTION('',(0.,1.,0.));
#2641 = VECTOR('',#2640,1.);
#2642 = LINE('',#2638,#2641);
#2643 = EDGE_CURVE('',#2639,#2591,#2642,.T.);
#2644 = ORIENTED_EDGE('',*,*,#2643,.T.);
#2645 = ORIENTED_EDGE('',*,*,#2601,.T.);
#2646 = ORIENTED_EDGE('',*,*,#2563,.F.);
#2647 = DIRECTION('',(0.,0.,1.));
#2648 = VECTOR('',#2647,1.);
#2649 = LINE('',#2638,#2648);
#2650 = EDGE_CURVE('',#2639,#2553,#2649,.T.);
#2651 = ORIENTED_EDGE('',*,*,#2650,.F.);
#2652 = CARTESIAN_POINT('',(-13.655000000000001,-0.315,-2.7));
#2653 = DIRECTION('',(1.,0.,0.));
#2654 = DIRECTION('',(0.,1.,0.));
#2655 = AXIS2_PLACEMENT_3D('',#2652,#2653,#2654);
#2656 = PLANE('',#2655);
#2657 = EDGE_LOOP('',(#2644,#2645,#2646,#2651));
#2658 = FACE_OUTER_BOUND('',#2657,.T.);
#2659 = ADVANCED_FACE('',(#2658),#2656,.T.);
#2660 = ORIENTED_EDGE('',*,*,#2650,.T.);
#2661 = ORIENTED_EDGE('',*,*,#2578,.T.);
#2662 = ORIENTED_EDGE('',*,*,#2626,.F.);
#2663 = DIRECTION('',(-1.,0.,0.));
#2664 = VECTOR('',#2663,1.);
#2665 = LINE('',#2638,#2664);
#2666 = EDGE_CURVE('',#2639,#2617,#2665,.T.);
#2667 = ORIENTED_EDGE('',*,*,#2666,.F.);
#2668 = CARTESIAN_POINT('',(-13.655000000000001,-0.315,-2.7));
#2669 = DIRECTION('',(0.,-1.,0.));
#2670 = DIRECTION('',(0.,0.,1.));
#2671 = AXIS2_PLACEMENT_3D('',#2668,#2669,#2670);
#2672 = PLANE('',#2671);
#2673 = EDGE_LOOP('',(#2660,#2661,#2662,#2667));
#2674 = FACE_OUTER_BOUND('',#2673,.T.);
#2675 = ADVANCED_FACE('',(#2674),#2672,.T.);
#2676 = CARTESIAN_POINT('',(-14.145000000000001,0.175,-3.));
#2677 = VERTEX_POINT('',#2676);
#2678 = CARTESIAN_POINT('',(-13.795,0.175,-3.));
#2679 = VERTEX_POINT('',#2678);
#2680 = DIRECTION('',(-0.3894904188522574,0.38949041885226077,0.8346223261119867));
#2681 = VECTOR('',#2680,1.);
#2682 = LINE('',#2676,#2681);
#2683 = EDGE_CURVE('',#2677,#2589,#2682,.T.);
#2684 = ORIENTED_EDGE('',*,*,#2683,.T.);
#2685 = ORIENTED_EDGE('',*,*,#2606,.F.);
#2686 = DIRECTION('',(-0.3894904188522574,-0.38949041885226077,-0.8346223261119867));
#2687 = VECTOR('',#2686,1.);
#2688 = LINE('',#2590,#2687);
#2689 = EDGE_CURVE('',#2591,#2679,#2688,.T.);
#2690 = ORIENTED_EDGE('',*,*,#2689,.T.);
#2691 = DIRECTION('',(-1.,0.,0.));
#2692 = VECTOR('',#2691,1.);
#2693 = LINE('',#2678,#2692);
#2694 = EDGE_CURVE('',#2679,#2677,#2693,.T.);
#2695 = ORIENTED_EDGE('',*,*,#2694,.T.);
#2696 = CARTESIAN_POINT('',(-14.145000000000001,0.175,-3.));
#2697 = DIRECTION('',(0.,0.9061831399952648,-0.42288546533112537));
#2698 = DIRECTION('',(-0.3894904188522574,0.38949041885226077,0.8346223261119867));
#2699 = AXIS2_PLACEMENT_3D('',#2696,#2697,#2698);
#2700 = PLANE('',#2699);
#2701 = EDGE_LOOP('',(#2684,#2685,#2690,#2695));
#2702 = FACE_OUTER_BOUND('',#2701,.T.);
#2703 = ADVANCED_FACE('',(#2702),#2700,.T.);
#2704 = CARTESIAN_POINT('',(-14.145000000000001,-0.175,-3.));
#2705 = VERTEX_POINT('',#2704);
#2706 = DIRECTION('',(0.,1.,0.));
#2707 = VECTOR('',#2706,1.);
#2708 = LINE('',#2704,#2707);
#2709 = EDGE_CURVE('',#2705,#2677,#2708,.T.);
#2710 = ORIENTED_EDGE('',*,*,#2709,.F.);
#2711 = DIRECTION('',(-0.3894904188522574,-0.38949041885226077,0.8346223261119867));
#2712 = VECTOR('',#2711,1.);
#2713 = LINE('',#2704,#2712);
#2714 = EDGE_CURVE('',#2705,#2617,#2713,.T.);
#2715 = ORIENTED_EDGE('',*,*,#2714,.T.);
#2716 = ORIENTED_EDGE('',*,*,#2621,.T.);
#2717 = ORIENTED_EDGE('',*,*,#2683,.F.);
#2718 = CARTESIAN_POINT('',(-14.145000000000001,0.175,-3.));
#2719 = DIRECTION('',(-0.9061831399952666,0.,-0.4228854653311212));
#2720 = DIRECTION('',(0.,-1.,0.));
#2721 = AXIS2_PLACEMENT_3D('',#2718,#2719,#2720);
#2722 = PLANE('',#2721);
#2723 = EDGE_LOOP('',(#2710,#2715,#2716,#2717));
#2724 = FACE_OUTER_BOUND('',#2723,.T.);
#2725 = ADVANCED_FACE('',(#2724),#2722,.T.);
#2726 = CARTESIAN_POINT('',(-13.795,-0.175,-3.));
#2727 = VERTEX_POINT('',#2726);
#2728 = DIRECTION('',(-1.,0.,0.));
#2729 = VECTOR('',#2728,1.);
#2730 = LINE('',#2726,#2729);
#2731 = EDGE_CURVE('',#2727,#2705,#2730,.T.);
#2732 = ORIENTED_EDGE('',*,*,#2731,.T.);
#2733 = ORIENTED_EDGE('',*,*,#2709,.T.);
#2734 = ORIENTED_EDGE('',*,*,#2694,.F.);
#2735 = DIRECTION('',(0.,1.,0.));
#2736 = VECTOR('',#2735,1.);
#2737 = LINE('',#2726,#2736);
#2738 = EDGE_CURVE('',#2727,#2679,#2737,.T.);
#2739 = ORIENTED_EDGE('',*,*,#2738,.F.);
#2740 = CARTESIAN_POINT('',(-13.795,-0.175,-3.));
#2741 = DIRECTION('',(0.,0.,-1.));
#2742 = DIRECTION('',(-1.,0.,0.));
#2743 = AXIS2_PLACEMENT_3D('',#2740,#2741,#2742);
#2744 = PLANE('',#2743);
#2745 = EDGE_LOOP('',(#2732,#2733,#2734,#2739));
#2746 = FACE_OUTER_BOUND('',#2745,.T.);
#2747 = ADVANCED_FACE('',(#2746),#2744,.T.);
#2748 = ORIENTED_EDGE('',*,*,#2738,.T.);
#2749 = ORIENTED_EDGE('',*,*,#2689,.F.);
#2750 = ORIENTED_EDGE('',*,*,#2643,.F.);
#2751 = DIRECTION('',(-0.3894904188522574,0.38949041885226077,-0.8346223261119867));
#2752 = VECTOR('',#2751,1.);
#2753 = LINE('',#2638,#2752);
#2754 = EDGE_CURVE('',#2639,#2727,#2753,.T.);
#2755 = ORIENTED_EDGE('',*,*,#2754,.T.);
#2756 = CARTESIAN_POINT('',(-13.795,-0.175,-3.));
#2757 = DIRECTION('',(0.9061831399952666,0.,-0.4228854653311212));
#2758 = DIRECTION('',(0.,1.,0.));
#2759 = AXIS2_PLACEMENT_3D('',#2756,#2757,#2758);
#2760 = PLANE('',#2759);
#2761 = EDGE_LOOP('',(#2748,#2749,#2750,#2755));
#2762 = FACE_OUTER_BOUND('',#2761,.T.);
#2763 = ADVANCED_FACE('',(#2762),#2760,.T.);
#2764 = ORIENTED_EDGE('',*,*,#2754,.F.);
#2765 = ORIENTED_EDGE('',*,*,#2666,.T.);
#2766 = ORIENTED_EDGE('',*,*,#2714,.F.);
#2767 = ORIENTED_EDGE('',*,*,#2731,.F.);
#2768 = CARTESIAN_POINT('',(-13.795,-0.175,-3.));
#2769 = DIRECTION('',(0.,-0.9061831399952648,-0.42288546533112537));
#2770 = DIRECTION('',(0.3894904188522574,-0.38949041885226077,0.8346223261119867));
#2771 = AXIS2_PLACEMENT_3D('',#2768,#2769,#2770);
#2772 = PLANE('',#2771);
#2773 = EDGE_LOOP('',(#2764,#2765,#2766,#2767));
#2774 = FACE_OUTER_BOUND('',#2773,.T.);
#2775 = ADVANCED_FACE('',(#2774),#2772,.T.);
#2776 = CLOSED_SHELL('',(#2587,#2615,#2637,#2659,#2675,#2703,#2725,#2747,#2763,#2775));
#2777 = MANIFOLD_SOLID_BREP('',#2776);
#2778 = CARTESIAN_POINT('',(-14.474,-0.504,0.));
#2779 = VERTEX_POINT('',#2778);
#2780 = CARTESIAN_POINT('',(-14.474,-0.504,0.504));
#2781 = VERTEX_POINT('',#2780);
#2782 = CARTESIAN_POINT('',(-14.474,0.504,0.504));
#2783 = VERTEX_POINT('',#2782);
#2784 = CARTESIAN_POINT('',(-14.474,0.504,0.));
#2785 = VERTEX_POINT('',#2784);
#2786 = DIRECTION('',(0.,0.,1.));
#2787 = VECTOR('',#2786,1.);
#2788 = LINE('',#2778,#2787);
#2789 = EDGE_CURVE('',#2779,#2781,#2788,.T.);
#2790 = ORIENTED_EDGE('',*,*,#2789,.T.);
#2791 = DIRECTION('',(0.,1.,0.));
#2792 = VECTOR('',#2791,1.);
#2793 = LINE('',#2780,#2792);
#2794 = EDGE_CURVE('',#2781,#2783,#2793,.T.);
#2795 = ORIENTED_EDGE('',*,*,#2794,.T.);
#2796 = DIRECTION('',(0.,0.,1.));
#2797 = VECTOR('',#2796,1.);
#2798 = LINE('',#2784,#2797);
#2799 = EDGE_CURVE('',#2785,#2783,#2798,.T.);
#2800 = ORIENTED_EDGE('',*,*,#2799,.F.);
#2801 = DIRECTION('',(0.,1.,0.));
#2802 = VECTOR('',#2801,1.);
#2803 = LINE('',#2778,#2802);
#2804 = EDGE_CURVE('',#2779,#2785,#2803,.T.);
#2805 = ORIENTED_EDGE('',*,*,#2804,.F.);
#2806 = CARTESIAN_POINT('',(-14.474,-0.504,0.));
#2807 = DIRECTION('',(-1.,0.,0.));
#2808 = DIRECTION('',(0.,0.,1.));
#2809 = AXIS2_PLACEMENT_3D('',#2806,#2807,#2808);
#2810 = PLANE('',#2809);
#2811 = EDGE_LOOP('',(#2790,#2795,#2800,#2805));
#2812 = FACE_OUTER_BOUND('',#2811,.T.);
#2813 = ADVANCED_FACE('',(#2812),#2810,.T.);
#2814 = CARTESIAN_POINT('',(-13.466000000000001,-0.504,0.));
#2815 = VERTEX_POINT('',#2814);
#2816 = CARTESIAN_POINT('',(-13.466000000000001,0.504,0.));
#2817 = VERTEX_POINT('',#2816);
#2818 = CARTESIAN_POINT('',(-13.466000000000001,0.504,0.504));
#2819 = VERTEX_POINT('',#2818);
#2820 = CARTESIAN_POINT('',(-13.466000000000001,-0.504,0.504));
#2821 = VERTEX_POINT('',#2820);
#2822 = DIRECTION('',(0.,1.,0.));
#2823 = VECTOR('',#2822,1.);
#2824 = LINE('',#2814,#2823);
#2825 = EDGE_CURVE('',#2815,#2817,#2824,.T.);
#2826 = ORIENTED_EDGE('',*,*,#2825,.T.);
#2827 = DIRECTION('',(0.,0.,1.));
#2828 = VECTOR('',#2827,1.);
#2829 = LINE('',#2816,#2828);
#2830 = EDGE_CURVE('',#2817,#2819,#2829,.T.);
#2831 = ORIENTED_EDGE('',*,*,#2830,.T.);
#2832 = DIRECTION('',(0.,1.,0.));
#2833 = VECTOR('',#2832,1.);
#2834 = LINE('',#2820,#2833);
#2835 = EDGE_CURVE('',#2821,#2819,#2834,.T.);
#2836 = ORIENTED_EDGE('',*,*,#2835,.F.);
#2837 = DIRECTION('',(0.,0.,1.));
#2838 = VECTOR('',#2837,1.);
#2839 = LINE('',#2814,#2838);
#2840 = EDGE_CURVE('',#2815,#2821,#2839,.T.);
#2841 = ORIENTED_EDGE('',*,*,#2840,.F.);
#2842 = CARTESIAN_POINT('',(-13.466000000000001,-0.504,0.));
#2843 = DIRECTION('',(1.,0.,0.));
#2844 = DIRECTION('',(0.,1.,0.));
#2845 = AXIS2_PLACEMENT_3D('',#2842,#2843,#2844);
#2846 = PLANE('',#2845);
#2847 = EDGE_LOOP('',(#2826,#2831,#2836,#2841));
#2848 = FACE_OUTER_BOUND('',#2847,.T.);
#2849 = ADVANCED_FACE('',(#2848),#2846,.T.);
#2850 = DIRECTION('',(-1.,0.,0.));
#2851 = VECTOR('',#2850,1.);
#2852 = LINE('',#2814,#2851);
#2853 = EDGE_CURVE('',#2815,#2779,#2852,.T.);
#2854 = ORIENTED_EDGE('',*,*,#2853,.F.);
#2855 = ORIENTED_EDGE('',*,*,#2840,.T.);
#2856 = DIRECTION('',(-1.,0.,0.));
#2857 = VECTOR('',#2856,1.);
#2858 = LINE('',#2820,#2857);
#2859 = EDGE_CURVE('',#2821,#2781,#2858,.T.);
#2860 = ORIENTED_EDGE('',*,*,#2859,.T.);
#2861 = ORIENTED_EDGE('',*,*,#2789,.F.);
#2862 = CARTESIAN_POINT('',(-14.474,-0.504,0.));
#2863 = DIRECTION('',(0.,-1.,0.));
#2864 = DIRECTION('',(1.,0.,0.));
#2865 = AXIS2_PLACEMENT_3D('',#2862,#2863,#2864);
#2866 = PLANE('',#2865);
#2867 = EDGE_LOOP('',(#2854,#2855,#2860,#2861));
#2868 = FACE_OUTER_BOUND('',#2867,.T.);
#2869 = ADVANCED_FACE('',(#2868),#2866,.T.);
#2870 = ORIENTED_EDGE('',*,*,#2799,.T.);
#2871 = DIRECTION('',(-1.,0.,0.));
#2872 = VECTOR('',#2871,1.);
#2873 = LINE('',#2818,#2872);
#2874 = EDGE_CURVE('',#2819,#2783,#2873,.T.);
#2875 = ORIENTED_EDGE('',*,*,#2874,.F.);
#2876 = ORIENTED_EDGE('',*,*,#2830,.F.);
#2877 = DIRECTION('',(-1.,0.,0.));
#2878 = VECTOR('',#2877,1.);
#2879 = LINE('',#2816,#2878);
#2880 = EDGE_CURVE('',#2817,#2785,#2879,.T.);
#2881 = ORIENTED_EDGE('',*,*,#2880,.T.);
#2882 = CARTESIAN_POINT('',(-14.474,0.504,0.));
#2883 = DIRECTION('',(0.,1.,0.));
#2884 = DIRECTION('',(0.,0.,1.));
#2885 = AXIS2_PLACEMENT_3D('',#2882,#2883,#2884);
#2886 = PLANE('',#2885);
#2887 = EDGE_LOOP('',(#2870,#2875,#2876,#2881));
#2888 = FACE_OUTER_BOUND('',#2887,.T.);
#2889 = ADVANCED_FACE('',(#2888),#2886,.T.);
#2890 = ORIENTED_EDGE('',*,*,#2804,.T.);
#2891 = ORIENTED_EDGE('',*,*,#2880,.F.);
#2892 = ORIENTED_EDGE('',*,*,#2825,.F.);
#2893 = ORIENTED_EDGE('',*,*,#2853,.T.);
#2894 = CARTESIAN_POINT('',(-14.474,-0.504,0.));
#2895 = DIRECTION('',(0.,0.,-1.));
#2896 = DIRECTION('',(0.,1.,0.));
#2897 = AXIS2_PLACEMENT_3D('',#2894,#2895,#2896);
#2898 = PLANE('',#2897);
#2899 = EDGE_LOOP('',(#2890,#2891,#2892,#2893));
#2900 = FACE_OUTER_BOUND('',#2899,.T.);
#2901 = ADVANCED_FACE('',(#2900),#2898,.T.);
#2902 = ORIENTED_EDGE('',*,*,#2859,.F.);
#2903 = ORIENTED_EDGE('',*,*,#2835,.T.);
#2904 = ORIENTED_EDGE('',*,*,#2874,.T.);
#2905 = ORIENTED_EDGE('',*,*,#2794,.F.);
#2906 = CARTESIAN_POINT('',(-14.474,-0.504,0.504));
#2907 = DIRECTION('',(0.,0.,1.));
#2908 = DIRECTION('',(1.,0.,0.));
#2909 = AXIS2_PLACEMENT_3D('',#2906,#2907,#2908);
#2910 = PLANE('',#2909);
#2911 = EDGE_LOOP('',(#2902,#2903,#2904,#2905));
#2912 = FACE_OUTER_BOUND('',#2911,.T.);
#2913 = ADVANCED_FACE('',(#2912),#2910,.T.);
#2914 = CLOSED_SHELL('',(#2813,#2849,#2869,#2889,#2901,#2913));
#2915 = MANIFOLD_SOLID_BREP('',#2914);
#2916 = CARTESIAN_POINT('',(-12.7,-1.27,0.));
#2917 = VERTEX_POINT('',#2916);
#2918 = CARTESIAN_POINT('',(-12.7,-1.27,5.));
#2919 = VERTEX_POINT('',#2918);
#2920 = CARTESIAN_POINT('',(-12.7,-0.8504999999999999,5.));
#2921 = VERTEX_POINT('',#2920);
#2922 = CARTESIAN_POINT('',(-12.7,0.8504999999999999,5.));
#2923 = VERTEX_POINT('',#2922);
#2924 = CARTESIAN_POINT('',(-12.7,1.27,5.));
#2925 = VERTEX_POINT('',#2924);
#2926 = CARTESIAN_POINT('',(-12.7,1.27,0.));
#2927 = VERTEX_POINT('',#2926);
#2928 = CARTESIAN_POINT('',(-12.7,0.4724999999999999,0.));
#2929 = VERTEX_POINT('',#2928);
#2930 = CARTESIAN_POINT('',(-12.7,-0.4724999999999999,0.));
#2931 = VERTEX_POINT('',#2930);
#2932 = DIRECTION('',(0.,0.,1.));
#2933 = VECTOR('',#2932,1.);
#2934 = LINE('',#2916,#2933);
#2935 = EDGE_CURVE('',#2917,#2919,#2934,.T.);
#2936 = ORIENTED_EDGE('',*,*,#2935,.T.);
#2937 = DIRECTION('',(0.,-1.,0.));
#2938 = VECTOR('',#2937,1.);
#2939 = LINE('',#2920,#2938);
#2940 = EDGE_CURVE('',#2921,#2919,#2939,.T.);
#2941 = ORIENTED_EDGE('',*,*,#2940,.F.);
#2942 = DIRECTION('',(0.,1.,0.));
#2943 = VECTOR('',#2942,1.);
#2944 = LINE('',#2920,#2943);
#2945 = EDGE_CURVE('',#2921,#2923,#2944,.T.);
#2946 = ORIENTED_EDGE('',*,*,#2945,.T.);
#2947 = DIRECTION('',(0.,1.,0.));
#2948 = VECTOR('',#2947,1.);
#2949 = LINE('',#2922,#2948);
#2950 = EDGE_CURVE('',#2923,#2925,#2949,.T.);
#2951 = ORIENTED_EDGE('',*,*,#2950,.T.);
#2952 = DIRECTION('',(0.,0.,1.));
#2953 = VECTOR('',#2952,1.);
#2954 = LINE('',#2926,#2953);
#2955 = EDGE_CURVE('',#2927,#2925,#2954,.T.);
#2956 = ORIENTED_EDGE('',*,*,#2955,.F.);
#2957 = DIRECTION('',(0.,1.,0.));
#2958 = VECTOR('',#2957,1.);
#2959 = LINE('',#2928,#2958);
#2960 = EDGE_CURVE('',#2929,#2927,#2959,.T.);
#2961 = ORIENTED_EDGE('',*,*,#2960,.F.);
#2962 = DIRECTION('',(0.,1.,0.));
#2963 = VECTOR('',#2962,1.);
#2964 = LINE('',#2930,#2963);
#2965 = EDGE_CURVE('',#2931,#2929,#2964,.T.);
#2966 = ORIENTED_EDGE('',*,*,#2965,.F.);
#2967 = DIRECTION('',(0.,-1.,0.));
#2968 = VECTOR('',#2967,1.);
#2969 = LINE('',#2930,#2968);
#2970 = EDGE_CURVE('',#2931,#2917,#2969,.T.);
#2971 = ORIENTED_EDGE('',*,*,#2970,.T.);
#2972 = CARTESIAN_POINT('',(-12.7,-1.27,0.));
#2973 = DIRECTION('',(-1.,0.,0.));
#2974 = DIRECTION('',(0.,0.,1.));
#2975 = AXIS2_PLACEMENT_3D('',#2972,#2973,#2974);
#2976 = PLANE('',#2975);
#2977 = EDGE_LOOP('',(#2936,#2941,#2946,#2951,#2956,#2961,#2966,#2971));
#2978 = FACE_OUTER_BOUND('',#2977,.T.);
#2979 = ADVANCED_FACE('',(#2978),#2976,.T.);
#2980 = CARTESIAN_POINT('',(-10.16,-1.27,0.));
#2981 = VERTEX_POINT('',#2980);
#2982 = CARTESIAN_POINT('',(-10.16,-0.4724999999999999,0.));
#2983 = VERTEX_POINT('',#2982);
#2984 = CARTESIAN_POINT('',(-10.16,0.4724999999999999,0.));
#2985 = VERTEX_POINT('',#2984);
#2986 = CARTESIAN_POINT('',(-10.16,1.27,0.));
#2987 = VERTEX_POINT('',#2986);
#2988 = CARTESIAN_POINT('',(-10.16,1.27,5.));
#2989 = VERTEX_POINT('',#2988);
#2990 = CARTESIAN_POINT('',(-10.16,0.8504999999999999,5.));
#2991 = VERTEX_POINT('',#2990);
#2992 = CARTESIAN_POINT('',(-10.16,-0.8504999999999999,5.));
#2993 = VERTEX_POINT('',#2992);
#2994 = CARTESIAN_POINT('',(-10.16,-1.27,5.));
#2995 = VERTEX_POINT('',#2994);
#2996 = DIRECTION('',(0.,-1.,0.));
#2997 = VECTOR('',#2996,1.);
#2998 = LINE('',#2982,#2997);
#2999 = EDGE_CURVE('',#2983,#2981,#2998,.T.);
#3000 = ORIENTED_EDGE('',*,*,#2999,.F.);
#3001 = DIRECTION('',(0.,1.,0.));
#3002 = VECTOR('',#3001,1.);
#3003 = LINE('',#2982,#3002);
#3004 = EDGE_CURVE('',#2983,#2985,#3003,.T.);
#3005 = ORIENTED_EDGE('',*,*,#3004,.T.);
#3006 = DIRECTION('',(0.,1.,0.));
#3007 = VECTOR('',#3006,1.);
#3008 = LINE('',#2984,#3007);
#3009 = EDGE_CURVE('',#2985,#2987,#3008,.T.);
#3010 = ORIENTED_EDGE('',*,*,#3009,.T.);
#3011 = DIRECTION('',(0.,0.,1.));
#3012 = VECTOR('',#3011,1.);
#3013 = LINE('',#2986,#3012);
#3014 = EDGE_CURVE('',#2987,#2989,#3013,.T.);
#3015 = ORIENTED_EDGE('',*,*,#3014,.T.);
#3016 = DIRECTION('',(0.,1.,0.));
#3017 = VECTOR('',#3016,1.);
#3018 = LINE('',#2990,#3017);
#3019 = EDGE_CURVE('',#2991,#2989,#3018,.T.);
#3020 = ORIENTED_EDGE('',*,*,#3019,.F.);
#3021 = DIRECTION('',(0.,1.,0.));
#3022 = VECTOR('',#3021,1.);
#3023 = LINE('',#2992,#3022);
#3024 = EDGE_CURVE('',#2993,#2991,#3023,.T.);
#3025 = ORIENTED_EDGE('',*,*,#3024,.F.);
#3026 = DIRECTION('',(0.,-1.,0.));
#3027 = VECTOR('',#3026,1.);
#3028 = LINE('',#2992,#3027);
#3029 = EDGE_CURVE('',#2993,#2995,#3028,.T.);
#3030 = ORIENTED_EDGE('',*,*,#3029,.T.);
#3031 = DIRECTION('',(0.,0.,1.));
#3032 = VECTOR('',#3031,1.);
#3033 = LINE('',#2980,#3032);
#3034 = EDGE_CURVE('',#2981,#2995,#3033,.T.);
#3035 = ORIENTED_EDGE('',*,*,#3034,.F.);
#3036 = CARTESIAN_POINT('',(-10.16,-1.27,0.));
#3037 = DIRECTION('',(1.,0.,0.));
#3038 = DIRECTION('',(0.,1.,0.));
#3039 = AXIS2_PLACEMENT_3D('',#3036,#3037,#3038);
#3040 = PLANE('',#3039);
#3041 = EDGE_LOOP('',(#3000,#3005,#3010,#3015,#3020,#3025,#3030,#3035));
#3042 = FACE_OUTER_BOUND('',#3041,.T.);
#3043 = ADVANCED_FACE('',(#3042),#3040,.T.);
#3044 = DIRECTION('',(-1.,0.,0.));
#3045 = VECTOR('',#3044,1.);
#3046 = LINE('',#2980,#3045);
#3047 = EDGE_CURVE('',#2981,#2917,#3046,.T.);
#3048 = ORIENTED_EDGE('',*,*,#3047,.F.);
#3049 = ORIENTED_EDGE('',*,*,#3034,.T.);
#3050 = DIRECTION('',(-1.,0.,0.));
#3051 = VECTOR('',#3050,1.);
#3052 = LINE('',#2994,#3051);
#3053 = EDGE_CURVE('',#2995,#2919,#3052,.T.);
#3054 = ORIENTED_EDGE('',*,*,#3053,.T.);
#3055 = ORIENTED_EDGE('',*,*,#2935,.F.);
#3056 = CARTESIAN_POINT('',(-12.7,-1.27,0.));
#3057 = DIRECTION('',(0.,-1.,0.));
#3058 = DIRECTION('',(1.,0.,0.));
#3059 = AXIS2_PLACEMENT_3D('',#3056,#3057,#3058);
#3060 = PLANE('',#3059);
#3061 = EDGE_LOOP('',(#3048,#3049,#3054,#3055));
#3062 = FACE_OUTER_BOUND('',#3061,.T.);
#3063 = ADVANCED_FACE('',(#3062),#3060,.T.);
#3064 = ORIENTED_EDGE('',*,*,#2955,.T.);
#3065 = DIRECTION('',(-1.,0.,0.));
#3066 = VECTOR('',#3065,1.);
#3067 = LINE('',#2988,#3066);
#3068 = EDGE_CURVE('',#2989,#2925,#3067,.T.);
#3069 = ORIENTED_EDGE('',*,*,#3068,.F.);
#3070 = ORIENTED_EDGE('',*,*,#3014,.F.);
#3071 = DIRECTION('',(-1.,0.,0.));
#3072 = VECTOR('',#3071,1.);
#3073 = LINE('',#2986,#3072);
#3074 = EDGE_CURVE('',#2987,#2927,#3073,.T.);
#3075 = ORIENTED_EDGE('',*,*,#3074,.T.);
#3076 = CARTESIAN_POINT('',(-12.7,1.27,0.));
#3077 = DIRECTION('',(0.,1.,0.));
#3078 = DIRECTION('',(0.,0.,1.));
#3079 = AXIS2_PLACEMENT_3D('',#3076,#3077,#3078);
#3080 = PLANE('',#3079);
#3081 = EDGE_LOOP('',(#3064,#3069,#3070,#3075));
#3082 = FACE_OUTER_BOUND('',#3081,.T.);
#3083 = ADVANCED_FACE('',(#3082),#3080,.T.);
#3084 = CARTESIAN_POINT('',(-10.9575,0.4725,0.));
#3085 = VERTEX_POINT('',#3084);
#3086 = CARTESIAN_POINT('',(-11.9025,0.4725,0.));
#3087 = VERTEX_POINT('',#3086);
#3088 = ORIENTED_EDGE('',*,*,#3009,.F.);
#3089 = DIRECTION('',(-1.,0.,0.));
#3090 = VECTOR('',#3089,1.);
#3091 = LINE('',#2984,#3090);
#3092 = EDGE_CURVE('',#2985,#3085,#3091,.T.);
#3093 = ORIENTED_EDGE('',*,*,#3092,.T.);
#3094 = DIRECTION('',(-1.,0.,0.));
#3095 = VECTOR('',#3094,1.);
#3096 = LINE('',#3084,#3095);
#3097 = EDGE_CURVE('',#3085,#3087,#3096,.T.);
#3098 = ORIENTED_EDGE('',*,*,#3097,.T.);
#3099 = DIRECTION('',(-1.,0.,0.));
#3100 = VECTOR('',#3099,1.);
#3101 = LINE('',#3086,#3100);
#3102 = EDGE_CURVE('',#3087,#2929,#3101,.T.);
#3103 = ORIENTED_EDGE('',*,*,#3102,.T.);
#3104 = ORIENTED_EDGE('',*,*,#2960,.T.);
#3105 = ORIENTED_EDGE('',*,*,#3074,.F.);
#3106 = CARTESIAN_POINT('',(-10.16,1.27,0.));
#3107 = DIRECTION('',(0.,0.,-1.));
#3108 = DIRECTION('',(0.,-1.,0.));
#3109 = AXIS2_PLACEMENT_3D('',#3106,#3107,#3108);
#3110 = PLANE('',#3109);
#3111 = EDGE_LOOP('',(#3088,#3093,#3098,#3103,#3104,#3105));
#3112 = FACE_OUTER_BOUND('',#3111,.T.);
#3113 = ADVANCED_FACE('',(#3112),#3110,.T.);
#3114 = CARTESIAN_POINT('',(-11.9025,-0.4724999999999999,0.));
#3115 = VERTEX_POINT('',#3114);
#3116 = DIRECTION('',(0.,1.,0.));
#3117 = VECTOR('',#3116,1.);
#3118 = LINE('',#3114,#3117);
#3119 = EDGE_CURVE('',#3115,#3087,#3118,.T.);
#3120 = ORIENTED_EDGE('',*,*,#3119,.F.);
#3121 = DIRECTION('',(-1.,0.,0.));
#3122 = VECTOR('',#3121,1.);
#3123 = LINE('',#3114,#3122);
#3124 = EDGE_CURVE('',#3115,#2931,#3123,.T.);
#3125 = ORIENTED_EDGE('',*,*,#3124,.T.);
#3126 = ORIENTED_EDGE('',*,*,#2965,.T.);
#3127 = ORIENTED_EDGE('',*,*,#3102,.F.);
#3128 = CARTESIAN_POINT('',(-11.9025,0.4724999999999999,0.));
#3129 = DIRECTION('',(0.,0.,-1.));
#3130 = DIRECTION('',(0.,-1.,0.));
#3131 = AXIS2_PLACEMENT_3D('',#3128,#3129,#3130);
#3132 = PLANE('',#3131);
#3133 = EDGE_LOOP('',(#3120,#3125,#3126,#3127));
#3134 = FACE_OUTER_BOUND('',#3133,.T.);
#3135 = ADVANCED_FACE('',(#3134),#3132,.T.);
#3136 = CARTESIAN_POINT('',(-10.9575,-0.4724999999999999,0.));
#3137 = VERTEX_POINT('',#3136);
#3138 = ORIENTED_EDGE('',*,*,#3004,.F.);
#3139 = DIRECTION('',(-1.,0.,0.));
#3140 = VECTOR('',#3139,1.);
#3141 = LINE('',#2982,#3140);
#3142 = EDGE_CURVE('',#2983,#3137,#3141,.T.);
#3143 = ORIENTED_EDGE('',*,*,#3142,.T.);
#3144 = DIRECTION('',(0.,1.,0.));
#3145 = VECTOR('',#3144,1.);
#3146 = LINE('',#3136,#3145);
#3147 = EDGE_CURVE('',#3137,#3085,#3146,.T.);
#3148 = ORIENTED_EDGE('',*,*,#3147,.T.);
#3149 = ORIENTED_EDGE('',*,*,#3092,.F.);
#3150 = CARTESIAN_POINT('',(-10.16,0.4724999999999999,0.));
#3151 = DIRECTION('',(0.,0.,-1.));
#3152 = DIRECTION('',(0.,-1.,0.));
#3153 = AXIS2_PLACEMENT_3D('',#3150,#3151,#3152);
#3154 = PLANE('',#3153);
#3155 = EDGE_LOOP('',(#3138,#3143,#3148,#3149));
#3156 = FACE_OUTER_BOUND('',#3155,.T.);
#3157 = ADVANCED_FACE('',(#3156),#3154,.T.);
#3158 = ORIENTED_EDGE('',*,*,#2999,.T.);
#3159 = ORIENTED_EDGE('',*,*,#3047,.T.);
#3160 = ORIENTED_EDGE('',*,*,#2970,.F.);
#3161 = ORIENTED_EDGE('',*,*,#3124,.F.);
#3162 = DIRECTION('',(-1.,0.,0.));
#3163 = VECTOR('',#3162,1.);
#3164 = LINE('',#3136,#3163);
#3165 = EDGE_CURVE('',#3137,#3115,#3164,.T.);
#3166 = ORIENTED_EDGE('',*,*,#3165,.F.);
#3167 = ORIENTED_EDGE('',*,*,#3142,.F.);
#3168 = CARTESIAN_POINT('',(-10.16,-0.4724999999999999,0.));
#3169 = DIRECTION('',(0.,0.,-1.));
#3170 = DIRECTION('',(0.,-1.,0.));
#3171 = AXIS2_PLACEMENT_3D('',#3168,#3169,#3170);
#3172 = PLANE('',#3171);
#3173 = EDGE_LOOP('',(#3158,#3159,#3160,#3161,#3166,#3167));
#3174 = FACE_OUTER_BOUND('',#3173,.T.);
#3175 = ADVANCED_FACE('',(#3174),#3172,.T.);
#3176 = CARTESIAN_POINT('',(-12.2805,-0.8504999999999999,4.995));
#3177 = VERTEX_POINT('',#3176);
#3178 = CARTESIAN_POINT('',(-10.5795,-0.8504999999999999,4.995));
#3179 = VERTEX_POINT('',#3178);
#3180 = CARTESIAN_POINT('',(-10.9575,-0.4725,4.3854));
#3181 = VERTEX_POINT('',#3180);
#3182 = CARTESIAN_POINT('',(-11.9025,-0.4725,4.3854));
#3183 = VERTEX_POINT('',#3182);
#3184 = DIRECTION('',(-1.,0.,0.));
#3185 = VECTOR('',#3184,1.);
#3186 = LINE('',#3178,#3185);
#3187 = EDGE_CURVE('',#3179,#3177,#3186,.T.);
#3188 = ORIENTED_EDGE('',*,*,#3187,.F.);
#3189 = DIRECTION('',(-0.46621205975657015,0.46621205975656993,-0.7518594487502784));
#3190 = VECTOR('',#3189,1.);
#3191 = LINE('',#3178,#3190);
#3192 = EDGE_CURVE('',#3179,#3181,#3191,.T.);
#3193 = ORIENTED_EDGE('',*,*,#3192,.T.);
#3194 = DIRECTION('',(-1.,0.,0.));
#3195 = VECTOR('',#3194,1.);
#3196 = LINE('',#3180,#3195);
#3197 = EDGE_CURVE('',#3181,#3183,#3196,.T.);
#3198 = ORIENTED_EDGE('',*,*,#3197,.T.);
#3199 = DIRECTION('',(-0.46621205975657015,-0.46621205975656993,0.7518594487502784));
#3200 = VECTOR('',#3199,1.);
#3201 = LINE('',#3182,#3200);
#3202 = EDGE_CURVE('',#3183,#3177,#3201,.T.);
#3203 = ORIENTED_EDGE('',*,*,#3202,.T.);
#3204 = CARTESIAN_POINT('',(-12.2805,-0.8504999999999999,4.995));
#3205 = DIRECTION('',(0.,0.849872720784639,0.5269880059983483));
#3206 = DIRECTION('',(1.,0.,0.));
#3207 = AXIS2_PLACEMENT_3D('',#3204,#3205,#3206);
#3208 = PLANE('',#3207);
#3209 = EDGE_LOOP('',(#3188,#3193,#3198,#3203));
#3210 = FACE_OUTER_BOUND('',#3209,.T.);
#3211 = ADVANCED_FACE('',(#3210),#3208,.T.);
#3212 = CARTESIAN_POINT('',(-11.9025,0.4725,4.3854));
#3213 = VERTEX_POINT('',#3212);
#3214 = CARTESIAN_POINT('',(-12.2805,0.8504999999999999,4.995));
#3215 = VERTEX_POINT('',#3214);
#3216 = DIRECTION('',(-0.46621205975657015,0.46621205975656993,0.7518594487502784));
#3217 = VECTOR('',#3216,1.);
#3218 = LINE('',#3212,#3217);
#3219 = EDGE_CURVE('',#3213,#3215,#3218,.T.);
#3220 = ORIENTED_EDGE('',*,*,#3219,.T.);
#3221 = DIRECTION('',(0.,1.,0.));
#3222 = VECTOR('',#3221,1.);
#3223 = LINE('',#3176,#3222);
#3224 = EDGE_CURVE('',#3177,#3215,#3223,.T.);
#3225 = ORIENTED_EDGE('',*,*,#3224,.F.);
#3226 = ORIENTED_EDGE('',*,*,#3202,.F.);
#3227 = DIRECTION('',(0.,1.,0.));
#3228 = VECTOR('',#3227,1.);
#3229 = LINE('',#3182,#3228);
#3230 = EDGE_CURVE('',#3183,#3213,#3229,.T.);
#3231 = ORIENTED_EDGE('',*,*,#3230,.T.);
#3232 = CARTESIAN_POINT('',(-11.9025,0.4725,4.3854));
#3233 = DIRECTION('',(0.8498727207846386,0.,0.5269880059983487));
#3234 = DIRECTION('',(-0.46621205975657015,0.46621205975656993,0.7518594487502784));
#3235 = AXIS2_PLACEMENT_3D('',#3232,#3233,#3234);
#3236 = PLANE('',#3235);
#3237 = EDGE_LOOP('',(#3220,#3225,#3226,#3231));
#3238 = FACE_OUTER_BOUND('',#3237,.T.);
#3239 = ADVANCED_FACE('',(#3238),#3236,.T.);
#3240 = CARTESIAN_POINT('',(-10.5795,0.8504999999999999,4.995));
#3241 = VERTEX_POINT('',#3240);
#3242 = CARTESIAN_POINT('',(-10.9575,0.4725,4.3854));
#3243 = VERTEX_POINT('',#3242);
#3244 = DIRECTION('',(-1.,0.,0.));
#3245 = VECTOR('',#3244,1.);
#3246 = LINE('',#3240,#3245);
#3247 = EDGE_CURVE('',#3241,#3215,#3246,.T.);
#3248 = ORIENTED_EDGE('',*,*,#3247,.T.);
#3249 = ORIENTED_EDGE('',*,*,#3219,.F.);
#3250 = DIRECTION('',(-1.,0.,0.));
#3251 = VECTOR('',#3250,1.);
#3252 = LINE('',#3242,#3251);
#3253 = EDGE_CURVE('',#3243,#3213,#3252,.T.);
#3254 = ORIENTED_EDGE('',*,*,#3253,.F.);
#3255 = DIRECTION('',(-0.46621205975657015,-0.46621205975656993,-0.7518594487502784));
#3256 = VECTOR('',#3255,1.);
#3257 = LINE('',#3240,#3256);
#3258 = EDGE_CURVE('',#3241,#3243,#3257,.T.);
#3259 = ORIENTED_EDGE('',*,*,#3258,.F.);
#3260 = CARTESIAN_POINT('',(-10.5795,0.8504999999999999,4.995));
#3261 = DIRECTION('',(0.,-0.849872720784639,0.5269880059983483));
#3262 = DIRECTION('',(-1.,0.,0.));
#3263 = AXIS2_PLACEMENT_3D('',#3260,#3261,#3262);
#3264 = PLANE('',#3263);
#3265 = EDGE_LOOP('',(#3248,#3249,#3254,#3259));
#3266 = FACE_OUTER_BOUND('',#3265,.T.);
#3267 = ADVANCED_FACE('',(#3266),#3264,.T.);
#3268 = ORIENTED_EDGE('',*,*,#3192,.F.);
#3269 = DIRECTION('',(0.,1.,0.));
#3270 = VECTOR('',#3269,1.);
#3271 = LINE('',#3178,#3270);
#3272 = EDGE_CURVE('',#3179,#3241,#3271,.T.);
#3273 = ORIENTED_EDGE('',*,*,#3272,.T.);
#3274 = ORIENTED_EDGE('',*,*,#3258,.T.);
#3275 = DIRECTION('',(0.,1.,0.));
#3276 = VECTOR('',#3275,1.);
#3277 = LINE('',#3180,#3276);
#3278 = EDGE_CURVE('',#3181,#3243,#3277,.T.);
#3279 = ORIENTED_EDGE('',*,*,#3278,.F.);
#3280 = CARTESIAN_POINT('',(-10.9575,-0.4725,4.3854));
#3281 = DIRECTION('',(-0.8498727207846386,0.,0.5269880059983487));
#3282 = DIRECTION('',(0.46621205975657015,-0.46621205975656993,0.7518594487502784));
#3283 = AXIS2_PLACEMENT_3D('',#3280,#3281,#3282);
#3284 = PLANE('',#3283);
#3285 = EDGE_LOOP('',(#3268,#3273,#3274,#3279));
#3286 = FACE_OUTER_BOUND('',#3285,.T.);
#3287 = ADVANCED_FACE('',(#3286),#3284,.T.);
#3288 = CARTESIAN_POINT('',(-10.5795,-0.8504999999999999,5.));
#3289 = VERTEX_POINT('',#3288);
#3290 = CARTESIAN_POINT('',(-12.2805,-0.8504999999999999,5.));
#3291 = VERTEX_POINT('',#3290);
#3292 = DIRECTION('',(0.,0.,1.));
#3293 = VECTOR('',#3292,1.);
#3294 = LINE('',#3178,#3293);
#3295 = EDGE_CURVE('',#3179,#3289,#3294,.T.);
#3296 = ORIENTED_EDGE('',*,*,#3295,.F.);
#3297 = ORIENTED_EDGE('',*,*,#3187,.T.);
#3298 = DIRECTION('',(0.,0.,1.));
#3299 = VECTOR('',#3298,1.);
#3300 = LINE('',#3176,#3299);
#3301 = EDGE_CURVE('',#3177,#3291,#3300,.T.);
#3302 = ORIENTED_EDGE('',*,*,#3301,.T.);
#3303 = DIRECTION('',(-1.,0.,0.));
#3304 = VECTOR('',#3303,1.);
#3305 = LINE('',#3288,#3304);
#3306 = EDGE_CURVE('',#3289,#3291,#3305,.T.);
#3307 = ORIENTED_EDGE('',*,*,#3306,.F.);
#3308 = CARTESIAN_POINT('',(-10.5795,-0.8504999999999999,5.));
#3309 = DIRECTION('',(0.,1.,0.));
#3310 = DIRECTION('',(0.,0.,-1.));
#3311 = AXIS2_PLACEMENT_3D('',#3308,#3309,#3310);
#3312 = PLANE('',#3311);
#3313 = EDGE_LOOP('',(#3296,#3297,#3302,#3307));
#3314 = FACE_OUTER_BOUND('',#3313,.T.);
#3315 = ADVANCED_FACE('',(#3314),#3312,.T.);
#3316 = CARTESIAN_POINT('',(-12.2805,0.8504999999999999,5.));
#3317 = VERTEX_POINT('',#3316);
#3318 = ORIENTED_EDGE('',*,*,#3301,.F.);
#3319 = ORIENTED_EDGE('',*,*,#3224,.T.);
#3320 = DIRECTION('',(0.,0.,1.));
#3321 = VECTOR('',#3320,1.);
#3322 = LINE('',#3214,#3321);
#3323 = EDGE_CURVE('',#3215,#3317,#3322,.T.);
#3324 = ORIENTED_EDGE('',*,*,#3323,.T.);
#3325 = DIRECTION('',(0.,1.,0.));
#3326 = VECTOR('',#3325,1.);
#3327 = LINE('',#3290,#3326);
#3328 = EDGE_CURVE('',#3291,#3317,#3327,.T.);
#3329 = ORIENTED_EDGE('',*,*,#3328,.F.);
#3330 = CARTESIAN_POINT('',(-12.2805,-0.8504999999999999,5.));
#3331 = DIRECTION('',(1.,0.,0.));
#3332 = DIRECTION('',(0.,0.,-1.));
#3333 = AXIS2_PLACEMENT_3D('',#3330,#3331,#3332);
#3334 = PLANE('',#3333);
#3335 = EDGE_LOOP('',(#3318,#3319,#3324,#3329));
#3336 = FACE_OUTER_BOUND('',#3335,.T.);
#3337 = ADVANCED_FACE('',(#3336),#3334,.T.);
#3338 = CARTESIAN_POINT('',(-10.5795,0.8504999999999999,5.));
#3339 = VERTEX_POINT('',#3338);
#3340 = DIRECTION('',(0.,0.,1.));
#3341 = VECTOR('',#3340,1.);
#3342 = LINE('',#3240,#3341);
#3343 = EDGE_CURVE('',#3241,#3339,#3342,.T.);
#3344 = ORIENTED_EDGE('',*,*,#3343,.F.);
#3345 = ORIENTED_EDGE('',*,*,#3272,.F.);
#3346 = ORIENTED_EDGE('',*,*,#3295,.T.);
#3347 = DIRECTION('',(0.,1.,0.));
#3348 = VECTOR('',#3347,1.);
#3349 = LINE('',#3288,#3348);
#3350 = EDGE_CURVE('',#3289,#3339,#3349,.T.);
#3351 = ORIENTED_EDGE('',*,*,#3350,.T.);
#3352 = CARTESIAN_POINT('',(-10.5795,0.8504999999999999,5.));
#3353 = DIRECTION('',(-1.,0.,0.));
#3354 = DIRECTION('',(0.,0.,-1.));
#3355 = AXIS2_PLACEMENT_3D('',#3352,#3353,#3354);
#3356 = PLANE('',#3355);
#3357 = EDGE_LOOP('',(#3344,#3345,#3346,#3351));
#3358 = FACE_OUTER_BOUND('',#3357,.T.);
#3359 = ADVANCED_FACE('',(#3358),#3356,.T.);
#3360 = ORIENTED_EDGE('',*,*,#3323,.F.);
#3361 = ORIENTED_EDGE('',*,*,#3247,.F.);
#3362 = ORIENTED_EDGE('',*,*,#3343,.T.);
#3363 = DIRECTION('',(-1.,0.,0.));
#3364 = VECTOR('',#3363,1.);
#3365 = LINE('',#3338,#3364);
#3366 = EDGE_CURVE('',#3339,#3317,#3365,.T.);
#3367 = ORIENTED_EDGE('',*,*,#3366,.T.);
#3368 = CARTESIAN_POINT('',(-12.2805,0.8504999999999999,5.));
#3369 = DIRECTION('',(0.,-1.,0.));
#3370 = DIRECTION('',(0.,0.,-1.));
#3371 = AXIS2_PLACEMENT_3D('',#3368,#3369,#3370);
#3372 = PLANE('',#3371);
#3373 = EDGE_LOOP('',(#3360,#3361,#3362,#3367));
#3374 = FACE_OUTER_BOUND('',#3373,.T.);
#3375 = ADVANCED_FACE('',(#3374),#3372,.T.);
#3376 = DIRECTION('',(0.,0.,1.));
#3377 = VECTOR('',#3376,1.);
#3378 = LINE('',#3114,#3377);
#3379 = EDGE_CURVE('',#3115,#3183,#3378,.T.);
#3380 = ORIENTED_EDGE('',*,*,#3379,.F.);
#3381 = ORIENTED_EDGE('',*,*,#3119,.T.);
#3382 = DIRECTION('',(0.,0.,1.));
#3383 = VECTOR('',#3382,1.);
#3384 = LINE('',#3086,#3383);
#3385 = EDGE_CURVE('',#3087,#3213,#3384,.T.);
#3386 = ORIENTED_EDGE('',*,*,#3385,.T.);
#3387 = ORIENTED_EDGE('',*,*,#3230,.F.);
#3388 = CARTESIAN_POINT('',(-11.9025,-0.4725,4.385399999999999));
#3389 = DIRECTION('',(1.,0.,0.));
#3390 = DIRECTION('',(0.,0.,-1.));
#3391 = AXIS2_PLACEMENT_3D('',#3388,#3389,#3390);
#3392 = PLANE('',#3391);
#3393 = EDGE_LOOP('',(#3380,#3381,#3386,#3387));
#3394 = FACE_OUTER_BOUND('',#3393,.T.);
#3395 = ADVANCED_FACE('',(#3394),#3392,.T.);
#3396 = ORIENTED_EDGE('',*,*,#3278,.T.);
#3397 = DIRECTION('',(0.,0.,1.));
#3398 = VECTOR('',#3397,1.);
#3399 = LINE('',#3084,#3398);
#3400 = EDGE_CURVE('',#3085,#3243,#3399,.T.);
#3401 = ORIENTED_EDGE('',*,*,#3400,.F.);
#3402 = ORIENTED_EDGE('',*,*,#3147,.F.);
#3403 = DIRECTION('',(0.,0.,1.));
#3404 = VECTOR('',#3403,1.);
#3405 = LINE('',#3136,#3404);
#3406 = EDGE_CURVE('',#3137,#3181,#3405,.T.);
#3407 = ORIENTED_EDGE('',*,*,#3406,.T.);
#3408 = CARTESIAN_POINT('',(-10.9575,-0.4725,4.3854000000000015));
#3409 = DIRECTION('',(-1.,0.,0.));
#3410 = DIRECTION('',(0.,1.,0.));
#3411 = AXIS2_PLACEMENT_3D('',#3408,#3409,#3410);
#3412 = PLANE('',#3411);
#3413 = EDGE_LOOP('',(#3396,#3401,#3402,#3407));
#3414 = FACE_OUTER_BOUND('',#3413,.T.);
#3415 = ADVANCED_FACE('',(#3414),#3412,.T.);
#3416 = ORIENTED_EDGE('',*,*,#3406,.F.);
#3417 = ORIENTED_EDGE('',*,*,#3165,.T.);
#3418 = ORIENTED_EDGE('',*,*,#3379,.T.);
#3419 = ORIENTED_EDGE('',*,*,#3197,.F.);
#3420 = CARTESIAN_POINT('',(-10.9575,-0.4725,4.385400000000001));
#3421 = DIRECTION('',(0.,1.,0.));
#3422 = DIRECTION('',(0.,0.,-1.));
#3423 = AXIS2_PLACEMENT_3D('',#3420,#3421,#3422);
#3424 = PLANE('',#3423);
#3425 = EDGE_LOOP('',(#3416,#3417,#3418,#3419));
#3426 = FACE_OUTER_BOUND('',#3425,.T.);
#3427 = ADVANCED_FACE('',(#3426),#3424,.T.);
#3428 = ORIENTED_EDGE('',*,*,#3385,.F.);
#3429 = ORIENTED_EDGE('',*,*,#3097,.F.);
#3430 = ORIENTED_EDGE('',*,*,#3400,.T.);
#3431 = ORIENTED_EDGE('',*,*,#3253,.T.);
#3432 = CARTESIAN_POINT('',(-11.9025,0.4725,4.3854000000000015));
#3433 = DIRECTION('',(0.,-1.,0.));
#3434 = DIRECTION('',(0.,0.,-1.));
#3435 = AXIS2_PLACEMENT_3D('',#3432,#3433,#3434);
#3436 = PLANE('',#3435);
#3437 = EDGE_LOOP('',(#3428,#3429,#3430,#3431));
#3438 = FACE_OUTER_BOUND('',#3437,.T.);
#3439 = ADVANCED_FACE('',(#3438),#3436,.T.);
#3440 = ORIENTED_EDGE('',*,*,#2950,.F.);
#3441 = DIRECTION('',(-1.,0.,0.));
#3442 = VECTOR('',#3441,1.);
#3443 = LINE('',#3316,#3442);
#3444 = EDGE_CURVE('',#3317,#2923,#3443,.T.);
#3445 = ORIENTED_EDGE('',*,*,#3444,.F.);
#3446 = ORIENTED_EDGE('',*,*,#3366,.F.);
#3447 = DIRECTION('',(-1.,0.,0.));
#3448 = VECTOR('',#3447,1.);
#3449 = LINE('',#2990,#3448);
#3450 = EDGE_CURVE('',#2991,#3339,#3449,.T.);
#3451 = ORIENTED_EDGE('',*,*,#3450,.F.);
#3452 = ORIENTED_EDGE('',*,*,#3019,.T.);
#3453 = ORIENTED_EDGE('',*,*,#3068,.T.);
#3454 = CARTESIAN_POINT('',(-12.7,1.27,5.));
#3455 = DIRECTION('',(0.,0.,1.));
#3456 = DIRECTION('',(0.,-1.,0.));
#3457 = AXIS2_PLACEMENT_3D('',#3454,#3455,#3456);
#3458 = PLANE('',#3457);
#3459 = EDGE_LOOP('',(#3440,#3445,#3446,#3451,#3452,#3453));
#3460 = FACE_OUTER_BOUND('',#3459,.T.);
#3461 = ADVANCED_FACE('',(#3460),#3458,.T.);
#3462 = ORIENTED_EDGE('',*,*,#3350,.F.);
#3463 = DIRECTION('',(-1.,0.,0.));
#3464 = VECTOR('',#3463,1.);
#3465 = LINE('',#2992,#3464);
#3466 = EDGE_CURVE('',#2993,#3289,#3465,.T.);
#3467 = ORIENTED_EDGE('',*,*,#3466,.F.);
#3468 = ORIENTED_EDGE('',*,*,#3024,.T.);
#3469 = ORIENTED_EDGE('',*,*,#3450,.T.);
#3470 = CARTESIAN_POINT('',(-10.5795,0.8504999999999999,5.));
#3471 = DIRECTION('',(0.,0.,1.));
#3472 = DIRECTION('',(0.,-1.,0.));
#3473 = AXIS2_PLACEMENT_3D('',#3470,#3471,#3472);
#3474 = PLANE('',#3473);
#3475 = EDGE_LOOP('',(#3462,#3467,#3468,#3469));
#3476 = FACE_OUTER_BOUND('',#3475,.T.);
#3477 = ADVANCED_FACE('',(#3476),#3474,.T.);
#3478 = ORIENTED_EDGE('',*,*,#2945,.F.);
#3479 = DIRECTION('',(-1.,0.,0.));
#3480 = VECTOR('',#3479,1.);
#3481 = LINE('',#3290,#3480);
#3482 = EDGE_CURVE('',#3291,#2921,#3481,.T.);
#3483 = ORIENTED_EDGE('',*,*,#3482,.F.);
#3484 = ORIENTED_EDGE('',*,*,#3328,.T.);
#3485 = ORIENTED_EDGE('',*,*,#3444,.T.);
#3486 = CARTESIAN_POINT('',(-12.7,0.8504999999999999,5.));
#3487 = DIRECTION('',(0.,0.,1.));
#3488 = DIRECTION('',(0.,-1.,0.));
#3489 = AXIS2_PLACEMENT_3D('',#3486,#3487,#3488);
#3490 = PLANE('',#3489);
#3491 = EDGE_LOOP('',(#3478,#3483,#3484,#3485));
#3492 = FACE_OUTER_BOUND('',#3491,.T.);
#3493 = ADVANCED_FACE('',(#3492),#3490,.T.);
#3494 = ORIENTED_EDGE('',*,*,#2940,.T.);
#3495 = ORIENTED_EDGE('',*,*,#3053,.F.);
#3496 = ORIENTED_EDGE('',*,*,#3029,.F.);
#3497 = ORIENTED_EDGE('',*,*,#3466,.T.);
#3498 = ORIENTED_EDGE('',*,*,#3306,.T.);
#3499 = ORIENTED_EDGE('',*,*,#3482,.T.);
#3500 = CARTESIAN_POINT('',(-12.7,-0.8504999999999999,5.));
#3501 = DIRECTION('',(0.,0.,1.));
#3502 = DIRECTION('',(0.,-1.,0.));
#3503 = AXIS2_PLACEMENT_3D('',#3500,#3501,#3502);
#3504 = PLANE('',#3503);
#3505 = EDGE_LOOP('',(#3494,#3495,#3496,#3497,#3498,#3499));
#3506 = FACE_OUTER_BOUND('',#3505,.T.);
#3507 = ADVANCED_FACE('',(#3506),#3504,.T.);
#3508 = CLOSED_SHELL('',(#2979,#3043,#3063,#3083,#3113,#3135,#3157,#3175,#3211,#3239,#3267,#3287,#3315,#3337,#3359,#3375,#3395,#3415,#3427,#3439,#3461,#3477,#3493,#3507));
#3509 = MANIFOLD_SOLID_BREP('',#3508);
#3510 = COLOUR_RGB('',0.10196078431372549,0.10196078431372549,0.10196078431372549);
#3511 = FILL_AREA_STYLE_COLOUR('',#3510);
#3512 = FILL_AREA_STYLE('',(#3511));
#3513 = SURFACE_STYLE_FILL_AREA(#3512);
#3514 = SURFACE_SIDE_STYLE('',(#3513));
#3515 = SURFACE_STYLE_USAGE(.BOTH.,#3514);
#3516 = PRESENTATION_STYLE_ASSIGNMENT((#3515));
#3517 = STYLED_ITEM('',(#3516),#3509);
#3518 = CARTESIAN_POINT('',(-11.115,-0.315,0.));
#3519 = VERTEX_POINT('',#3518);
#3520 = CARTESIAN_POINT('',(-11.745,-0.315,0.));
#3521 = VERTEX_POINT('',#3520);
#3522 = CARTESIAN_POINT('',(-11.745,-0.315,-2.7));
#3523 = VERTEX_POINT('',#3522);
#3524 = CARTESIAN_POINT('',(-11.115,-0.315,-2.7));
#3525 = VERTEX_POINT('',#3524);
#3526 = DIRECTION('',(-1.,0.,0.));
#3527 = VECTOR('',#3526,1.);
#3528 = LINE('',#3518,#3527);
#3529 = EDGE_CURVE('',#3519,#3521,#3528,.T.);
#3530 = ORIENTED_EDGE('',*,*,#3529,.T.);
#3531 = DIRECTION('',(0.,0.,1.));
#3532 = VECTOR('',#3531,1.);
#3533 = LINE('',#3522,#3532);
#3534 = EDGE_CURVE('',#3523,#3521,#3533,.T.);
#3535 = ORIENTED_EDGE('',*,*,#3534,.F.);
#3536 = DIRECTION('',(-1.,0.,0.));
#3537 = VECTOR('',#3536,1.);
#3538 = LINE('',#3524,#3537);
#3539 = EDGE_CURVE('',#3525,#3523,#3538,.T.);
#3540 = ORIENTED_EDGE('',*,*,#3539,.F.);
#3541 = DIRECTION('',(0.,0.,1.));
#3542 = VECTOR('',#3541,1.);
#3543 = LINE('',#3524,#3542);
#3544 = EDGE_CURVE('',#3525,#3519,#3543,.T.);
#3545 = ORIENTED_EDGE('',*,*,#3544,.T.);
#3546 = CARTESIAN_POINT('',(-11.115,-0.315,0.));
#3547 = DIRECTION('',(0.,-1.,0.));
#3548 = DIRECTION('',(-1.,0.,0.));
#3549 = AXIS2_PLACEMENT_3D('',#3546,#3547,#3548);
#3550 = PLANE('',#3549);
#3551 = EDGE_LOOP('',(#3530,#3535,#3540,#3545));
#3552 = FACE_OUTER_BOUND('',#3551,.T.);
#3553 = ADVANCED_FACE('',(#3552),#3550,.T.);
#3554 = CARTESIAN_POINT('',(-11.115,0.315,-2.7));
#3555 = VERTEX_POINT('',#3554);
#3556 = CARTESIAN_POINT('',(-11.115,0.315,0.));
#3557 = VERTEX_POINT('',#3556);
#3558 = ORIENTED_EDGE('',*,*,#3544,.F.);
#3559 = DIRECTION('',(0.,1.,0.));
#3560 = VECTOR('',#3559,1.);
#3561 = LINE('',#3524,#3560);
#3562 = EDGE_CURVE('',#3525,#3555,#3561,.T.);
#3563 = ORIENTED_EDGE('',*,*,#3562,.T.);
#3564 = DIRECTION('',(0.,0.,1.));
#3565 = VECTOR('',#3564,1.);
#3566 = LINE('',#3554,#3565);
#3567 = EDGE_CURVE('',#3555,#3557,#3566,.T.);
#3568 = ORIENTED_EDGE('',*,*,#3567,.T.);
#3569 = DIRECTION('',(0.,1.,0.));
#3570 = VECTOR('',#3569,1.);
#3571 = LINE('',#3518,#3570);
#3572 = EDGE_CURVE('',#3519,#3557,#3571,.T.);
#3573 = ORIENTED_EDGE('',*,*,#3572,.F.);
#3574 = CARTESIAN_POINT('',(-11.115,-0.315,0.));
#3575 = DIRECTION('',(1.,0.,0.));
#3576 = DIRECTION('',(0.,0.,-1.));
#3577 = AXIS2_PLACEMENT_3D('',#3574,#3575,#3576);
#3578 = PLANE('',#3577);
#3579 = EDGE_LOOP('',(#3558,#3563,#3568,#3573));
#3580 = FACE_OUTER_BOUND('',#3579,.T.);
#3581 = ADVANCED_FACE('',(#3580),#3578,.T.);
#3582 = CARTESIAN_POINT('',(-11.254999999999999,-0.175,-3.));
#3583 = VERTEX_POINT('',#3582);
#3584 = CARTESIAN_POINT('',(-11.605,-0.175,-3.));
#3585 = VERTEX_POINT('',#3584);
#3586 = DIRECTION('',(-0.3894904188522574,0.38949041885226077,-0.8346223261119867));
#3587 = VECTOR('',#3586,1.);
#3588 = LINE('',#3524,#3587);
#3589 = EDGE_CURVE('',#3525,#3583,#3588,.T.);
#3590 = ORIENTED_EDGE('',*,*,#3589,.F.);
#3591 = ORIENTED_EDGE('',*,*,#3539,.T.);
#3592 = DIRECTION('',(-0.3894904188522574,-0.38949041885226077,0.8346223261119867));
#3593 = VECTOR('',#3592,1.);
#3594 = LINE('',#3584,#3593);
#3595 = EDGE_CURVE('',#3585,#3523,#3594,.T.);
#3596 = ORIENTED_EDGE('',*,*,#3595,.F.);
#3597 = DIRECTION('',(-1.,0.,0.));
#3598 = VECTOR('',#3597,1.);
#3599 = LINE('',#3582,#3598);
#3600 = EDGE_CURVE('',#3583,#3585,#3599,.T.);
#3601 = ORIENTED_EDGE('',*,*,#3600,.F.);
#3602 = CARTESIAN_POINT('',(-11.254999999999999,-0.175,-3.));
#3603 = DIRECTION('',(0.,-0.9061831399952663,-0.42288546533112226));
#3604 = DIRECTION('',(0.3894904188522574,-0.38949041885226077,0.8346223261119867));
#3605 = AXIS2_PLACEMENT_3D('',#3602,#3603,#3604);
#3606 = PLANE('',#3605);
#3607 = EDGE_LOOP('',(#3590,#3591,#3596,#3601));
#3608 = FACE_OUTER_BOUND('',#3607,.T.);
#3609 = ADVANCED_FACE('',(#3608),#3606,.T.);
#3610 = CARTESIAN_POINT('',(-11.745,0.315,0.));
#3611 = VERTEX_POINT('',#3610);
#3612 = CARTESIAN_POINT('',(-11.745,0.315,-2.7));
#3613 = VERTEX_POINT('',#3612);
#3614 = DIRECTION('',(-1.,0.,0.));
#3615 = VECTOR('',#3614,1.);
#3616 = LINE('',#3556,#3615);
#3617 = EDGE_CURVE('',#3557,#3611,#3616,.T.);
#3618 = ORIENTED_EDGE('',*,*,#3617,.F.);
#3619 = ORIENTED_EDGE('',*,*,#3567,.F.);
#3620 = DIRECTION('',(-1.,0.,0.));
#3621 = VECTOR('',#3620,1.);
#3622 = LINE('',#3554,#3621);
#3623 = EDGE_CURVE('',#3555,#3613,#3622,.T.);
#3624 = ORIENTED_EDGE('',*,*,#3623,.T.);
#3625 = DIRECTION('',(0.,0.,1.));
#3626 = VECTOR('',#3625,1.);
#3627 = LINE('',#3612,#3626);
#3628 = EDGE_CURVE('',#3613,#3611,#3627,.T.);
#3629 = ORIENTED_EDGE('',*,*,#3628,.T.);
#3630 = CARTESIAN_POINT('',(-11.745,0.315,0.));
#3631 = DIRECTION('',(0.,1.,0.));
#3632 = DIRECTION('',(1.,0.,0.));
#3633 = AXIS2_PLACEMENT_3D('',#3630,#3631,#3632);
#3634 = PLANE('',#3633);
#3635 = EDGE_LOOP('',(#3618,#3619,#3624,#3629));
#3636 = FACE_OUTER_BOUND('',#3635,.T.);
#3637 = ADVANCED_FACE('',(#3636),#3634,.T.);
#3638 = ORIENTED_EDGE('',*,*,#3628,.F.);
#3639 = DIRECTION('',(0.,1.,0.));
#3640 = VECTOR('',#3639,1.);
#3641 = LINE('',#3522,#3640);
#3642 = EDGE_CURVE('',#3523,#3613,#3641,.T.);
#3643 = ORIENTED_EDGE('',*,*,#3642,.F.);
#3644 = ORIENTED_EDGE('',*,*,#3534,.T.);
#3645 = DIRECTION('',(0.,1.,0.));
#3646 = VECTOR('',#3645,1.);
#3647 = LINE('',#3520,#3646);
#3648 = EDGE_CURVE('',#3521,#3611,#3647,.T.);
#3649 = ORIENTED_EDGE('',*,*,#3648,.T.);
#3650 = CARTESIAN_POINT('',(-11.745,0.315,0.));
#3651 = DIRECTION('',(-1.,0.,0.));
#3652 = DIRECTION('',(0.,0.,-1.));
#3653 = AXIS2_PLACEMENT_3D('',#3650,#3651,#3652);
#3654 = PLANE('',#3653);
#3655 = EDGE_LOOP('',(#3638,#3643,#3644,#3649));
#3656 = FACE_OUTER_BOUND('',#3655,.T.);
#3657 = ADVANCED_FACE('',(#3656),#3654,.T.);
#3658 = ORIENTED_EDGE('',*,*,#3648,.F.);
#3659 = ORIENTED_EDGE('',*,*,#3529,.F.);
#3660 = ORIENTED_EDGE('',*,*,#3572,.T.);
#3661 = ORIENTED_EDGE('',*,*,#3617,.T.);
#3662 = CARTESIAN_POINT('',(-11.745,0.315,0.));
#3663 = DIRECTION('',(0.,0.,1.));
#3664 = DIRECTION('',(0.,-1.,0.));
#3665 = AXIS2_PLACEMENT_3D('',#3662,#3663,#3664);
#3666 = PLANE('',#3665);
#3667 = EDGE_LOOP('',(#3658,#3659,#3660,#3661));
#3668 = FACE_OUTER_BOUND('',#3667,.T.);
#3669 = ADVANCED_FACE('',(#3668),#3666,.T.);
#3670 = CARTESIAN_POINT('',(-11.254999999999999,0.175,-3.));
#3671 = VERTEX_POINT('',#3670);
#3672 = DIRECTION('',(-0.3894904188522574,-0.38949041885226077,-0.8346223261119867));
#3673 = VECTOR('',#3672,1.);
#3674 = LINE('',#3554,#3673);
#3675 = EDGE_CURVE('',#3555,#3671,#3674,.T.);
#3676 = ORIENTED_EDGE('',*,*,#3675,.F.);
#3677 = ORIENTED_EDGE('',*,*,#3562,.F.);
#3678 = ORIENTED_EDGE('',*,*,#3589,.T.);
#3679 = DIRECTION('',(0.,1.,0.));
#3680 = VECTOR('',#3679,1.);
#3681 = LINE('',#3582,#3680);
#3682 = EDGE_CURVE('',#3583,#3671,#3681,.T.);
#3683 = ORIENTED_EDGE('',*,*,#3682,.T.);
#3684 = CARTESIAN_POINT('',(-11.254999999999999,0.175,-3.));
#3685 = DIRECTION('',(0.9061831399952666,0.,-0.42288546533112137));
#3686 = DIRECTION('',(0.3894904188522574,0.38949041885226077,0.8346223261119867));
#3687 = AXIS2_PLACEMENT_3D('',#3684,#3685,#3686);
#3688 = PLANE('',#3687);
#3689 = EDGE_LOOP('',(#3676,#3677,#3678,#3683));
#3690 = FACE_OUTER_BOUND('',#3689,.T.);
#3691 = ADVANCED_FACE('',(#3690),#3688,.T.);
#3692 = CARTESIAN_POINT('',(-11.605,0.175,-3.));
#3693 = VERTEX_POINT('',#3692);
#3694 = DIRECTION('',(-0.3894904188522574,0.38949041885226077,0.8346223261119867));
#3695 = VECTOR('',#3694,1.);
#3696 = LINE('',#3692,#3695);
#3697 = EDGE_CURVE('',#3693,#3613,#3696,.T.);
#3698 = ORIENTED_EDGE('',*,*,#3697,.T.);
#3699 = ORIENTED_EDGE('',*,*,#3623,.F.);
#3700 = ORIENTED_EDGE('',*,*,#3675,.T.);
#3701 = DIRECTION('',(-1.,0.,0.));
#3702 = VECTOR('',#3701,1.);
#3703 = LINE('',#3670,#3702);
#3704 = EDGE_CURVE('',#3671,#3693,#3703,.T.);
#3705 = ORIENTED_EDGE('',*,*,#3704,.T.);
#3706 = CARTESIAN_POINT('',(-11.605,0.175,-3.));
#3707 = DIRECTION('',(0.,0.9061831399952663,-0.42288546533112226));
#3708 = DIRECTION('',(-0.3894904188522574,0.38949041885226077,0.8346223261119867));
#3709 = AXIS2_PLACEMENT_3D('',#3706,#3707,#3708);
#3710 = PLANE('',#3709);
#3711 = EDGE_LOOP('',(#3698,#3699,#3700,#3705));
#3712 = FACE_OUTER_BOUND('',#3711,.T.);
#3713 = ADVANCED_FACE('',(#3712),#3710,.T.);
#3714 = ORIENTED_EDGE('',*,*,#3704,.F.);
#3715 = ORIENTED_EDGE('',*,*,#3682,.F.);
#3716 = ORIENTED_EDGE('',*,*,#3600,.T.);
#3717 = DIRECTION('',(0.,1.,0.));
#3718 = VECTOR('',#3717,1.);
#3719 = LINE('',#3584,#3718);
#3720 = EDGE_CURVE('',#3585,#3693,#3719,.T.);
#3721 = ORIENTED_EDGE('',*,*,#3720,.T.);
#3722 = CARTESIAN_POINT('',(-11.605,0.175,-3.));
#3723 = DIRECTION('',(0.,0.,-1.));
#3724 = DIRECTION('',(1.,0.,0.));
#3725 = AXIS2_PLACEMENT_3D('',#3722,#3723,#3724);
#3726 = PLANE('',#3725);
#3727 = EDGE_LOOP('',(#3714,#3715,#3716,#3721));
#3728 = FACE_OUTER_BOUND('',#3727,.T.);
#3729 = ADVANCED_FACE('',(#3728),#3726,.T.);
#3730 = ORIENTED_EDGE('',*,*,#3720,.F.);
#3731 = ORIENTED_EDGE('',*,*,#3595,.T.);
#3732 = ORIENTED_EDGE('',*,*,#3642,.T.);
#3733 = ORIENTED_EDGE('',*,*,#3697,.F.);
#3734 = CARTESIAN_POINT('',(-11.605,0.175,-3.));
#3735 = DIRECTION('',(-0.9061831399952666,0.,-0.4228854653311212));
#3736 = DIRECTION('',(0.,-1.,0.));
#3737 = AXIS2_PLACEMENT_3D('',#3734,#3735,#3736);
#3738 = PLANE('',#3737);
#3739 = EDGE_LOOP('',(#3730,#3731,#3732,#3733));
#3740 = FACE_OUTER_BOUND('',#3739,.T.);
#3741 = ADVANCED_FACE('',(#3740),#3738,.T.);
#3742 = CLOSED_SHELL('',(#3553,#3581,#3609,#3637,#3657,#3669,#3691,#3713,#3729,#3741));
#3743 = MANIFOLD_SOLID_BREP('',#3742);
#3744 = CARTESIAN_POINT('',(-11.934,-0.504,0.));
#3745 = VERTEX_POINT('',#3744);
#3746 = CARTESIAN_POINT('',(-11.934,-0.504,0.504));
#3747 = VERTEX_POINT('',#3746);
#3748 = CARTESIAN_POINT('',(-11.934,0.504,0.504));
#3749 = VERTEX_POINT('',#3748);
#3750 = CARTESIAN_POINT('',(-11.934,0.504,0.));
#3751 = VERTEX_POINT('',#3750);
#3752 = DIRECTION('',(0.,0.,1.));
#3753 = VECTOR('',#3752,1.);
#3754 = LINE('',#3744,#3753);
#3755 = EDGE_CURVE('',#3745,#3747,#3754,.T.);
#3756 = ORIENTED_EDGE('',*,*,#3755,.T.);
#3757 = DIRECTION('',(0.,1.,0.));
#3758 = VECTOR('',#3757,1.);
#3759 = LINE('',#3746,#3758);
#3760 = EDGE_CURVE('',#3747,#3749,#3759,.T.);
#3761 = ORIENTED_EDGE('',*,*,#3760,.T.);
#3762 = DIRECTION('',(0.,0.,1.));
#3763 = VECTOR('',#3762,1.);
#3764 = LINE('',#3750,#3763);
#3765 = EDGE_CURVE('',#3751,#3749,#3764,.T.);
#3766 = ORIENTED_EDGE('',*,*,#3765,.F.);
#3767 = DIRECTION('',(0.,1.,0.));
#3768 = VECTOR('',#3767,1.);
#3769 = LINE('',#3744,#3768);
#3770 = EDGE_CURVE('',#3745,#3751,#3769,.T.);
#3771 = ORIENTED_EDGE('',*,*,#3770,.F.);
#3772 = CARTESIAN_POINT('',(-11.934,-0.504,0.));
#3773 = DIRECTION('',(-1.,0.,0.));
#3774 = DIRECTION('',(0.,0.,1.));
#3775 = AXIS2_PLACEMENT_3D('',#3772,#3773,#3774);
#3776 = PLANE('',#3775);
#3777 = EDGE_LOOP('',(#3756,#3761,#3766,#3771));
#3778 = FACE_OUTER_BOUND('',#3777,.T.);
#3779 = ADVANCED_FACE('',(#3778),#3776,.T.);
#3780 = CARTESIAN_POINT('',(-10.926,-0.504,0.));
#3781 = VERTEX_POINT('',#3780);
#3782 = CARTESIAN_POINT('',(-10.926,0.504,0.));
#3783 = VERTEX_POINT('',#3782);
#3784 = CARTESIAN_POINT('',(-10.926,0.504,0.504));
#3785 = VERTEX_POINT('',#3784);
#3786 = CARTESIAN_POINT('',(-10.926,-0.504,0.504));
#3787 = VERTEX_POINT('',#3786);
#3788 = DIRECTION('',(0.,1.,0.));
#3789 = VECTOR('',#3788,1.);
#3790 = LINE('',#3780,#3789);
#3791 = EDGE_CURVE('',#3781,#3783,#3790,.T.);
#3792 = ORIENTED_EDGE('',*,*,#3791,.T.);
#3793 = DIRECTION('',(0.,0.,1.));
#3794 = VECTOR('',#3793,1.);
#3795 = LINE('',#3782,#3794);
#3796 = EDGE_CURVE('',#3783,#3785,#3795,.T.);
#3797 = ORIENTED_EDGE('',*,*,#3796,.T.);
#3798 = DIRECTION('',(0.,1.,0.));
#3799 = VECTOR('',#3798,1.);
#3800 = LINE('',#3786,#3799);
#3801 = EDGE_CURVE('',#3787,#3785,#3800,.T.);
#3802 = ORIENTED_EDGE('',*,*,#3801,.F.);
#3803 = DIRECTION('',(0.,0.,1.));
#3804 = VECTOR('',#3803,1.);
#3805 = LINE('',#3780,#3804);
#3806 = EDGE_CURVE('',#3781,#3787,#3805,.T.);
#3807 = ORIENTED_EDGE('',*,*,#3806,.F.);
#3808 = CARTESIAN_POINT('',(-10.926,-0.504,0.));
#3809 = DIRECTION('',(1.,0.,0.));
#3810 = DIRECTION('',(0.,1.,0.));
#3811 = AXIS2_PLACEMENT_3D('',#3808,#3809,#3810);
#3812 = PLANE('',#3811);
#3813 = EDGE_LOOP('',(#3792,#3797,#3802,#3807));
#3814 = FACE_OUTER_BOUND('',#3813,.T.);
#3815 = ADVANCED_FACE('',(#3814),#3812,.T.);
#3816 = DIRECTION('',(-1.,0.,0.));
#3817 = VECTOR('',#3816,1.);
#3818 = LINE('',#3780,#3817);
#3819 = EDGE_CURVE('',#3781,#3745,#3818,.T.);
#3820 = ORIENTED_EDGE('',*,*,#3819,.F.);
#3821 = ORIENTED_EDGE('',*,*,#3806,.T.);
#3822 = DIRECTION('',(-1.,0.,0.));
#3823 = VECTOR('',#3822,1.);
#3824 = LINE('',#3786,#3823);
#3825 = EDGE_CURVE('',#3787,#3747,#3824,.T.);
#3826 = ORIENTED_EDGE('',*,*,#3825,.T.);
#3827 = ORIENTED_EDGE('',*,*,#3755,.F.);
#3828 = CARTESIAN_POINT('',(-11.934,-0.504,0.));
#3829 = DIRECTION('',(0.,-1.,0.));
#3830 = DIRECTION('',(1.,0.,0.));
#3831 = AXIS2_PLACEMENT_3D('',#3828,#3829,#3830);
#3832 = PLANE('',#3831);
#3833 = EDGE_LOOP('',(#3820,#3821,#3826,#3827));
#3834 = FACE_OUTER_BOUND('',#3833,.T.);
#3835 = ADVANCED_FACE('',(#3834),#3832,.T.);
#3836 = ORIENTED_EDGE('',*,*,#3765,.T.);
#3837 = DIRECTION('',(-1.,0.,0.));
#3838 = VECTOR('',#3837,1.);
#3839 = LINE('',#3784,#3838);
#3840 = EDGE_CURVE('',#3785,#3749,#3839,.T.);
#3841 = ORIENTED_EDGE('',*,*,#3840,.F.);
#3842 = ORIENTED_EDGE('',*,*,#3796,.F.);
#3843 = DIRECTION('',(-1.,0.,0.));
#3844 = VECTOR('',#3843,1.);
#3845 = LINE('',#3782,#3844);
#3846 = EDGE_CURVE('',#3783,#3751,#3845,.T.);
#3847 = ORIENTED_EDGE('',*,*,#3846,.T.);
#3848 = CARTESIAN_POINT('',(-11.934,0.504,0.));
#3849 = DIRECTION('',(0.,1.,0.));
#3850 = DIRECTION('',(0.,0.,1.));
#3851 = AXIS2_PLACEMENT_3D('',#3848,#3849,#3850);
#3852 = PLANE('',#3851);
#3853 = EDGE_LOOP('',(#3836,#3841,#3842,#3847));
#3854 = FACE_OUTER_BOUND('',#3853,.T.);
#3855 = ADVANCED_FACE('',(#3854),#3852,.T.);
#3856 = ORIENTED_EDGE('',*,*,#3770,.T.);
#3857 = ORIENTED_EDGE('',*,*,#3846,.F.);
#3858 = ORIENTED_EDGE('',*,*,#3791,.F.);
#3859 = ORIENTED_EDGE('',*,*,#3819,.T.);
#3860 = CARTESIAN_POINT('',(-11.934,-0.504,0.));
#3861 = DIRECTION('',(0.,0.,-1.));
#3862 = DIRECTION('',(0.,1.,0.));
#3863 = AXIS2_PLACEMENT_3D('',#3860,#3861,#3862);
#3864 = PLANE('',#3863);
#3865 = EDGE_LOOP('',(#3856,#3857,#3858,#3859));
#3866 = FACE_OUTER_BOUND('',#3865,.T.);
#3867 = ADVANCED_FACE('',(#3866),#3864,.T.);
#3868 = ORIENTED_EDGE('',*,*,#3825,.F.);
#3869 = ORIENTED_EDGE('',*,*,#3801,.T.);
#3870 = ORIENTED_EDGE('',*,*,#3840,.T.);
#3871 = ORIENTED_EDGE('',*,*,#3760,.F.);
#3872 = CARTESIAN_POINT('',(-11.934,-0.504,0.504));
#3873 = DIRECTION('',(0.,0.,1.));
#3874 = DIRECTION('',(1.,0.,0.));
#3875 = AXIS2_PLACEMENT_3D('',#3872,#3873,#3874);
#3876 = PLANE('',#3875);
#3877 = EDGE_LOOP('',(#3868,#3869,#3870,#3871));
#3878 = FACE_OUTER_BOUND('',#3877,.T.);
#3879 = ADVANCED_FACE('',(#3878),#3876,.T.);
#3880 = CLOSED_SHELL('',(#3779,#3815,#3835,#3855,#3867,#3879));
#3881 = MANIFOLD_SOLID_BREP('',#3880);
#3882 = CARTESIAN_POINT('',(-10.16,-1.27,0.));
#3883 = VERTEX_POINT('',#3882);
#3884 = CARTESIAN_POINT('',(-10.16,-1.27,5.));
#3885 = VERTEX_POINT('',#3884);
#3886 = CARTESIAN_POINT('',(-10.16,-0.8504999999999999,5.));
#3887 = VERTEX_POINT('',#3886);
#3888 = CARTESIAN_POINT('',(-10.16,0.8504999999999999,5.));
#3889 = VERTEX_POINT('',#3888);
#3890 = CARTESIAN_POINT('',(-10.16,1.27,5.));
#3891 = VERTEX_POINT('',#3890);
#3892 = CARTESIAN_POINT('',(-10.16,1.27,0.));
#3893 = VERTEX_POINT('',#3892);
#3894 = CARTESIAN_POINT('',(-10.16,0.4724999999999999,0.));
#3895 = VERTEX_POINT('',#3894);
#3896 = CARTESIAN_POINT('',(-10.16,-0.4724999999999999,0.));
#3897 = VERTEX_POINT('',#3896);
#3898 = DIRECTION('',(0.,0.,1.));
#3899 = VECTOR('',#3898,1.);
#3900 = LINE('',#3882,#3899);
#3901 = EDGE_CURVE('',#3883,#3885,#3900,.T.);
#3902 = ORIENTED_EDGE('',*,*,#3901,.T.);
#3903 = DIRECTION('',(0.,-1.,0.));
#3904 = VECTOR('',#3903,1.);
#3905 = LINE('',#3886,#3904);
#3906 = EDGE_CURVE('',#3887,#3885,#3905,.T.);
#3907 = ORIENTED_EDGE('',*,*,#3906,.F.);
#3908 = DIRECTION('',(0.,1.,0.));
#3909 = VECTOR('',#3908,1.);
#3910 = LINE('',#3886,#3909);
#3911 = EDGE_CURVE('',#3887,#3889,#3910,.T.);
#3912 = ORIENTED_EDGE('',*,*,#3911,.T.);
#3913 = DIRECTION('',(0.,1.,0.));
#3914 = VECTOR('',#3913,1.);
#3915 = LINE('',#3888,#3914);
#3916 = EDGE_CURVE('',#3889,#3891,#3915,.T.);
#3917 = ORIENTED_EDGE('',*,*,#3916,.T.);
#3918 = DIRECTION('',(0.,0.,1.));
#3919 = VECTOR('',#3918,1.);
#3920 = LINE('',#3892,#3919);
#3921 = EDGE_CURVE('',#3893,#3891,#3920,.T.);
#3922 = ORIENTED_EDGE('',*,*,#3921,.F.);
#3923 = DIRECTION('',(0.,1.,0.));
#3924 = VECTOR('',#3923,1.);
#3925 = LINE('',#3894,#3924);
#3926 = EDGE_CURVE('',#3895,#3893,#3925,.T.);
#3927 = ORIENTED_EDGE('',*,*,#3926,.F.);
#3928 = DIRECTION('',(0.,1.,0.));
#3929 = VECTOR('',#3928,1.);
#3930 = LINE('',#3896,#3929);
#3931 = EDGE_CURVE('',#3897,#3895,#3930,.T.);
#3932 = ORIENTED_EDGE('',*,*,#3931,.F.);
#3933 = DIRECTION('',(0.,-1.,0.));
#3934 = VECTOR('',#3933,1.);
#3935 = LINE('',#3896,#3934);
#3936 = EDGE_CURVE('',#3897,#3883,#3935,.T.);
#3937 = ORIENTED_EDGE('',*,*,#3936,.T.);
#3938 = CARTESIAN_POINT('',(-10.16,-1.27,0.));
#3939 = DIRECTION('',(-1.,0.,0.));
#3940 = DIRECTION('',(0.,0.,1.));
#3941 = AXIS2_PLACEMENT_3D('',#3938,#3939,#3940);
#3942 = PLANE('',#3941);
#3943 = EDGE_LOOP('',(#3902,#3907,#3912,#3917,#3922,#3927,#3932,#3937));
#3944 = FACE_OUTER_BOUND('',#3943,.T.);
#3945 = ADVANCED_FACE('',(#3944),#3942,.T.);
#3946 = CARTESIAN_POINT('',(-7.620000000000001,-1.27,0.));
#3947 = VERTEX_POINT('',#3946);
#3948 = CARTESIAN_POINT('',(-7.620000000000001,-0.4724999999999999,0.));
#3949 = VERTEX_POINT('',#3948);
#3950 = CARTESIAN_POINT('',(-7.620000000000001,0.4724999999999999,0.));
#3951 = VERTEX_POINT('',#3950);
#3952 = CARTESIAN_POINT('',(-7.620000000000001,1.27,0.));
#3953 = VERTEX_POINT('',#3952);
#3954 = CARTESIAN_POINT('',(-7.620000000000001,1.27,5.));
#3955 = VERTEX_POINT('',#3954);
#3956 = CARTESIAN_POINT('',(-7.620000000000001,0.8504999999999999,5.));
#3957 = VERTEX_POINT('',#3956);
#3958 = CARTESIAN_POINT('',(-7.620000000000001,-0.8504999999999999,5.));
#3959 = VERTEX_POINT('',#3958);
#3960 = CARTESIAN_POINT('',(-7.620000000000001,-1.27,5.));
#3961 = VERTEX_POINT('',#3960);
#3962 = DIRECTION('',(0.,-1.,0.));
#3963 = VECTOR('',#3962,1.);
#3964 = LINE('',#3948,#3963);
#3965 = EDGE_CURVE('',#3949,#3947,#3964,.T.);
#3966 = ORIENTED_EDGE('',*,*,#3965,.F.);
#3967 = DIRECTION('',(0.,1.,0.));
#3968 = VECTOR('',#3967,1.);
#3969 = LINE('',#3948,#3968);
#3970 = EDGE_CURVE('',#3949,#3951,#3969,.T.);
#3971 = ORIENTED_EDGE('',*,*,#3970,.T.);
#3972 = DIRECTION('',(0.,1.,0.));
#3973 = VECTOR('',#3972,1.);
#3974 = LINE('',#3950,#3973);
#3975 = EDGE_CURVE('',#3951,#3953,#3974,.T.);
#3976 = ORIENTED_EDGE('',*,*,#3975,.T.);
#3977 = DIRECTION('',(0.,0.,1.));
#3978 = VECTOR('',#3977,1.);
#3979 = LINE('',#3952,#3978);
#3980 = EDGE_CURVE('',#3953,#3955,#3979,.T.);
#3981 = ORIENTED_EDGE('',*,*,#3980,.T.);
#3982 = DIRECTION('',(0.,1.,0.));
#3983 = VECTOR('',#3982,1.);
#3984 = LINE('',#3956,#3983);
#3985 = EDGE_CURVE('',#3957,#3955,#3984,.T.);
#3986 = ORIENTED_EDGE('',*,*,#3985,.F.);
#3987 = DIRECTION('',(0.,1.,0.));
#3988 = VECTOR('',#3987,1.);
#3989 = LINE('',#3958,#3988);
#3990 = EDGE_CURVE('',#3959,#3957,#3989,.T.);
#3991 = ORIENTED_EDGE('',*,*,#3990,.F.);
#3992 = DIRECTION('',(0.,-1.,0.));
#3993 = VECTOR('',#3992,1.);
#3994 = LINE('',#3958,#3993);
#3995 = EDGE_CURVE('',#3959,#3961,#3994,.T.);
#3996 = ORIENTED_EDGE('',*,*,#3995,.T.);
#3997 = DIRECTION('',(0.,0.,1.));
#3998 = VECTOR('',#3997,1.);
#3999 = LINE('',#3946,#3998);
#4000 = EDGE_CURVE('',#3947,#3961,#3999,.T.);
#4001 = ORIENTED_EDGE('',*,*,#4000,.F.);
#4002 = CARTESIAN_POINT('',(-7.620000000000001,-1.27,0.));
#4003 = DIRECTION('',(1.,0.,0.));
#4004 = DIRECTION('',(0.,1.,0.));
#4005 = AXIS2_PLACEMENT_3D('',#4002,#4003,#4004);
#4006 = PLANE('',#4005);
#4007 = EDGE_LOOP('',(#3966,#3971,#3976,#3981,#3986,#3991,#3996,#4001));
#4008 = FACE_OUTER_BOUND('',#4007,.T.);
#4009 = ADVANCED_FACE('',(#4008),#4006,.T.);
#4010 = DIRECTION('',(1.,0.,0.));
#4011 = VECTOR('',#4010,1.);
#4012 = LINE('',#3882,#4011);
#4013 = EDGE_CURVE('',#3883,#3947,#4012,.T.);
#4014 = ORIENTED_EDGE('',*,*,#4013,.T.);
#4015 = ORIENTED_EDGE('',*,*,#4000,.T.);
#4016 = DIRECTION('',(1.,0.,0.));
#4017 = VECTOR('',#4016,1.);
#4018 = LINE('',#3884,#4017);
#4019 = EDGE_CURVE('',#3885,#3961,#4018,.T.);
#4020 = ORIENTED_EDGE('',*,*,#4019,.F.);
#4021 = ORIENTED_EDGE('',*,*,#3901,.F.);
#4022 = CARTESIAN_POINT('',(-10.16,-1.27,0.));
#4023 = DIRECTION('',(0.,-1.,0.));
#4024 = DIRECTION('',(1.,0.,0.));
#4025 = AXIS2_PLACEMENT_3D('',#4022,#4023,#4024);
#4026 = PLANE('',#4025);
#4027 = EDGE_LOOP('',(#4014,#4015,#4020,#4021));
#4028 = FACE_OUTER_BOUND('',#4027,.T.);
#4029 = ADVANCED_FACE('',(#4028),#4026,.T.);
#4030 = ORIENTED_EDGE('',*,*,#3921,.T.);
#4031 = DIRECTION('',(1.,0.,0.));
#4032 = VECTOR('',#4031,1.);
#4033 = LINE('',#3890,#4032);
#4034 = EDGE_CURVE('',#3891,#3955,#4033,.T.);
#4035 = ORIENTED_EDGE('',*,*,#4034,.T.);
#4036 = ORIENTED_EDGE('',*,*,#3980,.F.);
#4037 = DIRECTION('',(1.,0.,0.));
#4038 = VECTOR('',#4037,1.);
#4039 = LINE('',#3892,#4038);
#4040 = EDGE_CURVE('',#3893,#3953,#4039,.T.);
#4041 = ORIENTED_EDGE('',*,*,#4040,.F.);
#4042 = CARTESIAN_POINT('',(-10.16,1.27,0.));
#4043 = DIRECTION('',(0.,1.,0.));
#4044 = DIRECTION('',(0.,0.,1.));
#4045 = AXIS2_PLACEMENT_3D('',#4042,#4043,#4044);
#4046 = PLANE('',#4045);
#4047 = EDGE_LOOP('',(#4030,#4035,#4036,#4041));
#4048 = FACE_OUTER_BOUND('',#4047,.T.);
#4049 = ADVANCED_FACE('',(#4048),#4046,.T.);
#4050 = CARTESIAN_POINT('',(-8.4175,0.4725,0.));
#4051 = VERTEX_POINT('',#4050);
#4052 = CARTESIAN_POINT('',(-9.3625,0.4725,0.));
#4053 = VERTEX_POINT('',#4052);
#4054 = ORIENTED_EDGE('',*,*,#3975,.F.);
#4055 = DIRECTION('',(-1.,0.,0.));
#4056 = VECTOR('',#4055,1.);
#4057 = LINE('',#3950,#4056);
#4058 = EDGE_CURVE('',#3951,#4051,#4057,.T.);
#4059 = ORIENTED_EDGE('',*,*,#4058,.T.);
#4060 = DIRECTION('',(-1.,0.,0.));
#4061 = VECTOR('',#4060,1.);
#4062 = LINE('',#4050,#4061);
#4063 = EDGE_CURVE('',#4051,#4053,#4062,.T.);
#4064 = ORIENTED_EDGE('',*,*,#4063,.T.);
#4065 = DIRECTION('',(1.,0.,0.));
#4066 = VECTOR('',#4065,1.);
#4067 = LINE('',#3894,#4066);
#4068 = EDGE_CURVE('',#3895,#4053,#4067,.T.);
#4069 = ORIENTED_EDGE('',*,*,#4068,.F.);
#4070 = ORIENTED_EDGE('',*,*,#3926,.T.);
#4071 = ORIENTED_EDGE('',*,*,#4040,.T.);
#4072 = CARTESIAN_POINT('',(-7.620000000000001,1.27,0.));
#4073 = DIRECTION('',(0.,0.,-1.));
#4074 = DIRECTION('',(0.,-1.,0.));
#4075 = AXIS2_PLACEMENT_3D('',#4072,#4073,#4074);
#4076 = PLANE('',#4075);
#4077 = EDGE_LOOP('',(#4054,#4059,#4064,#4069,#4070,#4071));
#4078 = FACE_OUTER_BOUND('',#4077,.T.);
#4079 = ADVANCED_FACE('',(#4078),#4076,.T.);
#4080 = CARTESIAN_POINT('',(-9.3625,-0.4724999999999999,0.));
#4081 = VERTEX_POINT('',#4080);
#4082 = DIRECTION('',(0.,1.,0.));
#4083 = VECTOR('',#4082,1.);
#4084 = LINE('',#4080,#4083);
#4085 = EDGE_CURVE('',#4081,#4053,#4084,.T.);
#4086 = ORIENTED_EDGE('',*,*,#4085,.F.);
#4087 = DIRECTION('',(1.,0.,0.));
#4088 = VECTOR('',#4087,1.);
#4089 = LINE('',#3896,#4088);
#4090 = EDGE_CURVE('',#3897,#4081,#4089,.T.);
#4091 = ORIENTED_EDGE('',*,*,#4090,.F.);
#4092 = ORIENTED_EDGE('',*,*,#3931,.T.);
#4093 = ORIENTED_EDGE('',*,*,#4068,.T.);
#4094 = CARTESIAN_POINT('',(-9.3625,0.4724999999999999,0.));
#4095 = DIRECTION('',(0.,0.,-1.));
#4096 = DIRECTION('',(0.,-1.,0.));
#4097 = AXIS2_PLACEMENT_3D('',#4094,#4095,#4096);
#4098 = PLANE('',#4097);
#4099 = EDGE_LOOP('',(#4086,#4091,#4092,#4093));
#4100 = FACE_OUTER_BOUND('',#4099,.T.);
#4101 = ADVANCED_FACE('',(#4100),#4098,.T.);
#4102 = CARTESIAN_POINT('',(-8.4175,-0.4724999999999999,0.));
#4103 = VERTEX_POINT('',#4102);
#4104 = ORIENTED_EDGE('',*,*,#3970,.F.);
#4105 = DIRECTION('',(-1.,0.,0.));
#4106 = VECTOR('',#4105,1.);
#4107 = LINE('',#3948,#4106);
#4108 = EDGE_CURVE('',#3949,#4103,#4107,.T.);
#4109 = ORIENTED_EDGE('',*,*,#4108,.T.);
#4110 = DIRECTION('',(0.,1.,0.));
#4111 = VECTOR('',#4110,1.);
#4112 = LINE('',#4102,#4111);
#4113 = EDGE_CURVE('',#4103,#4051,#4112,.T.);
#4114 = ORIENTED_EDGE('',*,*,#4113,.T.);
#4115 = ORIENTED_EDGE('',*,*,#4058,.F.);
#4116 = CARTESIAN_POINT('',(-7.620000000000001,0.4724999999999999,0.));
#4117 = DIRECTION('',(0.,0.,-1.));
#4118 = DIRECTION('',(0.,-1.,0.));
#4119 = AXIS2_PLACEMENT_3D('',#4116,#4117,#4118);
#4120 = PLANE('',#4119);
#4121 = EDGE_LOOP('',(#4104,#4109,#4114,#4115));
#4122 = FACE_OUTER_BOUND('',#4121,.T.);
#4123 = ADVANCED_FACE('',(#4122),#4120,.T.);
#4124 = ORIENTED_EDGE('',*,*,#3965,.T.);
#4125 = ORIENTED_EDGE('',*,*,#4013,.F.);
#4126 = ORIENTED_EDGE('',*,*,#3936,.F.);
#4127 = ORIENTED_EDGE('',*,*,#4090,.T.);
#4128 = DIRECTION('',(-1.,0.,0.));
#4129 = VECTOR('',#4128,1.);
#4130 = LINE('',#4102,#4129);
#4131 = EDGE_CURVE('',#4103,#4081,#4130,.T.);
#4132 = ORIENTED_EDGE('',*,*,#4131,.F.);
#4133 = ORIENTED_EDGE('',*,*,#4108,.F.);
#4134 = CARTESIAN_POINT('',(-7.620000000000001,-0.4724999999999999,0.));
#4135 = DIRECTION('',(0.,0.,-1.));
#4136 = DIRECTION('',(0.,-1.,0.));
#4137 = AXIS2_PLACEMENT_3D('',#4134,#4135,#4136);
#4138 = PLANE('',#4137);
#4139 = EDGE_LOOP('',(#4124,#4125,#4126,#4127,#4132,#4133));
#4140 = FACE_OUTER_BOUND('',#4139,.T.);
#4141 = ADVANCED_FACE('',(#4140),#4138,.T.);
#4142 = CARTESIAN_POINT('',(-9.7405,-0.8504999999999999,4.995));
#4143 = VERTEX_POINT('',#4142);
#4144 = CARTESIAN_POINT('',(-8.0395,-0.8504999999999999,4.995));
#4145 = VERTEX_POINT('',#4144);
#4146 = CARTESIAN_POINT('',(-8.4175,-0.4725,4.3854));
#4147 = VERTEX_POINT('',#4146);
#4148 = CARTESIAN_POINT('',(-9.3625,-0.4725,4.3854));
#4149 = VERTEX_POINT('',#4148);
#4150 = DIRECTION('',(-1.,0.,0.));
#4151 = VECTOR('',#4150,1.);
#4152 = LINE('',#4144,#4151);
#4153 = EDGE_CURVE('',#4145,#4143,#4152,.T.);
#4154 = ORIENTED_EDGE('',*,*,#4153,.F.);
#4155 = DIRECTION('',(-0.46621205975657015,0.46621205975656993,-0.7518594487502784));
#4156 = VECTOR('',#4155,1.);
#4157 = LINE('',#4144,#4156);
#4158 = EDGE_CURVE('',#4145,#4147,#4157,.T.);
#4159 = ORIENTED_EDGE('',*,*,#4158,.T.);
#4160 = DIRECTION('',(-1.,0.,0.));
#4161 = VECTOR('',#4160,1.);
#4162 = LINE('',#4146,#4161);
#4163 = EDGE_CURVE('',#4147,#4149,#4162,.T.);
#4164 = ORIENTED_EDGE('',*,*,#4163,.T.);
#4165 = DIRECTION('',(-0.46621205975657015,-0.46621205975656993,0.7518594487502784));
#4166 = VECTOR('',#4165,1.);
#4167 = LINE('',#4148,#4166);
#4168 = EDGE_CURVE('',#4149,#4143,#4167,.T.);
#4169 = ORIENTED_EDGE('',*,*,#4168,.T.);
#4170 = CARTESIAN_POINT('',(-9.7405,-0.8504999999999999,4.995));
#4171 = DIRECTION('',(0.,0.849872720784639,0.5269880059983483));
#4172 = DIRECTION('',(1.,0.,0.));
#4173 = AXIS2_PLACEMENT_3D('',#4170,#4171,#4172);
#4174 = PLANE('',#4173);
#4175 = EDGE_LOOP('',(#4154,#4159,#4164,#4169));
#4176 = FACE_OUTER_BOUND('',#4175,.T.);
#4177 = ADVANCED_FACE('',(#4176),#4174,.T.);
#4178 = CARTESIAN_POINT('',(-9.3625,0.4725,4.3854));
#4179 = VERTEX_POINT('',#4178);
#4180 = CARTESIAN_POINT('',(-9.7405,0.8504999999999999,4.995));
#4181 = VERTEX_POINT('',#4180);
#4182 = DIRECTION('',(-0.46621205975657015,0.46621205975656993,0.7518594487502784));
#4183 = VECTOR('',#4182,1.);
#4184 = LINE('',#4178,#4183);
#4185 = EDGE_CURVE('',#4179,#4181,#4184,.T.);
#4186 = ORIENTED_EDGE('',*,*,#4185,.T.);
#4187 = DIRECTION('',(0.,1.,0.));
#4188 = VECTOR('',#4187,1.);
#4189 = LINE('',#4142,#4188);
#4190 = EDGE_CURVE('',#4143,#4181,#4189,.T.);
#4191 = ORIENTED_EDGE('',*,*,#4190,.F.);
#4192 = ORIENTED_EDGE('',*,*,#4168,.F.);
#4193 = DIRECTION('',(0.,1.,0.));
#4194 = VECTOR('',#4193,1.);
#4195 = LINE('',#4148,#4194);
#4196 = EDGE_CURVE('',#4149,#4179,#4195,.T.);
#4197 = ORIENTED_EDGE('',*,*,#4196,.T.);
#4198 = CARTESIAN_POINT('',(-9.3625,0.4725,4.3854));
#4199 = DIRECTION('',(0.8498727207846386,0.,0.5269880059983487));
#4200 = DIRECTION('',(-0.46621205975657015,0.46621205975656993,0.7518594487502784));
#4201 = AXIS2_PLACEMENT_3D('',#4198,#4199,#4200);
#4202 = PLANE('',#4201);
#4203 = EDGE_LOOP('',(#4186,#4191,#4192,#4197));
#4204 = FACE_OUTER_BOUND('',#4203,.T.);
#4205 = ADVANCED_FACE('',(#4204),#4202,.T.);
#4206 = CARTESIAN_POINT('',(-8.0395,0.8504999999999999,4.995));
#4207 = VERTEX_POINT('',#4206);
#4208 = CARTESIAN_POINT('',(-8.4175,0.4725,4.3854));
#4209 = VERTEX_POINT('',#4208);
#4210 = DIRECTION('',(-1.,0.,0.));
#4211 = VECTOR('',#4210,1.);
#4212 = LINE('',#4206,#4211);
#4213 = EDGE_CURVE('',#4207,#4181,#4212,.T.);
#4214 = ORIENTED_EDGE('',*,*,#4213,.T.);
#4215 = ORIENTED_EDGE('',*,*,#4185,.F.);
#4216 = DIRECTION('',(-1.,0.,0.));
#4217 = VECTOR('',#4216,1.);
#4218 = LINE('',#4208,#4217);
#4219 = EDGE_CURVE('',#4209,#4179,#4218,.T.);
#4220 = ORIENTED_EDGE('',*,*,#4219,.F.);
#4221 = DIRECTION('',(-0.46621205975657015,-0.46621205975656993,-0.7518594487502784));
#4222 = VECTOR('',#4221,1.);
#4223 = LINE('',#4206,#4222);
#4224 = EDGE_CURVE('',#4207,#4209,#4223,.T.);
#4225 = ORIENTED_EDGE('',*,*,#4224,.F.);
#4226 = CARTESIAN_POINT('',(-8.0395,0.8504999999999999,4.995));
#4227 = DIRECTION('',(0.,-0.849872720784639,0.5269880059983483));
#4228 = DIRECTION('',(-1.,0.,0.));
#4229 = AXIS2_PLACEMENT_3D('',#4226,#4227,#4228);
#4230 = PLANE('',#4229);
#4231 = EDGE_LOOP('',(#4214,#4215,#4220,#4225));
#4232 = FACE_OUTER_BOUND('',#4231,.T.);
#4233 = ADVANCED_FACE('',(#4232),#4230,.T.);
#4234 = ORIENTED_EDGE('',*,*,#4158,.F.);
#4235 = DIRECTION('',(0.,1.,0.));
#4236 = VECTOR('',#4235,1.);
#4237 = LINE('',#4144,#4236);
#4238 = EDGE_CURVE('',#4145,#4207,#4237,.T.);
#4239 = ORIENTED_EDGE('',*,*,#4238,.T.);
#4240 = ORIENTED_EDGE('',*,*,#4224,.T.);
#4241 = DIRECTION('',(0.,1.,0.));
#4242 = VECTOR('',#4241,1.);
#4243 = LINE('',#4146,#4242);
#4244 = EDGE_CURVE('',#4147,#4209,#4243,.T.);
#4245 = ORIENTED_EDGE('',*,*,#4244,.F.);
#4246 = CARTESIAN_POINT('',(-8.4175,-0.4725,4.3854));
#4247 = DIRECTION('',(-0.8498727207846386,0.,0.5269880059983487));
#4248 = DIRECTION('',(0.46621205975657015,-0.46621205975656993,0.7518594487502784));
#4249 = AXIS2_PLACEMENT_3D('',#4246,#4247,#4248);
#4250 = PLANE('',#4249);
#4251 = EDGE_LOOP('',(#4234,#4239,#4240,#4245));
#4252 = FACE_OUTER_BOUND('',#4251,.T.);
#4253 = ADVANCED_FACE('',(#4252),#4250,.T.);
#4254 = CARTESIAN_POINT('',(-8.0395,-0.8504999999999999,5.));
#4255 = VERTEX_POINT('',#4254);
#4256 = CARTESIAN_POINT('',(-9.7405,-0.8504999999999999,5.));
#4257 = VERTEX_POINT('',#4256);
#4258 = DIRECTION('',(0.,0.,1.));
#4259 = VECTOR('',#4258,1.);
#4260 = LINE('',#4144,#4259);
#4261 = EDGE_CURVE('',#4145,#4255,#4260,.T.);
#4262 = ORIENTED_EDGE('',*,*,#4261,.F.);
#4263 = ORIENTED_EDGE('',*,*,#4153,.T.);
#4264 = DIRECTION('',(0.,0.,1.));
#4265 = VECTOR('',#4264,1.);
#4266 = LINE('',#4142,#4265);
#4267 = EDGE_CURVE('',#4143,#4257,#4266,.T.);
#4268 = ORIENTED_EDGE('',*,*,#4267,.T.);
#4269 = DIRECTION('',(-1.,0.,0.));
#4270 = VECTOR('',#4269,1.);
#4271 = LINE('',#4254,#4270);
#4272 = EDGE_CURVE('',#4255,#4257,#4271,.T.);
#4273 = ORIENTED_EDGE('',*,*,#4272,.F.);
#4274 = CARTESIAN_POINT('',(-8.0395,-0.8504999999999999,5.));
#4275 = DIRECTION('',(0.,1.,0.));
#4276 = DIRECTION('',(0.,0.,-1.));
#4277 = AXIS2_PLACEMENT_3D('',#4274,#4275,#4276);
#4278 = PLANE('',#4277);
#4279 = EDGE_LOOP('',(#4262,#4263,#4268,#4273));
#4280 = FACE_OUTER_BOUND('',#4279,.T.);
#4281 = ADVANCED_FACE('',(#4280),#4278,.T.);
#4282 = CARTESIAN_POINT('',(-9.7405,0.8504999999999999,5.));
#4283 = VERTEX_POINT('',#4282);
#4284 = ORIENTED_EDGE('',*,*,#4267,.F.);
#4285 = ORIENTED_EDGE('',*,*,#4190,.T.);
#4286 = DIRECTION('',(0.,0.,1.));
#4287 = VECTOR('',#4286,1.);
#4288 = LINE('',#4180,#4287);
#4289 = EDGE_CURVE('',#4181,#4283,#4288,.T.);
#4290 = ORIENTED_EDGE('',*,*,#4289,.T.);
#4291 = DIRECTION('',(0.,1.,0.));
#4292 = VECTOR('',#4291,1.);
#4293 = LINE('',#4256,#4292);
#4294 = EDGE_CURVE('',#4257,#4283,#4293,.T.);
#4295 = ORIENTED_EDGE('',*,*,#4294,.F.);
#4296 = CARTESIAN_POINT('',(-9.7405,-0.8504999999999999,5.));
#4297 = DIRECTION('',(1.,0.,0.));
#4298 = DIRECTION('',(0.,0.,-1.));
#4299 = AXIS2_PLACEMENT_3D('',#4296,#4297,#4298);
#4300 = PLANE('',#4299);
#4301 = EDGE_LOOP('',(#4284,#4285,#4290,#4295));
#4302 = FACE_OUTER_BOUND('',#4301,.T.);
#4303 = ADVANCED_FACE('',(#4302),#4300,.T.);
#4304 = CARTESIAN_POINT('',(-8.0395,0.8504999999999999,5.));
#4305 = VERTEX_POINT('',#4304);
#4306 = DIRECTION('',(0.,0.,1.));
#4307 = VECTOR('',#4306,1.);
#4308 = LINE('',#4206,#4307);
#4309 = EDGE_CURVE('',#4207,#4305,#4308,.T.);
#4310 = ORIENTED_EDGE('',*,*,#4309,.F.);
#4311 = ORIENTED_EDGE('',*,*,#4238,.F.);
#4312 = ORIENTED_EDGE('',*,*,#4261,.T.);
#4313 = DIRECTION('',(0.,1.,0.));
#4314 = VECTOR('',#4313,1.);
#4315 = LINE('',#4254,#4314);
#4316 = EDGE_CURVE('',#4255,#4305,#4315,.T.);
#4317 = ORIENTED_EDGE('',*,*,#4316,.T.);
#4318 = CARTESIAN_POINT('',(-8.0395,0.8504999999999999,5.));
#4319 = DIRECTION('',(-1.,0.,0.));
#4320 = DIRECTION('',(0.,0.,-1.));
#4321 = AXIS2_PLACEMENT_3D('',#4318,#4319,#4320);
#4322 = PLANE('',#4321);
#4323 = EDGE_LOOP('',(#4310,#4311,#4312,#4317));
#4324 = FACE_OUTER_BOUND('',#4323,.T.);
#4325 = ADVANCED_FACE('',(#4324),#4322,.T.);
#4326 = ORIENTED_EDGE('',*,*,#4289,.F.);
#4327 = ORIENTED_EDGE('',*,*,#4213,.F.);
#4328 = ORIENTED_EDGE('',*,*,#4309,.T.);
#4329 = DIRECTION('',(-1.,0.,0.));
#4330 = VECTOR('',#4329,1.);
#4331 = LINE('',#4304,#4330);
#4332 = EDGE_CURVE('',#4305,#4283,#4331,.T.);
#4333 = ORIENTED_EDGE('',*,*,#4332,.T.);
#4334 = CARTESIAN_POINT('',(-9.7405,0.8504999999999999,5.));
#4335 = DIRECTION('',(0.,-1.,0.));
#4336 = DIRECTION('',(0.,0.,-1.));
#4337 = AXIS2_PLACEMENT_3D('',#4334,#4335,#4336);
#4338 = PLANE('',#4337);
#4339 = EDGE_LOOP('',(#4326,#4327,#4328,#4333));
#4340 = FACE_OUTER_BOUND('',#4339,.T.);
#4341 = ADVANCED_FACE('',(#4340),#4338,.T.);
#4342 = DIRECTION('',(0.,0.,1.));
#4343 = VECTOR('',#4342,1.);
#4344 = LINE('',#4080,#4343);
#4345 = EDGE_CURVE('',#4081,#4149,#4344,.T.);
#4346 = ORIENTED_EDGE('',*,*,#4345,.F.);
#4347 = ORIENTED_EDGE('',*,*,#4085,.T.);
#4348 = DIRECTION('',(0.,0.,1.));
#4349 = VECTOR('',#4348,1.);
#4350 = LINE('',#4052,#4349);
#4351 = EDGE_CURVE('',#4053,#4179,#4350,.T.);
#4352 = ORIENTED_EDGE('',*,*,#4351,.T.);
#4353 = ORIENTED_EDGE('',*,*,#4196,.F.);
#4354 = CARTESIAN_POINT('',(-9.3625,-0.4725,4.385399999999999));
#4355 = DIRECTION('',(1.,0.,0.));
#4356 = DIRECTION('',(0.,0.,-1.));
#4357 = AXIS2_PLACEMENT_3D('',#4354,#4355,#4356);
#4358 = PLANE('',#4357);
#4359 = EDGE_LOOP('',(#4346,#4347,#4352,#4353));
#4360 = FACE_OUTER_BOUND('',#4359,.T.);
#4361 = ADVANCED_FACE('',(#4360),#4358,.T.);
#4362 = ORIENTED_EDGE('',*,*,#4244,.T.);
#4363 = DIRECTION('',(0.,0.,1.));
#4364 = VECTOR('',#4363,1.);
#4365 = LINE('',#4050,#4364);
#4366 = EDGE_CURVE('',#4051,#4209,#4365,.T.);
#4367 = ORIENTED_EDGE('',*,*,#4366,.F.);
#4368 = ORIENTED_EDGE('',*,*,#4113,.F.);
#4369 = DIRECTION('',(0.,0.,1.));
#4370 = VECTOR('',#4369,1.);
#4371 = LINE('',#4102,#4370);
#4372 = EDGE_CURVE('',#4103,#4147,#4371,.T.);
#4373 = ORIENTED_EDGE('',*,*,#4372,.T.);
#4374 = CARTESIAN_POINT('',(-8.4175,-0.4725,4.3854000000000015));
#4375 = DIRECTION('',(-1.,0.,0.));
#4376 = DIRECTION('',(0.,1.,0.));
#4377 = AXIS2_PLACEMENT_3D('',#4374,#4375,#4376);
#4378 = PLANE('',#4377);
#4379 = EDGE_LOOP('',(#4362,#4367,#4368,#4373));
#4380 = FACE_OUTER_BOUND('',#4379,.T.);
#4381 = ADVANCED_FACE('',(#4380),#4378,.T.);
#4382 = ORIENTED_EDGE('',*,*,#4372,.F.);
#4383 = ORIENTED_EDGE('',*,*,#4131,.T.);
#4384 = ORIENTED_EDGE('',*,*,#4345,.T.);
#4385 = ORIENTED_EDGE('',*,*,#4163,.F.);
#4386 = CARTESIAN_POINT('',(-8.4175,-0.4725,4.385400000000001));
#4387 = DIRECTION('',(0.,1.,0.));
#4388 = DIRECTION('',(0.,0.,-1.));
#4389 = AXIS2_PLACEMENT_3D('',#4386,#4387,#4388);
#4390 = PLANE('',#4389);
#4391 = EDGE_LOOP('',(#4382,#4383,#4384,#4385));
#4392 = FACE_OUTER_BOUND('',#4391,.T.);
#4393 = ADVANCED_FACE('',(#4392),#4390,.T.);
#4394 = ORIENTED_EDGE('',*,*,#4351,.F.);
#4395 = ORIENTED_EDGE('',*,*,#4063,.F.);
#4396 = ORIENTED_EDGE('',*,*,#4366,.T.);
#4397 = ORIENTED_EDGE('',*,*,#4219,.T.);
#4398 = CARTESIAN_POINT('',(-9.3625,0.4725,4.3854000000000015));
#4399 = DIRECTION('',(0.,-1.,0.));
#4400 = DIRECTION('',(0.,0.,-1.));
#4401 = AXIS2_PLACEMENT_3D('',#4398,#4399,#4400);
#4402 = PLANE('',#4401);
#4403 = EDGE_LOOP('',(#4394,#4395,#4396,#4397));
#4404 = FACE_OUTER_BOUND('',#4403,.T.);
#4405 = ADVANCED_FACE('',(#4404),#4402,.T.);
#4406 = ORIENTED_EDGE('',*,*,#3916,.F.);
#4407 = DIRECTION('',(1.,0.,0.));
#4408 = VECTOR('',#4407,1.);
#4409 = LINE('',#3888,#4408);
#4410 = EDGE_CURVE('',#3889,#4283,#4409,.T.);
#4411 = ORIENTED_EDGE('',*,*,#4410,.T.);
#4412 = ORIENTED_EDGE('',*,*,#4332,.F.);
#4413 = DIRECTION('',(-1.,0.,0.));
#4414 = VECTOR('',#4413,1.);
#4415 = LINE('',#3956,#4414);
#4416 = EDGE_CURVE('',#3957,#4305,#4415,.T.);
#4417 = ORIENTED_EDGE('',*,*,#4416,.F.);
#4418 = ORIENTED_EDGE('',*,*,#3985,.T.);
#4419 = ORIENTED_EDGE('',*,*,#4034,.F.);
#4420 = CARTESIAN_POINT('',(-10.16,1.27,5.));
#4421 = DIRECTION('',(0.,0.,1.));
#4422 = DIRECTION('',(0.,-1.,0.));
#4423 = AXIS2_PLACEMENT_3D('',#4420,#4421,#4422);
#4424 = PLANE('',#4423);
#4425 = EDGE_LOOP('',(#4406,#4411,#4412,#4417,#4418,#4419));
#4426 = FACE_OUTER_BOUND('',#4425,.T.);
#4427 = ADVANCED_FACE('',(#4426),#4424,.T.);
#4428 = ORIENTED_EDGE('',*,*,#4316,.F.);
#4429 = DIRECTION('',(-1.,0.,0.));
#4430 = VECTOR('',#4429,1.);
#4431 = LINE('',#3958,#4430);
#4432 = EDGE_CURVE('',#3959,#4255,#4431,.T.);
#4433 = ORIENTED_EDGE('',*,*,#4432,.F.);
#4434 = ORIENTED_EDGE('',*,*,#3990,.T.);
#4435 = ORIENTED_EDGE('',*,*,#4416,.T.);
#4436 = CARTESIAN_POINT('',(-8.0395,0.8504999999999999,5.));
#4437 = DIRECTION('',(0.,0.,1.));
#4438 = DIRECTION('',(0.,-1.,0.));
#4439 = AXIS2_PLACEMENT_3D('',#4436,#4437,#4438);
#4440 = PLANE('',#4439);
#4441 = EDGE_LOOP('',(#4428,#4433,#4434,#4435));
#4442 = FACE_OUTER_BOUND('',#4441,.T.);
#4443 = ADVANCED_FACE('',(#4442),#4440,.T.);
#4444 = ORIENTED_EDGE('',*,*,#3911,.F.);
#4445 = DIRECTION('',(1.,0.,0.));
#4446 = VECTOR('',#4445,1.);
#4447 = LINE('',#3886,#4446);
#4448 = EDGE_CURVE('',#3887,#4257,#4447,.T.);
#4449 = ORIENTED_EDGE('',*,*,#4448,.T.);
#4450 = ORIENTED_EDGE('',*,*,#4294,.T.);
#4451 = ORIENTED_EDGE('',*,*,#4410,.F.);
#4452 = CARTESIAN_POINT('',(-10.16,0.8504999999999999,5.));
#4453 = DIRECTION('',(0.,0.,1.));
#4454 = DIRECTION('',(0.,-1.,0.));
#4455 = AXIS2_PLACEMENT_3D('',#4452,#4453,#4454);
#4456 = PLANE('',#4455);
#4457 = EDGE_LOOP('',(#4444,#4449,#4450,#4451));
#4458 = FACE_OUTER_BOUND('',#4457,.T.);
#4459 = ADVANCED_FACE('',(#4458),#4456,.T.);
#4460 = ORIENTED_EDGE('',*,*,#3906,.T.);
#4461 = ORIENTED_EDGE('',*,*,#4019,.T.);
#4462 = ORIENTED_EDGE('',*,*,#3995,.F.);
#4463 = ORIENTED_EDGE('',*,*,#4432,.T.);
#4464 = ORIENTED_EDGE('',*,*,#4272,.T.);
#4465 = ORIENTED_EDGE('',*,*,#4448,.F.);
#4466 = CARTESIAN_POINT('',(-10.16,-0.8504999999999999,5.));
#4467 = DIRECTION('',(0.,0.,1.));
#4468 = DIRECTION('',(0.,-1.,0.));
#4469 = AXIS2_PLACEMENT_3D('',#4466,#4467,#4468);
#4470 = PLANE('',#4469);
#4471 = EDGE_LOOP('',(#4460,#4461,#4462,#4463,#4464,#4465));
#4472 = FACE_OUTER_BOUND('',#4471,.T.);
#4473 = ADVANCED_FACE('',(#4472),#4470,.T.);
#4474 = CLOSED_SHELL('',(#3945,#4009,#4029,#4049,#4079,#4101,#4123,#4141,#4177,#4205,#4233,#4253,#4281,#4303,#4325,#4341,#4361,#4381,#4393,#4405,#4427,#4443,#4459,#4473));
#4475 = MANIFOLD_SOLID_BREP('',#4474);
#4476 = COLOUR_RGB('',0.10196078431372549,0.10196078431372549,0.10196078431372549);
#4477 = FILL_AREA_STYLE_COLOUR('',#4476);
#4478 = FILL_AREA_STYLE('',(#4477));
#4479 = SURFACE_STYLE_FILL_AREA(#4478);
#4480 = SURFACE_SIDE_STYLE('',(#4479));
#4481 = SURFACE_STYLE_USAGE(.BOTH.,#4480);
#4482 = PRESENTATION_STYLE_ASSIGNMENT((#4481));
#4483 = STYLED_ITEM('',(#4482),#4475);
#4484 = CARTESIAN_POINT('',(-8.575000000000001,-0.315,0.));
#4485 = VERTEX_POINT('',#4484);
#4486 = CARTESIAN_POINT('',(-8.575000000000001,0.315,0.));
#4487 = VERTEX_POINT('',#4486);
#4488 = CARTESIAN_POINT('',(-9.205,0.315,0.));
#4489 = VERTEX_POINT('',#4488);
#4490 = CARTESIAN_POINT('',(-9.205,-0.315,0.));
#4491 = VERTEX_POINT('',#4490);
#4492 = DIRECTION('',(0.,1.,0.));
#4493 = VECTOR('',#4492,1.);
#4494 = LINE('',#4484,#4493);
#4495 = EDGE_CURVE('',#4485,#4487,#4494,.T.);
#4496 = ORIENTED_EDGE('',*,*,#4495,.T.);
#4497 = DIRECTION('',(-1.,0.,0.));
#4498 = VECTOR('',#4497,1.);
#4499 = LINE('',#4486,#4498);
#4500 = EDGE_CURVE('',#4487,#4489,#4499,.T.);
#4501 = ORIENTED_EDGE('',*,*,#4500,.T.);
#4502 = DIRECTION('',(0.,1.,0.));
#4503 = VECTOR('',#4502,1.);
#4504 = LINE('',#4490,#4503);
#4505 = EDGE_CURVE('',#4491,#4489,#4504,.T.);
#4506 = ORIENTED_EDGE('',*,*,#4505,.F.);
#4507 = DIRECTION('',(-1.,0.,0.));
#4508 = VECTOR('',#4507,1.);
#4509 = LINE('',#4484,#4508);
#4510 = EDGE_CURVE('',#4485,#4491,#4509,.T.);
#4511 = ORIENTED_EDGE('',*,*,#4510,.F.);
#4512 = CARTESIAN_POINT('',(-8.575000000000001,-0.315,0.));
#4513 = DIRECTION('',(0.,0.,1.));
#4514 = DIRECTION('',(0.,1.,0.));
#4515 = AXIS2_PLACEMENT_3D('',#4512,#4513,#4514);
#4516 = PLANE('',#4515);
#4517 = EDGE_LOOP('',(#4496,#4501,#4506,#4511));
#4518 = FACE_OUTER_BOUND('',#4517,.T.);
#4519 = ADVANCED_FACE('',(#4518),#4516,.T.);
#4520 = CARTESIAN_POINT('',(-9.205,0.315,-2.7));
#4521 = VERTEX_POINT('',#4520);
#4522 = CARTESIAN_POINT('',(-8.575000000000001,0.315,-2.7));
#4523 = VERTEX_POINT('',#4522);
#4524 = DIRECTION('',(0.,0.,1.));
#4525 = VECTOR('',#4524,1.);
#4526 = LINE('',#4520,#4525);
#4527 = EDGE_CURVE('',#4521,#4489,#4526,.T.);
#4528 = ORIENTED_EDGE('',*,*,#4527,.T.);
#4529 = ORIENTED_EDGE('',*,*,#4500,.F.);
#4530 = DIRECTION('',(0.,0.,1.));
#4531 = VECTOR('',#4530,1.);
#4532 = LINE('',#4522,#4531);
#4533 = EDGE_CURVE('',#4523,#4487,#4532,.T.);
#4534 = ORIENTED_EDGE('',*,*,#4533,.F.);
#4535 = DIRECTION('',(-1.,0.,0.));
#4536 = VECTOR('',#4535,1.);
#4537 = LINE('',#4522,#4536);
#4538 = EDGE_CURVE('',#4523,#4521,#4537,.T.);
#4539 = ORIENTED_EDGE('',*,*,#4538,.T.);
#4540 = CARTESIAN_POINT('',(-9.205,0.315,-2.7));
#4541 = DIRECTION('',(0.,1.,0.));
#4542 = DIRECTION('',(0.,0.,1.));
#4543 = AXIS2_PLACEMENT_3D('',#4540,#4541,#4542);
#4544 = PLANE('',#4543);
#4545 = EDGE_LOOP('',(#4528,#4529,#4534,#4539));
#4546 = FACE_OUTER_BOUND('',#4545,.T.);
#4547 = ADVANCED_FACE('',(#4546),#4544,.T.);
#4548 = CARTESIAN_POINT('',(-9.205,-0.315,-2.7));
#4549 = VERTEX_POINT('',#4548);
#4550 = DIRECTION('',(0.,1.,0.));
#4551 = VECTOR('',#4550,1.);
#4552 = LINE('',#4548,#4551);
#4553 = EDGE_CURVE('',#4549,#4521,#4552,.T.);
#4554 = ORIENTED_EDGE('',*,*,#4553,.F.);
#4555 = DIRECTION('',(0.,0.,1.));
#4556 = VECTOR('',#4555,1.);
#4557 = LINE('',#4548,#4556);
#4558 = EDGE_CURVE('',#4549,#4491,#4557,.T.);
#4559 = ORIENTED_EDGE('',*,*,#4558,.T.);
#4560 = ORIENTED_EDGE('',*,*,#4505,.T.);
#4561 = ORIENTED_EDGE('',*,*,#4527,.F.);
#4562 = CARTESIAN_POINT('',(-9.205,0.315,-2.7));
#4563 = DIRECTION('',(-1.,0.,0.));
#4564 = DIRECTION('',(0.,-1.,0.));
#4565 = AXIS2_PLACEMENT_3D('',#4562,#4563,#4564);
#4566 = PLANE('',#4565);
#4567 = EDGE_LOOP('',(#4554,#4559,#4560,#4561));
#4568 = FACE_OUTER_BOUND('',#4567,.T.);
#4569 = ADVANCED_FACE('',(#4568),#4566,.T.);
#4570 = CARTESIAN_POINT('',(-8.575000000000001,-0.315,-2.7));
#4571 = VERTEX_POINT('',#4570);
#4572 = DIRECTION('',(0.,1.,0.));
#4573 = VECTOR('',#4572,1.);
#4574 = LINE('',#4570,#4573);
#4575 = EDGE_CURVE('',#4571,#4523,#4574,.T.);
#4576 = ORIENTED_EDGE('',*,*,#4575,.T.);
#4577 = ORIENTED_EDGE('',*,*,#4533,.T.);
#4578 = ORIENTED_EDGE('',*,*,#4495,.F.);
#4579 = DIRECTION('',(0.,0.,1.));
#4580 = VECTOR('',#4579,1.);
#4581 = LINE('',#4570,#4580);
#4582 = EDGE_CURVE('',#4571,#4485,#4581,.T.);
#4583 = ORIENTED_EDGE('',*,*,#4582,.F.);
#4584 = CARTESIAN_POINT('',(-8.575000000000001,-0.315,-2.7));
#4585 = DIRECTION('',(1.,0.,0.));
#4586 = DIRECTION('',(0.,1.,0.));
#4587 = AXIS2_PLACEMENT_3D('',#4584,#4585,#4586);
#4588 = PLANE('',#4587);
#4589 = EDGE_LOOP('',(#4576,#4577,#4578,#4583));
#4590 = FACE_OUTER_BOUND('',#4589,.T.);
#4591 = ADVANCED_FACE('',(#4590),#4588,.T.);
#4592 = ORIENTED_EDGE('',*,*,#4582,.T.);
#4593 = ORIENTED_EDGE('',*,*,#4510,.T.);
#4594 = ORIENTED_EDGE('',*,*,#4558,.F.);
#4595 = DIRECTION('',(-1.,0.,0.));
#4596 = VECTOR('',#4595,1.);
#4597 = LINE('',#4570,#4596);
#4598 = EDGE_CURVE('',#4571,#4549,#4597,.T.);
#4599 = ORIENTED_EDGE('',*,*,#4598,.F.);
#4600 = CARTESIAN_POINT('',(-8.575000000000001,-0.315,-2.7));
#4601 = DIRECTION('',(0.,-1.,0.));
#4602 = DIRECTION('',(0.,0.,1.));
#4603 = AXIS2_PLACEMENT_3D('',#4600,#4601,#4602);
#4604 = PLANE('',#4603);
#4605 = EDGE_LOOP('',(#4592,#4593,#4594,#4599));
#4606 = FACE_OUTER_BOUND('',#4605,.T.);
#4607 = ADVANCED_FACE('',(#4606),#4604,.T.);
#4608 = CARTESIAN_POINT('',(-9.065000000000001,0.175,-3.));
#4609 = VERTEX_POINT('',#4608);
#4610 = CARTESIAN_POINT('',(-8.715,0.175,-3.));
#4611 = VERTEX_POINT('',#4610);
#4612 = DIRECTION('',(-0.3894904188522574,0.38949041885226077,0.8346223261119867));
#4613 = VECTOR('',#4612,1.);
#4614 = LINE('',#4608,#4613);
#4615 = EDGE_CURVE('',#4609,#4521,#4614,.T.);
#4616 = ORIENTED_EDGE('',*,*,#4615,.T.);
#4617 = ORIENTED_EDGE('',*,*,#4538,.F.);
#4618 = DIRECTION('',(-0.3894904188522574,-0.38949041885226077,-0.8346223261119867));
#4619 = VECTOR('',#4618,1.);
#4620 = LINE('',#4522,#4619);
#4621 = EDGE_CURVE('',#4523,#4611,#4620,.T.);
#4622 = ORIENTED_EDGE('',*,*,#4621,.T.);
#4623 = DIRECTION('',(-1.,0.,0.));
#4624 = VECTOR('',#4623,1.);
#4625 = LINE('',#4610,#4624);
#4626 = EDGE_CURVE('',#4611,#4609,#4625,.T.);
#4627 = ORIENTED_EDGE('',*,*,#4626,.T.);
#4628 = CARTESIAN_POINT('',(-9.065000000000001,0.175,-3.));
#4629 = DIRECTION('',(0.,0.9061831399952663,-0.42288546533112226));
#4630 = DIRECTION('',(-0.3894904188522574,0.38949041885226077,0.8346223261119867));
#4631 = AXIS2_PLACEMENT_3D('',#4628,#4629,#4630);
#4632 = PLANE('',#4631);
#4633 = EDGE_LOOP('',(#4616,#4617,#4622,#4627));
#4634 = FACE_OUTER_BOUND('',#4633,.T.);
#4635 = ADVANCED_FACE('',(#4634),#4632,.T.);
#4636 = CARTESIAN_POINT('',(-9.065000000000001,-0.175,-3.));
#4637 = VERTEX_POINT('',#4636);
#4638 = DIRECTION('',(0.,1.,0.));
#4639 = VECTOR('',#4638,1.);
#4640 = LINE('',#4636,#4639);
#4641 = EDGE_CURVE('',#4637,#4609,#4640,.T.);
#4642 = ORIENTED_EDGE('',*,*,#4641,.F.);
#4643 = DIRECTION('',(-0.3894904188522574,-0.38949041885226077,0.8346223261119867));
#4644 = VECTOR('',#4643,1.);
#4645 = LINE('',#4636,#4644);
#4646 = EDGE_CURVE('',#4637,#4549,#4645,.T.);
#4647 = ORIENTED_EDGE('',*,*,#4646,.T.);
#4648 = ORIENTED_EDGE('',*,*,#4553,.T.);
#4649 = ORIENTED_EDGE('',*,*,#4615,.F.);
#4650 = CARTESIAN_POINT('',(-9.065000000000001,0.175,-3.));
#4651 = DIRECTION('',(-0.9061831399952666,0.,-0.4228854653311212));
#4652 = DIRECTION('',(0.,-1.,0.));
#4653 = AXIS2_PLACEMENT_3D('',#4650,#4651,#4652);
#4654 = PLANE('',#4653);
#4655 = EDGE_LOOP('',(#4642,#4647,#4648,#4649));
#4656 = FACE_OUTER_BOUND('',#4655,.T.);
#4657 = ADVANCED_FACE('',(#4656),#4654,.T.);
#4658 = CARTESIAN_POINT('',(-8.715,-0.175,-3.));
#4659 = VERTEX_POINT('',#4658);
#4660 = DIRECTION('',(-1.,0.,0.));
#4661 = VECTOR('',#4660,1.);
#4662 = LINE('',#4658,#4661);
#4663 = EDGE_CURVE('',#4659,#4637,#4662,.T.);
#4664 = ORIENTED_EDGE('',*,*,#4663,.T.);
#4665 = ORIENTED_EDGE('',*,*,#4641,.T.);
#4666 = ORIENTED_EDGE('',*,*,#4626,.F.);
#4667 = DIRECTION('',(0.,1.,0.));
#4668 = VECTOR('',#4667,1.);
#4669 = LINE('',#4658,#4668);
#4670 = EDGE_CURVE('',#4659,#4611,#4669,.T.);
#4671 = ORIENTED_EDGE('',*,*,#4670,.F.);
#4672 = CARTESIAN_POINT('',(-8.715,-0.175,-3.));
#4673 = DIRECTION('',(0.,0.,-1.));
#4674 = DIRECTION('',(-1.,0.,0.));
#4675 = AXIS2_PLACEMENT_3D('',#4672,#4673,#4674);
#4676 = PLANE('',#4675);
#4677 = EDGE_LOOP('',(#4664,#4665,#4666,#4671));
#4678 = FACE_OUTER_BOUND('',#4677,.T.);
#4679 = ADVANCED_FACE('',(#4678),#4676,.T.);
#4680 = ORIENTED_EDGE('',*,*,#4670,.T.);
#4681 = ORIENTED_EDGE('',*,*,#4621,.F.);
#4682 = ORIENTED_EDGE('',*,*,#4575,.F.);
#4683 = DIRECTION('',(-0.3894904188522574,0.38949041885226077,-0.8346223261119867));
#4684 = VECTOR('',#4683,1.);
#4685 = LINE('',#4570,#4684);
#4686 = EDGE_CURVE('',#4571,#4659,#4685,.T.);
#4687 = ORIENTED_EDGE('',*,*,#4686,.T.);
#4688 = CARTESIAN_POINT('',(-8.715,-0.175,-3.));
#4689 = DIRECTION('',(0.9061831399952666,0.,-0.4228854653311212));
#4690 = DIRECTION('',(0.,1.,0.));
#4691 = AXIS2_PLACEMENT_3D('',#4688,#4689,#4690);
#4692 = PLANE('',#4691);
#4693 = EDGE_LOOP('',(#4680,#4681,#4682,#4687));
#4694 = FACE_OUTER_BOUND('',#4693,.T.);
#4695 = ADVANCED_FACE('',(#4694),#4692,.T.);
#4696 = ORIENTED_EDGE('',*,*,#4686,.F.);
#4697 = ORIENTED_EDGE('',*,*,#4598,.T.);
#4698 = ORIENTED_EDGE('',*,*,#4646,.F.);
#4699 = ORIENTED_EDGE('',*,*,#4663,.F.);
#4700 = CARTESIAN_POINT('',(-8.715,-0.175,-3.));
#4701 = DIRECTION('',(0.,-0.9061831399952663,-0.42288546533112226));
#4702 = DIRECTION('',(0.3894904188522574,-0.38949041885226077,0.8346223261119867));
#4703 = AXIS2_PLACEMENT_3D('',#4700,#4701,#4702);
#4704 = PLANE('',#4703);
#4705 = EDGE_LOOP('',(#4696,#4697,#4698,#4699));
#4706 = FACE_OUTER_BOUND('',#4705,.T.);
#4707 = ADVANCED_FACE('',(#4706),#4704,.T.);
#4708 = CLOSED_SHELL('',(#4519,#4547,#4569,#4591,#4607,#4635,#4657,#4679,#4695,#4707));
#4709 = MANIFOLD_SOLID_BREP('',#4708);
#4710 = CARTESIAN_POINT('',(-9.394,-0.504,0.));
#4711 = VERTEX_POINT('',#4710);
#4712 = CARTESIAN_POINT('',(-9.394,-0.504,0.504));
#4713 = VERTEX_POINT('',#4712);
#4714 = CARTESIAN_POINT('',(-9.394,0.504,0.504));
#4715 = VERTEX_POINT('',#4714);
#4716 = CARTESIAN_POINT('',(-9.394,0.504,0.));
#4717 = VERTEX_POINT('',#4716);
#4718 = DIRECTION('',(0.,0.,1.));
#4719 = VECTOR('',#4718,1.);
#4720 = LINE('',#4710,#4719);
#4721 = EDGE_CURVE('',#4711,#4713,#4720,.T.);
#4722 = ORIENTED_EDGE('',*,*,#4721,.T.);
#4723 = DIRECTION('',(0.,1.,0.));
#4724 = VECTOR('',#4723,1.);
#4725 = LINE('',#4712,#4724);
#4726 = EDGE_CURVE('',#4713,#4715,#4725,.T.);
#4727 = ORIENTED_EDGE('',*,*,#4726,.T.);
#4728 = DIRECTION('',(0.,0.,1.));
#4729 = VECTOR('',#4728,1.);
#4730 = LINE('',#4716,#4729);
#4731 = EDGE_CURVE('',#4717,#4715,#4730,.T.);
#4732 = ORIENTED_EDGE('',*,*,#4731,.F.);
#4733 = DIRECTION('',(0.,1.,0.));
#4734 = VECTOR('',#4733,1.);
#4735 = LINE('',#4710,#4734);
#4736 = EDGE_CURVE('',#4711,#4717,#4735,.T.);
#4737 = ORIENTED_EDGE('',*,*,#4736,.F.);
#4738 = CARTESIAN_POINT('',(-9.394,-0.504,0.));
#4739 = DIRECTION('',(-1.,0.,0.));
#4740 = DIRECTION('',(0.,0.,1.));
#4741 = AXIS2_PLACEMENT_3D('',#4738,#4739,#4740);
#4742 = PLANE('',#4741);
#4743 = EDGE_LOOP('',(#4722,#4727,#4732,#4737));
#4744 = FACE_OUTER_BOUND('',#4743,.T.);
#4745 = ADVANCED_FACE('',(#4744),#4742,.T.);
#4746 = CARTESIAN_POINT('',(-8.386000000000001,-0.504,0.));
#4747 = VERTEX_POINT('',#4746);
#4748 = CARTESIAN_POINT('',(-8.386000000000001,0.504,0.));
#4749 = VERTEX_POINT('',#4748);
#4750 = CARTESIAN_POINT('',(-8.386000000000001,0.504,0.504));
#4751 = VERTEX_POINT('',#4750);
#4752 = CARTESIAN_POINT('',(-8.386000000000001,-0.504,0.504));
#4753 = VERTEX_POINT('',#4752);
#4754 = DIRECTION('',(0.,1.,0.));
#4755 = VECTOR('',#4754,1.);
#4756 = LINE('',#4746,#4755);
#4757 = EDGE_CURVE('',#4747,#4749,#4756,.T.);
#4758 = ORIENTED_EDGE('',*,*,#4757,.T.);
#4759 = DIRECTION('',(0.,0.,1.));
#4760 = VECTOR('',#4759,1.);
#4761 = LINE('',#4748,#4760);
#4762 = EDGE_CURVE('',#4749,#4751,#4761,.T.);
#4763 = ORIENTED_EDGE('',*,*,#4762,.T.);
#4764 = DIRECTION('',(0.,1.,0.));
#4765 = VECTOR('',#4764,1.);
#4766 = LINE('',#4752,#4765);
#4767 = EDGE_CURVE('',#4753,#4751,#4766,.T.);
#4768 = ORIENTED_EDGE('',*,*,#4767,.F.);
#4769 = DIRECTION('',(0.,0.,1.));
#4770 = VECTOR('',#4769,1.);
#4771 = LINE('',#4746,#4770);
#4772 = EDGE_CURVE('',#4747,#4753,#4771,.T.);
#4773 = ORIENTED_EDGE('',*,*,#4772,.F.);
#4774 = CARTESIAN_POINT('',(-8.386000000000001,-0.504,0.));
#4775 = DIRECTION('',(1.,0.,0.));
#4776 = DIRECTION('',(0.,1.,0.));
#4777 = AXIS2_PLACEMENT_3D('',#4774,#4775,#4776);
#4778 = PLANE('',#4777);
#4779 = EDGE_LOOP('',(#4758,#4763,#4768,#4773));
#4780 = FACE_OUTER_BOUND('',#4779,.T.);
#4781 = ADVANCED_FACE('',(#4780),#4778,.T.);
#4782 = DIRECTION('',(-1.,0.,0.));
#4783 = VECTOR('',#4782,1.);
#4784 = LINE('',#4746,#4783);
#4785 = EDGE_CURVE('',#4747,#4711,#4784,.T.);
#4786 = ORIENTED_EDGE('',*,*,#4785,.F.);
#4787 = ORIENTED_EDGE('',*,*,#4772,.T.);
#4788 = DIRECTION('',(-1.,0.,0.));
#4789 = VECTOR('',#4788,1.);
#4790 = LINE('',#4752,#4789);
#4791 = EDGE_CURVE('',#4753,#4713,#4790,.T.);
#4792 = ORIENTED_EDGE('',*,*,#4791,.T.);
#4793 = ORIENTED_EDGE('',*,*,#4721,.F.);
#4794 = CARTESIAN_POINT('',(-9.394,-0.504,0.));
#4795 = DIRECTION('',(0.,-1.,0.));
#4796 = DIRECTION('',(1.,0.,0.));
#4797 = AXIS2_PLACEMENT_3D('',#4794,#4795,#4796);
#4798 = PLANE('',#4797);
#4799 = EDGE_LOOP('',(#4786,#4787,#4792,#4793));
#4800 = FACE_OUTER_BOUND('',#4799,.T.);
#4801 = ADVANCED_FACE('',(#4800),#4798,.T.);
#4802 = ORIENTED_EDGE('',*,*,#4731,.T.);
#4803 = DIRECTION('',(-1.,0.,0.));
#4804 = VECTOR('',#4803,1.);
#4805 = LINE('',#4750,#4804);
#4806 = EDGE_CURVE('',#4751,#4715,#4805,.T.);
#4807 = ORIENTED_EDGE('',*,*,#4806,.F.);
#4808 = ORIENTED_EDGE('',*,*,#4762,.F.);
#4809 = DIRECTION('',(-1.,0.,0.));
#4810 = VECTOR('',#4809,1.);
#4811 = LINE('',#4748,#4810);
#4812 = EDGE_CURVE('',#4749,#4717,#4811,.T.);
#4813 = ORIENTED_EDGE('',*,*,#4812,.T.);
#4814 = CARTESIAN_POINT('',(-9.394,0.504,0.));
#4815 = DIRECTION('',(0.,1.,0.));
#4816 = DIRECTION('',(0.,0.,1.));
#4817 = AXIS2_PLACEMENT_3D('',#4814,#4815,#4816);
#4818 = PLANE('',#4817);
#4819 = EDGE_LOOP('',(#4802,#4807,#4808,#4813));
#4820 = FACE_OUTER_BOUND('',#4819,.T.);
#4821 = ADVANCED_FACE('',(#4820),#4818,.T.);
#4822 = ORIENTED_EDGE('',*,*,#4736,.T.);
#4823 = ORIENTED_EDGE('',*,*,#4812,.F.);
#4824 = ORIENTED_EDGE('',*,*,#4757,.F.);
#4825 = ORIENTED_EDGE('',*,*,#4785,.T.);
#4826 = CARTESIAN_POINT('',(-9.394,-0.504,0.));
#4827 = DIRECTION('',(0.,0.,-1.));
#4828 = DIRECTION('',(0.,1.,0.));
#4829 = AXIS2_PLACEMENT_3D('',#4826,#4827,#4828);
#4830 = PLANE('',#4829);
#4831 = EDGE_LOOP('',(#4822,#4823,#4824,#4825));
#4832 = FACE_OUTER_BOUND('',#4831,.T.);
#4833 = ADVANCED_FACE('',(#4832),#4830,.T.);
#4834 = ORIENTED_EDGE('',*,*,#4791,.F.);
#4835 = ORIENTED_EDGE('',*,*,#4767,.T.);
#4836 = ORIENTED_EDGE('',*,*,#4806,.T.);
#4837 = ORIENTED_EDGE('',*,*,#4726,.F.);
#4838 = CARTESIAN_POINT('',(-9.394,-0.504,0.504));
#4839 = DIRECTION('',(0.,0.,1.));
#4840 = DIRECTION('',(1.,0.,0.));
#4841 = AXIS2_PLACEMENT_3D('',#4838,#4839,#4840);
#4842 = PLANE('',#4841);
#4843 = EDGE_LOOP('',(#4834,#4835,#4836,#4837));
#4844 = FACE_OUTER_BOUND('',#4843,.T.);
#4845 = ADVANCED_FACE('',(#4844),#4842,.T.);
#4846 = CLOSED_SHELL('',(#4745,#4781,#4801,#4821,#4833,#4845));
#4847 = MANIFOLD_SOLID_BREP('',#4846);
#4848 = CARTESIAN_POINT('',(-7.620000000000001,-1.27,0.));
#4849 = VERTEX_POINT('',#4848);
#4850 = CARTESIAN_POINT('',(-7.620000000000001,-1.27,5.));
#4851 = VERTEX_POINT('',#4850);
#4852 = CARTESIAN_POINT('',(-7.620000000000001,-0.8504999999999999,5.));
#4853 = VERTEX_POINT('',#4852);
#4854 = CARTESIAN_POINT('',(-7.620000000000001,0.8504999999999999,5.));
#4855 = VERTEX_POINT('',#4854);
#4856 = CARTESIAN_POINT('',(-7.620000000000001,1.27,5.));
#4857 = VERTEX_POINT('',#4856);
#4858 = CARTESIAN_POINT('',(-7.620000000000001,1.27,0.));
#4859 = VERTEX_POINT('',#4858);
#4860 = CARTESIAN_POINT('',(-7.620000000000001,0.4724999999999999,0.));
#4861 = VERTEX_POINT('',#4860);
#4862 = CARTESIAN_POINT('',(-7.620000000000001,-0.4724999999999999,0.));
#4863 = VERTEX_POINT('',#4862);
#4864 = DIRECTION('',(0.,0.,1.));
#4865 = VECTOR('',#4864,1.);
#4866 = LINE('',#4848,#4865);
#4867 = EDGE_CURVE('',#4849,#4851,#4866,.T.);
#4868 = ORIENTED_EDGE('',*,*,#4867,.T.);
#4869 = DIRECTION('',(0.,-1.,0.));
#4870 = VECTOR('',#4869,1.);
#4871 = LINE('',#4852,#4870);
#4872 = EDGE_CURVE('',#4853,#4851,#4871,.T.);
#4873 = ORIENTED_EDGE('',*,*,#4872,.F.);
#4874 = DIRECTION('',(0.,1.,0.));
#4875 = VECTOR('',#4874,1.);
#4876 = LINE('',#4852,#4875);
#4877 = EDGE_CURVE('',#4853,#4855,#4876,.T.);
#4878 = ORIENTED_EDGE('',*,*,#4877,.T.);
#4879 = DIRECTION('',(0.,1.,0.));
#4880 = VECTOR('',#4879,1.);
#4881 = LINE('',#4854,#4880);
#4882 = EDGE_CURVE('',#4855,#4857,#4881,.T.);
#4883 = ORIENTED_EDGE('',*,*,#4882,.T.);
#4884 = DIRECTION('',(0.,0.,1.));
#4885 = VECTOR('',#4884,1.);
#4886 = LINE('',#4858,#4885);
#4887 = EDGE_CURVE('',#4859,#4857,#4886,.T.);
#4888 = ORIENTED_EDGE('',*,*,#4887,.F.);
#4889 = DIRECTION('',(0.,1.,0.));
#4890 = VECTOR('',#4889,1.);
#4891 = LINE('',#4860,#4890);
#4892 = EDGE_CURVE('',#4861,#4859,#4891,.T.);
#4893 = ORIENTED_EDGE('',*,*,#4892,.F.);
#4894 = DIRECTION('',(0.,1.,0.));
#4895 = VECTOR('',#4894,1.);
#4896 = LINE('',#4862,#4895);
#4897 = EDGE_CURVE('',#4863,#4861,#4896,.T.);
#4898 = ORIENTED_EDGE('',*,*,#4897,.F.);
#4899 = DIRECTION('',(0.,-1.,0.));
#4900 = VECTOR('',#4899,1.);
#4901 = LINE('',#4862,#4900);
#4902 = EDGE_CURVE('',#4863,#4849,#4901,.T.);
#4903 = ORIENTED_EDGE('',*,*,#4902,.T.);
#4904 = CARTESIAN_POINT('',(-7.620000000000001,-1.27,0.));
#4905 = DIRECTION('',(-1.,0.,0.));
#4906 = DIRECTION('',(0.,0.,1.));
#4907 = AXIS2_PLACEMENT_3D('',#4904,#4905,#4906);
#4908 = PLANE('',#4907);
#4909 = EDGE_LOOP('',(#4868,#4873,#4878,#4883,#4888,#4893,#4898,#4903));
#4910 = FACE_OUTER_BOUND('',#4909,.T.);
#4911 = ADVANCED_FACE('',(#4910),#4908,.T.);
#4912 = CARTESIAN_POINT('',(-5.080000000000002,-1.27,0.));
#4913 = VERTEX_POINT('',#4912);
#4914 = CARTESIAN_POINT('',(-5.080000000000002,-0.4724999999999999,0.));
#4915 = VERTEX_POINT('',#4914);
#4916 = CARTESIAN_POINT('',(-5.080000000000002,0.4724999999999999,0.));
#4917 = VERTEX_POINT('',#4916);
#4918 = CARTESIAN_POINT('',(-5.080000000000002,1.27,0.));
#4919 = VERTEX_POINT('',#4918);
#4920 = CARTESIAN_POINT('',(-5.080000000000002,1.27,5.));
#4921 = VERTEX_POINT('',#4920);
#4922 = CARTESIAN_POINT('',(-5.080000000000002,0.8504999999999999,5.));
#4923 = VERTEX_POINT('',#4922);
#4924 = CARTESIAN_POINT('',(-5.080000000000002,-0.8504999999999999,5.));
#4925 = VERTEX_POINT('',#4924);
#4926 = CARTESIAN_POINT('',(-5.080000000000002,-1.27,5.));
#4927 = VERTEX_POINT('',#4926);
#4928 = DIRECTION('',(0.,-1.,0.));
#4929 = VECTOR('',#4928,1.);
#4930 = LINE('',#4914,#4929);
#4931 = EDGE_CURVE('',#4915,#4913,#4930,.T.);
#4932 = ORIENTED_EDGE('',*,*,#4931,.F.);
#4933 = DIRECTION('',(0.,1.,0.));
#4934 = VECTOR('',#4933,1.);
#4935 = LINE('',#4914,#4934);
#4936 = EDGE_CURVE('',#4915,#4917,#4935,.T.);
#4937 = ORIENTED_EDGE('',*,*,#4936,.T.);
#4938 = DIRECTION('',(0.,1.,0.));
#4939 = VECTOR('',#4938,1.);
#4940 = LINE('',#4916,#4939);
#4941 = EDGE_CURVE('',#4917,#4919,#4940,.T.);
#4942 = ORIENTED_EDGE('',*,*,#4941,.T.);
#4943 = DIRECTION('',(0.,0.,1.));
#4944 = VECTOR('',#4943,1.);
#4945 = LINE('',#4918,#4944);
#4946 = EDGE_CURVE('',#4919,#4921,#4945,.T.);
#4947 = ORIENTED_EDGE('',*,*,#4946,.T.);
#4948 = DIRECTION('',(0.,1.,0.));
#4949 = VECTOR('',#4948,1.);
#4950 = LINE('',#4922,#4949);
#4951 = EDGE_CURVE('',#4923,#4921,#4950,.T.);
#4952 = ORIENTED_EDGE('',*,*,#4951,.F.);
#4953 = DIRECTION('',(0.,1.,0.));
#4954 = VECTOR('',#4953,1.);
#4955 = LINE('',#4924,#4954);
#4956 = EDGE_CURVE('',#4925,#4923,#4955,.T.);
#4957 = ORIENTED_EDGE('',*,*,#4956,.F.);
#4958 = DIRECTION('',(0.,-1.,0.));
#4959 = VECTOR('',#4958,1.);
#4960 = LINE('',#4924,#4959);
#4961 = EDGE_CURVE('',#4925,#4927,#4960,.T.);
#4962 = ORIENTED_EDGE('',*,*,#4961,.T.);
#4963 = DIRECTION('',(0.,0.,1.));
#4964 = VECTOR('',#4963,1.);
#4965 = LINE('',#4912,#4964);
#4966 = EDGE_CURVE('',#4913,#4927,#4965,.T.);
#4967 = ORIENTED_EDGE('',*,*,#4966,.F.);
#4968 = CARTESIAN_POINT('',(-5.080000000000002,-1.27,0.));
#4969 = DIRECTION('',(1.,0.,0.));
#4970 = DIRECTION('',(0.,1.,0.));
#4971 = AXIS2_PLACEMENT_3D('',#4968,#4969,#4970);
#4972 = PLANE('',#4971);
#4973 = EDGE_LOOP('',(#4932,#4937,#4942,#4947,#4952,#4957,#4962,#4967));
#4974 = FACE_OUTER_BOUND('',#4973,.T.);
#4975 = ADVANCED_FACE('',(#4974),#4972,.T.);
#4976 = DIRECTION('',(-1.,0.,0.));
#4977 = VECTOR('',#4976,1.);
#4978 = LINE('',#4912,#4977);
#4979 = EDGE_CURVE('',#4913,#4849,#4978,.T.);
#4980 = ORIENTED_EDGE('',*,*,#4979,.F.);
#4981 = ORIENTED_EDGE('',*,*,#4966,.T.);
#4982 = DIRECTION('',(-1.,0.,0.));
#4983 = VECTOR('',#4982,1.);
#4984 = LINE('',#4926,#4983);
#4985 = EDGE_CURVE('',#4927,#4851,#4984,.T.);
#4986 = ORIENTED_EDGE('',*,*,#4985,.T.);
#4987 = ORIENTED_EDGE('',*,*,#4867,.F.);
#4988 = CARTESIAN_POINT('',(-7.620000000000001,-1.27,0.));
#4989 = DIRECTION('',(0.,-1.,0.));
#4990 = DIRECTION('',(1.,0.,0.));
#4991 = AXIS2_PLACEMENT_3D('',#4988,#4989,#4990);
#4992 = PLANE('',#4991);
#4993 = EDGE_LOOP('',(#4980,#4981,#4986,#4987));
#4994 = FACE_OUTER_BOUND('',#4993,.T.);
#4995 = ADVANCED_FACE('',(#4994),#4992,.T.);
#4996 = ORIENTED_EDGE('',*,*,#4887,.T.);
#4997 = DIRECTION('',(-1.,0.,0.));
#4998 = VECTOR('',#4997,1.);
#4999 = LINE('',#4920,#4998);
#5000 = EDGE_CURVE('',#4921,#4857,#4999,.T.);
#5001 = ORIENTED_EDGE('',*,*,#5000,.F.);
#5002 = ORIENTED_EDGE('',*,*,#4946,.F.);
#5003 = DIRECTION('',(-1.,0.,0.));
#5004 = VECTOR('',#5003,1.);
#5005 = LINE('',#4918,#5004);
#5006 = EDGE_CURVE('',#4919,#4859,#5005,.T.);
#5007 = ORIENTED_EDGE('',*,*,#5006,.T.);
#5008 = CARTESIAN_POINT('',(-7.620000000000001,1.27,0.));
#5009 = DIRECTION('',(0.,1.,0.));
#5010 = DIRECTION('',(0.,0.,1.));
#5011 = AXIS2_PLACEMENT_3D('',#5008,#5009,#5010);
#5012 = PLANE('',#5011);
#5013 = EDGE_LOOP('',(#4996,#5001,#5002,#5007));
#5014 = FACE_OUTER_BOUND('',#5013,.T.);
#5015 = ADVANCED_FACE('',(#5014),#5012,.T.);
#5016 = CARTESIAN_POINT('',(-5.877500000000001,0.4725,0.));
#5017 = VERTEX_POINT('',#5016);
#5018 = CARTESIAN_POINT('',(-6.822500000000002,0.4725,0.));
#5019 = VERTEX_POINT('',#5018);
#5020 = ORIENTED_EDGE('',*,*,#4941,.F.);
#5021 = DIRECTION('',(-1.,0.,0.));
#5022 = VECTOR('',#5021,1.);
#5023 = LINE('',#4916,#5022);
#5024 = EDGE_CURVE('',#4917,#5017,#5023,.T.);
#5025 = ORIENTED_EDGE('',*,*,#5024,.T.);
#5026 = DIRECTION('',(-1.,0.,0.));
#5027 = VECTOR('',#5026,1.);
#5028 = LINE('',#5016,#5027);
#5029 = EDGE_CURVE('',#5017,#5019,#5028,.T.);
#5030 = ORIENTED_EDGE('',*,*,#5029,.T.);
#5031 = DIRECTION('',(-1.,0.,0.));
#5032 = VECTOR('',#5031,1.);
#5033 = LINE('',#5018,#5032);
#5034 = EDGE_CURVE('',#5019,#4861,#5033,.T.);
#5035 = ORIENTED_EDGE('',*,*,#5034,.T.);
#5036 = ORIENTED_EDGE('',*,*,#4892,.T.);
#5037 = ORIENTED_EDGE('',*,*,#5006,.F.);
#5038 = CARTESIAN_POINT('',(-5.080000000000002,1.27,0.));
#5039 = DIRECTION('',(0.,0.,-1.));
#5040 = DIRECTION('',(0.,-1.,0.));
#5041 = AXIS2_PLACEMENT_3D('',#5038,#5039,#5040);
#5042 = PLANE('',#5041);
#5043 = EDGE_LOOP('',(#5020,#5025,#5030,#5035,#5036,#5037));
#5044 = FACE_OUTER_BOUND('',#5043,.T.);
#5045 = ADVANCED_FACE('',(#5044),#5042,.T.);
#5046 = CARTESIAN_POINT('',(-6.822500000000002,-0.4724999999999999,0.));
#5047 = VERTEX_POINT('',#5046);
#5048 = DIRECTION('',(0.,1.,0.));
#5049 = VECTOR('',#5048,1.);
#5050 = LINE('',#5046,#5049);
#5051 = EDGE_CURVE('',#5047,#5019,#5050,.T.);
#5052 = ORIENTED_EDGE('',*,*,#5051,.F.);
#5053 = DIRECTION('',(-1.,0.,0.));
#5054 = VECTOR('',#5053,1.);
#5055 = LINE('',#5046,#5054);
#5056 = EDGE_CURVE('',#5047,#4863,#5055,.T.);
#5057 = ORIENTED_EDGE('',*,*,#5056,.T.);
#5058 = ORIENTED_EDGE('',*,*,#4897,.T.);
#5059 = ORIENTED_EDGE('',*,*,#5034,.F.);
#5060 = CARTESIAN_POINT('',(-6.822500000000002,0.4724999999999999,0.));
#5061 = DIRECTION('',(0.,0.,-1.));
#5062 = DIRECTION('',(0.,-1.,0.));
#5063 = AXIS2_PLACEMENT_3D('',#5060,#5061,#5062);
#5064 = PLANE('',#5063);
#5065 = EDGE_LOOP('',(#5052,#5057,#5058,#5059));
#5066 = FACE_OUTER_BOUND('',#5065,.T.);
#5067 = ADVANCED_FACE('',(#5066),#5064,.T.);
#5068 = CARTESIAN_POINT('',(-5.877500000000001,-0.4724999999999999,0.));
#5069 = VERTEX_POINT('',#5068);
#5070 = ORIENTED_EDGE('',*,*,#4936,.F.);
#5071 = DIRECTION('',(-1.,0.,0.));
#5072 = VECTOR('',#5071,1.);
#5073 = LINE('',#4914,#5072);
#5074 = EDGE_CURVE('',#4915,#5069,#5073,.T.);
#5075 = ORIENTED_EDGE('',*,*,#5074,.T.);
#5076 = DIRECTION('',(0.,1.,0.));
#5077 = VECTOR('',#5076,1.);
#5078 = LINE('',#5068,#5077);
#5079 = EDGE_CURVE('',#5069,#5017,#5078,.T.);
#5080 = ORIENTED_EDGE('',*,*,#5079,.T.);
#5081 = ORIENTED_EDGE('',*,*,#5024,.F.);
#5082 = CARTESIAN_POINT('',(-5.080000000000002,0.4724999999999999,0.));
#5083 = DIRECTION('',(0.,0.,-1.));
#5084 = DIRECTION('',(0.,-1.,0.));
#5085 = AXIS2_PLACEMENT_3D('',#5082,#5083,#5084);
#5086 = PLANE('',#5085);
#5087 = EDGE_LOOP('',(#5070,#5075,#5080,#5081));
#5088 = FACE_OUTER_BOUND('',#5087,.T.);
#5089 = ADVANCED_FACE('',(#5088),#5086,.T.);
#5090 = ORIENTED_EDGE('',*,*,#4931,.T.);
#5091 = ORIENTED_EDGE('',*,*,#4979,.T.);
#5092 = ORIENTED_EDGE('',*,*,#4902,.F.);
#5093 = ORIENTED_EDGE('',*,*,#5056,.F.);
#5094 = DIRECTION('',(-1.,0.,0.));
#5095 = VECTOR('',#5094,1.);
#5096 = LINE('',#5068,#5095);
#5097 = EDGE_CURVE('',#5069,#5047,#5096,.T.);
#5098 = ORIENTED_EDGE('',*,*,#5097,.F.);
#5099 = ORIENTED_EDGE('',*,*,#5074,.F.);
#5100 = CARTESIAN_POINT('',(-5.080000000000002,-0.4724999999999999,0.));
#5101 = DIRECTION('',(0.,0.,-1.));
#5102 = DIRECTION('',(0.,-1.,0.));
#5103 = AXIS2_PLACEMENT_3D('',#5100,#5101,#5102);
#5104 = PLANE('',#5103);
#5105 = EDGE_LOOP('',(#5090,#5091,#5092,#5093,#5098,#5099));
#5106 = FACE_OUTER_BOUND('',#5105,.T.);
#5107 = ADVANCED_FACE('',(#5106),#5104,.T.);
#5108 = CARTESIAN_POINT('',(-7.200500000000002,-0.8504999999999999,4.995));
#5109 = VERTEX_POINT('',#5108);
#5110 = CARTESIAN_POINT('',(-5.499500000000001,-0.8504999999999999,4.995));
#5111 = VERTEX_POINT('',#5110);
#5112 = CARTESIAN_POINT('',(-5.877500000000001,-0.4725,4.3854));
#5113 = VERTEX_POINT('',#5112);
#5114 = CARTESIAN_POINT('',(-6.822500000000002,-0.4725,4.3854));
#5115 = VERTEX_POINT('',#5114);
#5116 = DIRECTION('',(-1.,0.,0.));
#5117 = VECTOR('',#5116,1.);
#5118 = LINE('',#5110,#5117);
#5119 = EDGE_CURVE('',#5111,#5109,#5118,.T.);
#5120 = ORIENTED_EDGE('',*,*,#5119,.F.);
#5121 = DIRECTION('',(-0.46621205975657015,0.46621205975656993,-0.7518594487502784));
#5122 = VECTOR('',#5121,1.);
#5123 = LINE('',#5110,#5122);
#5124 = EDGE_CURVE('',#5111,#5113,#5123,.T.);
#5125 = ORIENTED_EDGE('',*,*,#5124,.T.);
#5126 = DIRECTION('',(-1.,0.,0.));
#5127 = VECTOR('',#5126,1.);
#5128 = LINE('',#5112,#5127);
#5129 = EDGE_CURVE('',#5113,#5115,#5128,.T.);
#5130 = ORIENTED_EDGE('',*,*,#5129,.T.);
#5131 = DIRECTION('',(-0.46621205975657015,-0.46621205975656993,0.7518594487502784));
#5132 = VECTOR('',#5131,1.);
#5133 = LINE('',#5114,#5132);
#5134 = EDGE_CURVE('',#5115,#5109,#5133,.T.);
#5135 = ORIENTED_EDGE('',*,*,#5134,.T.);
#5136 = CARTESIAN_POINT('',(-7.200500000000002,-0.8504999999999999,4.995));
#5137 = DIRECTION('',(0.,0.849872720784639,0.5269880059983483));
#5138 = DIRECTION('',(1.,0.,0.));
#5139 = AXIS2_PLACEMENT_3D('',#5136,#5137,#5138);
#5140 = PLANE('',#5139);
#5141 = EDGE_LOOP('',(#5120,#5125,#5130,#5135));
#5142 = FACE_OUTER_BOUND('',#5141,.T.);
#5143 = ADVANCED_FACE('',(#5142),#5140,.T.);
#5144 = CARTESIAN_POINT('',(-6.822500000000002,0.4725,4.3854));
#5145 = VERTEX_POINT('',#5144);
#5146 = CARTESIAN_POINT('',(-7.200500000000002,0.8504999999999999,4.995));
#5147 = VERTEX_POINT('',#5146);
#5148 = DIRECTION('',(-0.46621205975657015,0.46621205975656993,0.7518594487502784));
#5149 = VECTOR('',#5148,1.);
#5150 = LINE('',#5144,#5149);
#5151 = EDGE_CURVE('',#5145,#5147,#5150,.T.);
#5152 = ORIENTED_EDGE('',*,*,#5151,.T.);
#5153 = DIRECTION('',(0.,1.,0.));
#5154 = VECTOR('',#5153,1.);
#5155 = LINE('',#5108,#5154);
#5156 = EDGE_CURVE('',#5109,#5147,#5155,.T.);
#5157 = ORIENTED_EDGE('',*,*,#5156,.F.);
#5158 = ORIENTED_EDGE('',*,*,#5134,.F.);
#5159 = DIRECTION('',(0.,1.,0.));
#5160 = VECTOR('',#5159,1.);
#5161 = LINE('',#5114,#5160);
#5162 = EDGE_CURVE('',#5115,#5145,#5161,.T.);
#5163 = ORIENTED_EDGE('',*,*,#5162,.T.);
#5164 = CARTESIAN_POINT('',(-6.822500000000002,0.4725,4.3854));
#5165 = DIRECTION('',(0.8498727207846386,0.,0.5269880059983487));
#5166 = DIRECTION('',(-0.46621205975657015,0.46621205975656993,0.7518594487502784));
#5167 = AXIS2_PLACEMENT_3D('',#5164,#5165,#5166);
#5168 = PLANE('',#5167);
#5169 = EDGE_LOOP('',(#5152,#5157,#5158,#5163));
#5170 = FACE_OUTER_BOUND('',#5169,.T.);
#5171 = ADVANCED_FACE('',(#5170),#5168,.T.);
#5172 = CARTESIAN_POINT('',(-5.499500000000001,0.8504999999999999,4.995));
#5173 = VERTEX_POINT('',#5172);
#5174 = CARTESIAN_POINT('',(-5.877500000000001,0.4725,4.3854));
#5175 = VERTEX_POINT('',#5174);
#5176 = DIRECTION('',(-1.,0.,0.));
#5177 = VECTOR('',#5176,1.);
#5178 = LINE('',#5172,#5177);
#5179 = EDGE_CURVE('',#5173,#5147,#5178,.T.);
#5180 = ORIENTED_EDGE('',*,*,#5179,.T.);
#5181 = ORIENTED_EDGE('',*,*,#5151,.F.);
#5182 = DIRECTION('',(-1.,0.,0.));
#5183 = VECTOR('',#5182,1.);
#5184 = LINE('',#5174,#5183);
#5185 = EDGE_CURVE('',#5175,#5145,#5184,.T.);
#5186 = ORIENTED_EDGE('',*,*,#5185,.F.);
#5187 = DIRECTION('',(-0.46621205975657015,-0.46621205975656993,-0.7518594487502784));
#5188 = VECTOR('',#5187,1.);
#5189 = LINE('',#5172,#5188);
#5190 = EDGE_CURVE('',#5173,#5175,#5189,.T.);
#5191 = ORIENTED_EDGE('',*,*,#5190,.F.);
#5192 = CARTESIAN_POINT('',(-5.499500000000001,0.8504999999999999,4.995));
#5193 = DIRECTION('',(0.,-0.849872720784639,0.5269880059983483));
#5194 = DIRECTION('',(-1.,0.,0.));
#5195 = AXIS2_PLACEMENT_3D('',#5192,#5193,#5194);
#5196 = PLANE('',#5195);
#5197 = EDGE_LOOP('',(#5180,#5181,#5186,#5191));
#5198 = FACE_OUTER_BOUND('',#5197,.T.);
#5199 = ADVANCED_FACE('',(#5198),#5196,.T.);
#5200 = ORIENTED_EDGE('',*,*,#5124,.F.);
#5201 = DIRECTION('',(0.,1.,0.));
#5202 = VECTOR('',#5201,1.);
#5203 = LINE('',#5110,#5202);
#5204 = EDGE_CURVE('',#5111,#5173,#5203,.T.);
#5205 = ORIENTED_EDGE('',*,*,#5204,.T.);
#5206 = ORIENTED_EDGE('',*,*,#5190,.T.);
#5207 = DIRECTION('',(0.,1.,0.));
#5208 = VECTOR('',#5207,1.);
#5209 = LINE('',#5112,#5208);
#5210 = EDGE_CURVE('',#5113,#5175,#5209,.T.);
#5211 = ORIENTED_EDGE('',*,*,#5210,.F.);
#5212 = CARTESIAN_POINT('',(-5.877500000000001,-0.4725,4.3854));
#5213 = DIRECTION('',(-0.8498727207846386,0.,0.5269880059983487));
#5214 = DIRECTION('',(0.46621205975657015,-0.46621205975656993,0.7518594487502784));
#5215 = AXIS2_PLACEMENT_3D('',#5212,#5213,#5214);
#5216 = PLANE('',#5215);
#5217 = EDGE_LOOP('',(#5200,#5205,#5206,#5211));
#5218 = FACE_OUTER_BOUND('',#5217,.T.);
#5219 = ADVANCED_FACE('',(#5218),#5216,.T.);
#5220 = CARTESIAN_POINT('',(-5.499500000000001,-0.8504999999999999,5.));
#5221 = VERTEX_POINT('',#5220);
#5222 = CARTESIAN_POINT('',(-7.200500000000002,-0.8504999999999999,5.));
#5223 = VERTEX_POINT('',#5222);
#5224 = DIRECTION('',(0.,0.,1.));
#5225 = VECTOR('',#5224,1.);
#5226 = LINE('',#5110,#5225);
#5227 = EDGE_CURVE('',#5111,#5221,#5226,.T.);
#5228 = ORIENTED_EDGE('',*,*,#5227,.F.);
#5229 = ORIENTED_EDGE('',*,*,#5119,.T.);
#5230 = DIRECTION('',(0.,0.,1.));
#5231 = VECTOR('',#5230,1.);
#5232 = LINE('',#5108,#5231);
#5233 = EDGE_CURVE('',#5109,#5223,#5232,.T.);
#5234 = ORIENTED_EDGE('',*,*,#5233,.T.);
#5235 = DIRECTION('',(-1.,0.,0.));
#5236 = VECTOR('',#5235,1.);
#5237 = LINE('',#5220,#5236);
#5238 = EDGE_CURVE('',#5221,#5223,#5237,.T.);
#5239 = ORIENTED_EDGE('',*,*,#5238,.F.);
#5240 = CARTESIAN_POINT('',(-5.499500000000001,-0.8504999999999999,5.));
#5241 = DIRECTION('',(0.,1.,0.));
#5242 = DIRECTION('',(0.,0.,-1.));
#5243 = AXIS2_PLACEMENT_3D('',#5240,#5241,#5242);
#5244 = PLANE('',#5243);
#5245 = EDGE_LOOP('',(#5228,#5229,#5234,#5239));
#5246 = FACE_OUTER_BOUND('',#5245,.T.);
#5247 = ADVANCED_FACE('',(#5246),#5244,.T.);
#5248 = CARTESIAN_POINT('',(-7.200500000000002,0.8504999999999999,5.));
#5249 = VERTEX_POINT('',#5248);
#5250 = ORIENTED_EDGE('',*,*,#5233,.F.);
#5251 = ORIENTED_EDGE('',*,*,#5156,.T.);
#5252 = DIRECTION('',(0.,0.,1.));
#5253 = VECTOR('',#5252,1.);
#5254 = LINE('',#5146,#5253);
#5255 = EDGE_CURVE('',#5147,#5249,#5254,.T.);
#5256 = ORIENTED_EDGE('',*,*,#5255,.T.);
#5257 = DIRECTION('',(0.,1.,0.));
#5258 = VECTOR('',#5257,1.);
#5259 = LINE('',#5222,#5258);
#5260 = EDGE_CURVE('',#5223,#5249,#5259,.T.);
#5261 = ORIENTED_EDGE('',*,*,#5260,.F.);
#5262 = CARTESIAN_POINT('',(-7.200500000000002,-0.8504999999999999,5.));
#5263 = DIRECTION('',(1.,0.,0.));
#5264 = DIRECTION('',(0.,0.,-1.));
#5265 = AXIS2_PLACEMENT_3D('',#5262,#5263,#5264);
#5266 = PLANE('',#5265);
#5267 = EDGE_LOOP('',(#5250,#5251,#5256,#5261));
#5268 = FACE_OUTER_BOUND('',#5267,.T.);
#5269 = ADVANCED_FACE('',(#5268),#5266,.T.);
#5270 = CARTESIAN_POINT('',(-5.499500000000001,0.8504999999999999,5.));
#5271 = VERTEX_POINT('',#5270);
#5272 = DIRECTION('',(0.,0.,1.));
#5273 = VECTOR('',#5272,1.);
#5274 = LINE('',#5172,#5273);
#5275 = EDGE_CURVE('',#5173,#5271,#5274,.T.);
#5276 = ORIENTED_EDGE('',*,*,#5275,.F.);
#5277 = ORIENTED_EDGE('',*,*,#5204,.F.);
#5278 = ORIENTED_EDGE('',*,*,#5227,.T.);
#5279 = DIRECTION('',(0.,1.,0.));
#5280 = VECTOR('',#5279,1.);
#5281 = LINE('',#5220,#5280);
#5282 = EDGE_CURVE('',#5221,#5271,#5281,.T.);
#5283 = ORIENTED_EDGE('',*,*,#5282,.T.);
#5284 = CARTESIAN_POINT('',(-5.499500000000001,0.8504999999999999,5.));
#5285 = DIRECTION('',(-1.,0.,0.));
#5286 = DIRECTION('',(0.,0.,-1.));
#5287 = AXIS2_PLACEMENT_3D('',#5284,#5285,#5286);
#5288 = PLANE('',#5287);
#5289 = EDGE_LOOP('',(#5276,#5277,#5278,#5283));
#5290 = FACE_OUTER_BOUND('',#5289,.T.);
#5291 = ADVANCED_FACE('',(#5290),#5288,.T.);
#5292 = ORIENTED_EDGE('',*,*,#5255,.F.);
#5293 = ORIENTED_EDGE('',*,*,#5179,.F.);
#5294 = ORIENTED_EDGE('',*,*,#5275,.T.);
#5295 = DIRECTION('',(-1.,0.,0.));
#5296 = VECTOR('',#5295,1.);
#5297 = LINE('',#5270,#5296);
#5298 = EDGE_CURVE('',#5271,#5249,#5297,.T.);
#5299 = ORIENTED_EDGE('',*,*,#5298,.T.);
#5300 = CARTESIAN_POINT('',(-7.200500000000002,0.8504999999999999,5.));
#5301 = DIRECTION('',(0.,-1.,0.));
#5302 = DIRECTION('',(0.,0.,-1.));
#5303 = AXIS2_PLACEMENT_3D('',#5300,#5301,#5302);
#5304 = PLANE('',#5303);
#5305 = EDGE_LOOP('',(#5292,#5293,#5294,#5299));
#5306 = FACE_OUTER_BOUND('',#5305,.T.);
#5307 = ADVANCED_FACE('',(#5306),#5304,.T.);
#5308 = DIRECTION('',(0.,0.,1.));
#5309 = VECTOR('',#5308,1.);
#5310 = LINE('',#5046,#5309);
#5311 = EDGE_CURVE('',#5047,#5115,#5310,.T.);
#5312 = ORIENTED_EDGE('',*,*,#5311,.F.);
#5313 = ORIENTED_EDGE('',*,*,#5051,.T.);
#5314 = DIRECTION('',(0.,0.,1.));
#5315 = VECTOR('',#5314,1.);
#5316 = LINE('',#5018,#5315);
#5317 = EDGE_CURVE('',#5019,#5145,#5316,.T.);
#5318 = ORIENTED_EDGE('',*,*,#5317,.T.);
#5319 = ORIENTED_EDGE('',*,*,#5162,.F.);
#5320 = CARTESIAN_POINT('',(-6.822500000000002,-0.4725,4.385399999999999));
#5321 = DIRECTION('',(1.,0.,0.));
#5322 = DIRECTION('',(0.,0.,-1.));
#5323 = AXIS2_PLACEMENT_3D('',#5320,#5321,#5322);
#5324 = PLANE('',#5323);
#5325 = EDGE_LOOP('',(#5312,#5313,#5318,#5319));
#5326 = FACE_OUTER_BOUND('',#5325,.T.);
#5327 = ADVANCED_FACE('',(#5326),#5324,.T.);
#5328 = ORIENTED_EDGE('',*,*,#5210,.T.);
#5329 = DIRECTION('',(0.,0.,1.));
#5330 = VECTOR('',#5329,1.);
#5331 = LINE('',#5016,#5330);
#5332 = EDGE_CURVE('',#5017,#5175,#5331,.T.);
#5333 = ORIENTED_EDGE('',*,*,#5332,.F.);
#5334 = ORIENTED_EDGE('',*,*,#5079,.F.);
#5335 = DIRECTION('',(0.,0.,1.));
#5336 = VECTOR('',#5335,1.);
#5337 = LINE('',#5068,#5336);
#5338 = EDGE_CURVE('',#5069,#5113,#5337,.T.);
#5339 = ORIENTED_EDGE('',*,*,#5338,.T.);
#5340 = CARTESIAN_POINT('',(-5.877500000000001,-0.4725,4.385400000000001));
#5341 = DIRECTION('',(-1.,0.,0.));
#5342 = DIRECTION('',(0.,1.,0.));
#5343 = AXIS2_PLACEMENT_3D('',#5340,#5341,#5342);
#5344 = PLANE('',#5343);
#5345 = EDGE_LOOP('',(#5328,#5333,#5334,#5339));
#5346 = FACE_OUTER_BOUND('',#5345,.T.);
#5347 = ADVANCED_FACE('',(#5346),#5344,.T.);
#5348 = ORIENTED_EDGE('',*,*,#5338,.F.);
#5349 = ORIENTED_EDGE('',*,*,#5097,.T.);
#5350 = ORIENTED_EDGE('',*,*,#5311,.T.);
#5351 = ORIENTED_EDGE('',*,*,#5129,.F.);
#5352 = CARTESIAN_POINT('',(-5.877500000000001,-0.4725,4.385399999999999));
#5353 = DIRECTION('',(0.,1.,0.));
#5354 = DIRECTION('',(0.,0.,-1.));
#5355 = AXIS2_PLACEMENT_3D('',#5352,#5353,#5354);
#5356 = PLANE('',#5355);
#5357 = EDGE_LOOP('',(#5348,#5349,#5350,#5351));
#5358 = FACE_OUTER_BOUND('',#5357,.T.);
#5359 = ADVANCED_FACE('',(#5358),#5356,.T.);
#5360 = ORIENTED_EDGE('',*,*,#5317,.F.);
#5361 = ORIENTED_EDGE('',*,*,#5029,.F.);
#5362 = ORIENTED_EDGE('',*,*,#5332,.T.);
#5363 = ORIENTED_EDGE('',*,*,#5185,.T.);
#5364 = CARTESIAN_POINT('',(-6.822500000000002,0.4725,4.385400000000001));
#5365 = DIRECTION('',(0.,-1.,0.));
#5366 = DIRECTION('',(0.,0.,-1.));
#5367 = AXIS2_PLACEMENT_3D('',#5364,#5365,#5366);
#5368 = PLANE('',#5367);
#5369 = EDGE_LOOP('',(#5360,#5361,#5362,#5363));
#5370 = FACE_OUTER_BOUND('',#5369,.T.);
#5371 = ADVANCED_FACE('',(#5370),#5368,.T.);
#5372 = ORIENTED_EDGE('',*,*,#4882,.F.);
#5373 = DIRECTION('',(-1.,0.,0.));
#5374 = VECTOR('',#5373,1.);
#5375 = LINE('',#5248,#5374);
#5376 = EDGE_CURVE('',#5249,#4855,#5375,.T.);
#5377 = ORIENTED_EDGE('',*,*,#5376,.F.);
#5378 = ORIENTED_EDGE('',*,*,#5298,.F.);
#5379 = DIRECTION('',(-1.,0.,0.));
#5380 = VECTOR('',#5379,1.);
#5381 = LINE('',#4922,#5380);
#5382 = EDGE_CURVE('',#4923,#5271,#5381,.T.);
#5383 = ORIENTED_EDGE('',*,*,#5382,.F.);
#5384 = ORIENTED_EDGE('',*,*,#4951,.T.);
#5385 = ORIENTED_EDGE('',*,*,#5000,.T.);
#5386 = CARTESIAN_POINT('',(-7.620000000000001,1.27,5.));
#5387 = DIRECTION('',(0.,0.,1.));
#5388 = DIRECTION('',(0.,-1.,0.));
#5389 = AXIS2_PLACEMENT_3D('',#5386,#5387,#5388);
#5390 = PLANE('',#5389);
#5391 = EDGE_LOOP('',(#5372,#5377,#5378,#5383,#5384,#5385));
#5392 = FACE_OUTER_BOUND('',#5391,.T.);
#5393 = ADVANCED_FACE('',(#5392),#5390,.T.);
#5394 = ORIENTED_EDGE('',*,*,#5282,.F.);
#5395 = DIRECTION('',(-1.,0.,0.));
#5396 = VECTOR('',#5395,1.);
#5397 = LINE('',#4924,#5396);
#5398 = EDGE_CURVE('',#4925,#5221,#5397,.T.);
#5399 = ORIENTED_EDGE('',*,*,#5398,.F.);
#5400 = ORIENTED_EDGE('',*,*,#4956,.T.);
#5401 = ORIENTED_EDGE('',*,*,#5382,.T.);
#5402 = CARTESIAN_POINT('',(-5.499500000000001,0.8504999999999999,5.));
#5403 = DIRECTION('',(0.,0.,1.));
#5404 = DIRECTION('',(0.,-1.,0.));
#5405 = AXIS2_PLACEMENT_3D('',#5402,#5403,#5404);
#5406 = PLANE('',#5405);
#5407 = EDGE_LOOP('',(#5394,#5399,#5400,#5401));
#5408 = FACE_OUTER_BOUND('',#5407,.T.);
#5409 = ADVANCED_FACE('',(#5408),#5406,.T.);
#5410 = ORIENTED_EDGE('',*,*,#4877,.F.);
#5411 = DIRECTION('',(-1.,0.,0.));
#5412 = VECTOR('',#5411,1.);
#5413 = LINE('',#5222,#5412);
#5414 = EDGE_CURVE('',#5223,#4853,#5413,.T.);
#5415 = ORIENTED_EDGE('',*,*,#5414,.F.);
#5416 = ORIENTED_EDGE('',*,*,#5260,.T.);
#5417 = ORIENTED_EDGE('',*,*,#5376,.T.);
#5418 = CARTESIAN_POINT('',(-7.620000000000001,0.8504999999999999,5.));
#5419 = DIRECTION('',(0.,0.,1.));
#5420 = DIRECTION('',(0.,-1.,0.));
#5421 = AXIS2_PLACEMENT_3D('',#5418,#5419,#5420);
#5422 = PLANE('',#5421);
#5423 = EDGE_LOOP('',(#5410,#5415,#5416,#5417));
#5424 = FACE_OUTER_BOUND('',#5423,.T.);
#5425 = ADVANCED_FACE('',(#5424),#5422,.T.);
#5426 = ORIENTED_EDGE('',*,*,#4872,.T.);
#5427 = ORIENTED_EDGE('',*,*,#4985,.F.);
#5428 = ORIENTED_EDGE('',*,*,#4961,.F.);
#5429 = ORIENTED_EDGE('',*,*,#5398,.T.);
#5430 = ORIENTED_EDGE('',*,*,#5238,.T.);
#5431 = ORIENTED_EDGE('',*,*,#5414,.T.);
#5432 = CARTESIAN_POINT('',(-7.620000000000001,-0.8504999999999999,5.));
#5433 = DIRECTION('',(0.,0.,1.));
#5434 = DIRECTION('',(0.,-1.,0.));
#5435 = AXIS2_PLACEMENT_3D('',#5432,#5433,#5434);
#5436 = PLANE('',#5435);
#5437 = EDGE_LOOP('',(#5426,#5427,#5428,#5429,#5430,#5431));
#5438 = FACE_OUTER_BOUND('',#5437,.T.);
#5439 = ADVANCED_FACE('',(#5438),#5436,.T.);
#5440 = CLOSED_SHELL('',(#4911,#4975,#4995,#5015,#5045,#5067,#5089,#5107,#5143,#5171,#5199,#5219,#5247,#5269,#5291,#5307,#5327,#5347,#5359,#5371,#5393,#5409,#5425,#5439));
#5441 = MANIFOLD_SOLID_BREP('',#5440);
#5442 = COLOUR_RGB('',0.10196078431372549,0.10196078431372549,0.10196078431372549);
#5443 = FILL_AREA_STYLE_COLOUR('',#5442);
#5444 = FILL_AREA_STYLE('',(#5443));
#5445 = SURFACE_STYLE_FILL_AREA(#5444);
#5446 = SURFACE_SIDE_STYLE('',(#5445));
#5447 = SURFACE_STYLE_USAGE(.BOTH.,#5446);
#5448 = PRESENTATION_STYLE_ASSIGNMENT((#5447));
#5449 = STYLED_ITEM('',(#5448),#5441);
#5450 = CARTESIAN_POINT('',(-6.035000000000001,-0.315,0.));
#5451 = VERTEX_POINT('',#5450);
#5452 = CARTESIAN_POINT('',(-6.035000000000001,0.315,0.));
#5453 = VERTEX_POINT('',#5452);
#5454 = CARTESIAN_POINT('',(-6.665000000000002,0.315,0.));
#5455 = VERTEX_POINT('',#5454);
#5456 = CARTESIAN_POINT('',(-6.665000000000002,-0.315,0.));
#5457 = VERTEX_POINT('',#5456);
#5458 = DIRECTION('',(0.,1.,0.));
#5459 = VECTOR('',#5458,1.);
#5460 = LINE('',#5450,#5459);
#5461 = EDGE_CURVE('',#5451,#5453,#5460,.T.);
#5462 = ORIENTED_EDGE('',*,*,#5461,.T.);
#5463 = DIRECTION('',(-1.,0.,0.));
#5464 = VECTOR('',#5463,1.);
#5465 = LINE('',#5452,#5464);
#5466 = EDGE_CURVE('',#5453,#5455,#5465,.T.);
#5467 = ORIENTED_EDGE('',*,*,#5466,.T.);
#5468 = DIRECTION('',(0.,1.,0.));
#5469 = VECTOR('',#5468,1.);
#5470 = LINE('',#5456,#5469);
#5471 = EDGE_CURVE('',#5457,#5455,#5470,.T.);
#5472 = ORIENTED_EDGE('',*,*,#5471,.F.);
#5473 = DIRECTION('',(-1.,0.,0.));
#5474 = VECTOR('',#5473,1.);
#5475 = LINE('',#5450,#5474);
#5476 = EDGE_CURVE('',#5451,#5457,#5475,.T.);
#5477 = ORIENTED_EDGE('',*,*,#5476,.F.);
#5478 = CARTESIAN_POINT('',(-6.035000000000001,-0.315,0.));
#5479 = DIRECTION('',(0.,0.,1.));
#5480 = DIRECTION('',(0.,1.,0.));
#5481 = AXIS2_PLACEMENT_3D('',#5478,#5479,#5480);
#5482 = PLANE('',#5481);
#5483 = EDGE_LOOP('',(#5462,#5467,#5472,#5477));
#5484 = FACE_OUTER_BOUND('',#5483,.T.);
#5485 = ADVANCED_FACE('',(#5484),#5482,.T.);
#5486 = CARTESIAN_POINT('',(-6.665000000000002,0.315,-2.7));
#5487 = VERTEX_POINT('',#5486);
#5488 = CARTESIAN_POINT('',(-6.035000000000001,0.315,-2.7));
#5489 = VERTEX_POINT('',#5488);
#5490 = DIRECTION('',(0.,0.,1.));
#5491 = VECTOR('',#5490,1.);
#5492 = LINE('',#5486,#5491);
#5493 = EDGE_CURVE('',#5487,#5455,#5492,.T.);
#5494 = ORIENTED_EDGE('',*,*,#5493,.T.);
#5495 = ORIENTED_EDGE('',*,*,#5466,.F.);
#5496 = DIRECTION('',(0.,0.,1.));
#5497 = VECTOR('',#5496,1.);
#5498 = LINE('',#5488,#5497);
#5499 = EDGE_CURVE('',#5489,#5453,#5498,.T.);
#5500 = ORIENTED_EDGE('',*,*,#5499,.F.);
#5501 = DIRECTION('',(-1.,0.,0.));
#5502 = VECTOR('',#5501,1.);
#5503 = LINE('',#5488,#5502);
#5504 = EDGE_CURVE('',#5489,#5487,#5503,.T.);
#5505 = ORIENTED_EDGE('',*,*,#5504,.T.);
#5506 = CARTESIAN_POINT('',(-6.665000000000002,0.315,-2.7));
#5507 = DIRECTION('',(0.,1.,0.));
#5508 = DIRECTION('',(0.,0.,1.));
#5509 = AXIS2_PLACEMENT_3D('',#5506,#5507,#5508);
#5510 = PLANE('',#5509);
#5511 = EDGE_LOOP('',(#5494,#5495,#5500,#5505));
#5512 = FACE_OUTER_BOUND('',#5511,.T.);
#5513 = ADVANCED_FACE('',(#5512),#5510,.T.);
#5514 = CARTESIAN_POINT('',(-6.665000000000002,-0.315,-2.7));
#5515 = VERTEX_POINT('',#5514);
#5516 = DIRECTION('',(0.,1.,0.));
#5517 = VECTOR('',#5516,1.);
#5518 = LINE('',#5514,#5517);
#5519 = EDGE_CURVE('',#5515,#5487,#5518,.T.);
#5520 = ORIENTED_EDGE('',*,*,#5519,.F.);
#5521 = DIRECTION('',(0.,0.,1.));
#5522 = VECTOR('',#5521,1.);
#5523 = LINE('',#5514,#5522);
#5524 = EDGE_CURVE('',#5515,#5457,#5523,.T.);
#5525 = ORIENTED_EDGE('',*,*,#5524,.T.);
#5526 = ORIENTED_EDGE('',*,*,#5471,.T.);
#5527 = ORIENTED_EDGE('',*,*,#5493,.F.);
#5528 = CARTESIAN_POINT('',(-6.665000000000002,0.315,-2.7));
#5529 = DIRECTION('',(-1.,0.,0.));
#5530 = DIRECTION('',(0.,-1.,0.));
#5531 = AXIS2_PLACEMENT_3D('',#5528,#5529,#5530);
#5532 = PLANE('',#5531);
#5533 = EDGE_LOOP('',(#5520,#5525,#5526,#5527));
#5534 = FACE_OUTER_BOUND('',#5533,.T.);
#5535 = ADVANCED_FACE('',(#5534),#5532,.T.);
#5536 = CARTESIAN_POINT('',(-6.035000000000001,-0.315,-2.7));
#5537 = VERTEX_POINT('',#5536);
#5538 = DIRECTION('',(0.,1.,0.));
#5539 = VECTOR('',#5538,1.);
#5540 = LINE('',#5536,#5539);
#5541 = EDGE_CURVE('',#5537,#5489,#5540,.T.);
#5542 = ORIENTED_EDGE('',*,*,#5541,.T.);
#5543 = ORIENTED_EDGE('',*,*,#5499,.T.);
#5544 = ORIENTED_EDGE('',*,*,#5461,.F.);
#5545 = DIRECTION('',(0.,0.,1.));
#5546 = VECTOR('',#5545,1.);
#5547 = LINE('',#5536,#5546);
#5548 = EDGE_CURVE('',#5537,#5451,#5547,.T.);
#5549 = ORIENTED_EDGE('',*,*,#5548,.F.);
#5550 = CARTESIAN_POINT('',(-6.035000000000001,-0.315,-2.7));
#5551 = DIRECTION('',(1.,0.,0.));
#5552 = DIRECTION('',(0.,1.,0.));
#5553 = AXIS2_PLACEMENT_3D('',#5550,#5551,#5552);
#5554 = PLANE('',#5553);
#5555 = EDGE_LOOP('',(#5542,#5543,#5544,#5549));
#5556 = FACE_OUTER_BOUND('',#5555,.T.);
#5557 = ADVANCED_FACE('',(#5556),#5554,.T.);
#5558 = ORIENTED_EDGE('',*,*,#5548,.T.);
#5559 = ORIENTED_EDGE('',*,*,#5476,.T.);
#5560 = ORIENTED_EDGE('',*,*,#5524,.F.);
#5561 = DIRECTION('',(-1.,0.,0.));
#5562 = VECTOR('',#5561,1.);
#5563 = LINE('',#5536,#5562);
#5564 = EDGE_CURVE('',#5537,#5515,#5563,.T.);
#5565 = ORIENTED_EDGE('',*,*,#5564,.F.);
#5566 = CARTESIAN_POINT('',(-6.035000000000001,-0.315,-2.7));
#5567 = DIRECTION('',(0.,-1.,0.));
#5568 = DIRECTION('',(0.,0.,1.));
#5569 = AXIS2_PLACEMENT_3D('',#5566,#5567,#5568);
#5570 = PLANE('',#5569);
#5571 = EDGE_LOOP('',(#5558,#5559,#5560,#5565));
#5572 = FACE_OUTER_BOUND('',#5571,.T.);
#5573 = ADVANCED_FACE('',(#5572),#5570,.T.);
#5574 = CARTESIAN_POINT('',(-6.525000000000001,0.175,-3.));
#5575 = VERTEX_POINT('',#5574);
#5576 = CARTESIAN_POINT('',(-6.175000000000002,0.175,-3.));
#5577 = VERTEX_POINT('',#5576);
#5578 = DIRECTION('',(-0.38949041885226154,0.38949041885226,0.8346223261119851));
#5579 = VECTOR('',#5578,1.);
#5580 = LINE('',#5574,#5579);
#5581 = EDGE_CURVE('',#5575,#5487,#5580,.T.);
#5582 = ORIENTED_EDGE('',*,*,#5581,.T.);
#5583 = ORIENTED_EDGE('',*,*,#5504,.F.);
#5584 = DIRECTION('',(-0.38949041885226154,-0.38949041885226,-0.8346223261119851));
#5585 = VECTOR('',#5584,1.);
#5586 = LINE('',#5488,#5585);
#5587 = EDGE_CURVE('',#5489,#5577,#5586,.T.);
#5588 = ORIENTED_EDGE('',*,*,#5587,.T.);
#5589 = DIRECTION('',(-1.,0.,0.));
#5590 = VECTOR('',#5589,1.);
#5591 = LINE('',#5576,#5590);
#5592 = EDGE_CURVE('',#5577,#5575,#5591,.T.);
#5593 = ORIENTED_EDGE('',*,*,#5592,.T.);
#5594 = CARTESIAN_POINT('',(-6.525000000000001,0.175,-3.));
#5595 = DIRECTION('',(0.,0.9061831399952653,-0.42288546533112387));
#5596 = DIRECTION('',(-0.38949041885226154,0.38949041885226,0.8346223261119851));
#5597 = AXIS2_PLACEMENT_3D('',#5594,#5595,#5596);
#5598 = PLANE('',#5597);
#5599 = EDGE_LOOP('',(#5582,#5583,#5588,#5593));
#5600 = FACE_OUTER_BOUND('',#5599,.T.);
#5601 = ADVANCED_FACE('',(#5600),#5598,.T.);
#5602 = CARTESIAN_POINT('',(-6.525000000000001,-0.175,-3.));
#5603 = VERTEX_POINT('',#5602);
#5604 = DIRECTION('',(0.,1.,0.));
#5605 = VECTOR('',#5604,1.);
#5606 = LINE('',#5602,#5605);
#5607 = EDGE_CURVE('',#5603,#5575,#5606,.T.);
#5608 = ORIENTED_EDGE('',*,*,#5607,.F.);
#5609 = DIRECTION('',(-0.38949041885226154,-0.38949041885226,0.8346223261119851));
#5610 = VECTOR('',#5609,1.);
#5611 = LINE('',#5602,#5610);
#5612 = EDGE_CURVE('',#5603,#5515,#5611,.T.);
#5613 = ORIENTED_EDGE('',*,*,#5612,.T.);
#5614 = ORIENTED_EDGE('',*,*,#5519,.T.);
#5615 = ORIENTED_EDGE('',*,*,#5581,.F.);
#5616 = CARTESIAN_POINT('',(-6.525000000000001,0.175,-3.));
#5617 = DIRECTION('',(-0.9061831399952646,0.,-0.4228854653311256));
#5618 = DIRECTION('',(0.,-1.,0.));
#5619 = AXIS2_PLACEMENT_3D('',#5616,#5617,#5618);
#5620 = PLANE('',#5619);
#5621 = EDGE_LOOP('',(#5608,#5613,#5614,#5615));
#5622 = FACE_OUTER_BOUND('',#5621,.T.);
#5623 = ADVANCED_FACE('',(#5622),#5620,.T.);
#5624 = CARTESIAN_POINT('',(-6.175000000000002,-0.175,-3.));
#5625 = VERTEX_POINT('',#5624);
#5626 = DIRECTION('',(-1.,0.,0.));
#5627 = VECTOR('',#5626,1.);
#5628 = LINE('',#5624,#5627);
#5629 = EDGE_CURVE('',#5625,#5603,#5628,.T.);
#5630 = ORIENTED_EDGE('',*,*,#5629,.T.);
#5631 = ORIENTED_EDGE('',*,*,#5607,.T.);
#5632 = ORIENTED_EDGE('',*,*,#5592,.F.);
#5633 = DIRECTION('',(0.,1.,0.));
#5634 = VECTOR('',#5633,1.);
#5635 = LINE('',#5624,#5634);
#5636 = EDGE_CURVE('',#5625,#5577,#5635,.T.);
#5637 = ORIENTED_EDGE('',*,*,#5636,.F.);
#5638 = CARTESIAN_POINT('',(-6.175000000000002,-0.175,-3.));
#5639 = DIRECTION('',(0.,0.,-1.));
#5640 = DIRECTION('',(-1.,0.,0.));
#5641 = AXIS2_PLACEMENT_3D('',#5638,#5639,#5640);
#5642 = PLANE('',#5641);
#5643 = EDGE_LOOP('',(#5630,#5631,#5632,#5637));
#5644 = FACE_OUTER_BOUND('',#5643,.T.);
#5645 = ADVANCED_FACE('',(#5644),#5642,.T.);
#5646 = ORIENTED_EDGE('',*,*,#5636,.T.);
#5647 = ORIENTED_EDGE('',*,*,#5587,.F.);
#5648 = ORIENTED_EDGE('',*,*,#5541,.F.);
#5649 = DIRECTION('',(-0.38949041885226154,0.38949041885226,-0.8346223261119851));
#5650 = VECTOR('',#5649,1.);
#5651 = LINE('',#5536,#5650);
#5652 = EDGE_CURVE('',#5537,#5625,#5651,.T.);
#5653 = ORIENTED_EDGE('',*,*,#5652,.T.);
#5654 = CARTESIAN_POINT('',(-6.175000000000002,-0.175,-3.));
#5655 = DIRECTION('',(0.9061831399952646,0.,-0.4228854653311256));
#5656 = DIRECTION('',(0.,1.,0.));
#5657 = AXIS2_PLACEMENT_3D('',#5654,#5655,#5656);
#5658 = PLANE('',#5657);
#5659 = EDGE_LOOP('',(#5646,#5647,#5648,#5653));
#5660 = FACE_OUTER_BOUND('',#5659,.T.);
#5661 = ADVANCED_FACE('',(#5660),#5658,.T.);
#5662 = ORIENTED_EDGE('',*,*,#5652,.F.);
#5663 = ORIENTED_EDGE('',*,*,#5564,.T.);
#5664 = ORIENTED_EDGE('',*,*,#5612,.F.);
#5665 = ORIENTED_EDGE('',*,*,#5629,.F.);
#5666 = CARTESIAN_POINT('',(-6.175000000000002,-0.175,-3.));
#5667 = DIRECTION('',(0.,-0.9061831399952653,-0.42288546533112387));
#5668 = DIRECTION('',(0.38949041885226154,-0.38949041885226,0.8346223261119851));
#5669 = AXIS2_PLACEMENT_3D('',#5666,#5667,#5668);
#5670 = PLANE('',#5669);
#5671 = EDGE_LOOP('',(#5662,#5663,#5664,#5665));
#5672 = FACE_OUTER_BOUND('',#5671,.T.);
#5673 = ADVANCED_FACE('',(#5672),#5670,.T.);
#5674 = CLOSED_SHELL('',(#5485,#5513,#5535,#5557,#5573,#5601,#5623,#5645,#5661,#5673));
#5675 = MANIFOLD_SOLID_BREP('',#5674);
#5676 = CARTESIAN_POINT('',(-6.854000000000001,-0.504,0.));
#5677 = VERTEX_POINT('',#5676);
#5678 = CARTESIAN_POINT('',(-6.854000000000001,-0.504,0.504));
#5679 = VERTEX_POINT('',#5678);
#5680 = CARTESIAN_POINT('',(-6.854000000000001,0.504,0.504));
#5681 = VERTEX_POINT('',#5680);
#5682 = CARTESIAN_POINT('',(-6.854000000000001,0.504,0.));
#5683 = VERTEX_POINT('',#5682);
#5684 = DIRECTION('',(0.,0.,1.));
#5685 = VECTOR('',#5684,1.);
#5686 = LINE('',#5676,#5685);
#5687 = EDGE_CURVE('',#5677,#5679,#5686,.T.);
#5688 = ORIENTED_EDGE('',*,*,#5687,.T.);
#5689 = DIRECTION('',(0.,1.,0.));
#5690 = VECTOR('',#5689,1.);
#5691 = LINE('',#5678,#5690);
#5692 = EDGE_CURVE('',#5679,#5681,#5691,.T.);
#5693 = ORIENTED_EDGE('',*,*,#5692,.T.);
#5694 = DIRECTION('',(0.,0.,1.));
#5695 = VECTOR('',#5694,1.);
#5696 = LINE('',#5682,#5695);
#5697 = EDGE_CURVE('',#5683,#5681,#5696,.T.);
#5698 = ORIENTED_EDGE('',*,*,#5697,.F.);
#5699 = DIRECTION('',(0.,1.,0.));
#5700 = VECTOR('',#5699,1.);
#5701 = LINE('',#5676,#5700);
#5702 = EDGE_CURVE('',#5677,#5683,#5701,.T.);
#5703 = ORIENTED_EDGE('',*,*,#5702,.F.);
#5704 = CARTESIAN_POINT('',(-6.854000000000001,-0.504,0.));
#5705 = DIRECTION('',(-1.,0.,0.));
#5706 = DIRECTION('',(0.,0.,1.));
#5707 = AXIS2_PLACEMENT_3D('',#5704,#5705,#5706);
#5708 = PLANE('',#5707);
#5709 = EDGE_LOOP('',(#5688,#5693,#5698,#5703));
#5710 = FACE_OUTER_BOUND('',#5709,.T.);
#5711 = ADVANCED_FACE('',(#5710),#5708,.T.);
#5712 = CARTESIAN_POINT('',(-5.846000000000002,-0.504,0.));
#5713 = VERTEX_POINT('',#5712);
#5714 = CARTESIAN_POINT('',(-5.846000000000002,0.504,0.));
#5715 = VERTEX_POINT('',#5714);
#5716 = CARTESIAN_POINT('',(-5.846000000000002,0.504,0.504));
#5717 = VERTEX_POINT('',#5716);
#5718 = CARTESIAN_POINT('',(-5.846000000000002,-0.504,0.504));
#5719 = VERTEX_POINT('',#5718);
#5720 = DIRECTION('',(0.,1.,0.));
#5721 = VECTOR('',#5720,1.);
#5722 = LINE('',#5712,#5721);
#5723 = EDGE_CURVE('',#5713,#5715,#5722,.T.);
#5724 = ORIENTED_EDGE('',*,*,#5723,.T.);
#5725 = DIRECTION('',(0.,0.,1.));
#5726 = VECTOR('',#5725,1.);
#5727 = LINE('',#5714,#5726);
#5728 = EDGE_CURVE('',#5715,#5717,#5727,.T.);
#5729 = ORIENTED_EDGE('',*,*,#5728,.T.);
#5730 = DIRECTION('',(0.,1.,0.));
#5731 = VECTOR('',#5730,1.);
#5732 = LINE('',#5718,#5731);
#5733 = EDGE_CURVE('',#5719,#5717,#5732,.T.);
#5734 = ORIENTED_EDGE('',*,*,#5733,.F.);
#5735 = DIRECTION('',(0.,0.,1.));
#5736 = VECTOR('',#5735,1.);
#5737 = LINE('',#5712,#5736);
#5738 = EDGE_CURVE('',#5713,#5719,#5737,.T.);
#5739 = ORIENTED_EDGE('',*,*,#5738,.F.);
#5740 = CARTESIAN_POINT('',(-5.846000000000002,-0.504,0.));
#5741 = DIRECTION('',(1.,0.,0.));
#5742 = DIRECTION('',(0.,1.,0.));
#5743 = AXIS2_PLACEMENT_3D('',#5740,#5741,#5742);
#5744 = PLANE('',#5743);
#5745 = EDGE_LOOP('',(#5724,#5729,#5734,#5739));
#5746 = FACE_OUTER_BOUND('',#5745,.T.);
#5747 = ADVANCED_FACE('',(#5746),#5744,.T.);
#5748 = DIRECTION('',(-1.,0.,0.));
#5749 = VECTOR('',#5748,1.);
#5750 = LINE('',#5712,#5749);
#5751 = EDGE_CURVE('',#5713,#5677,#5750,.T.);
#5752 = ORIENTED_EDGE('',*,*,#5751,.F.);
#5753 = ORIENTED_EDGE('',*,*,#5738,.T.);
#5754 = DIRECTION('',(-1.,0.,0.));
#5755 = VECTOR('',#5754,1.);
#5756 = LINE('',#5718,#5755);
#5757 = EDGE_CURVE('',#5719,#5679,#5756,.T.);
#5758 = ORIENTED_EDGE('',*,*,#5757,.T.);
#5759 = ORIENTED_EDGE('',*,*,#5687,.F.);
#5760 = CARTESIAN_POINT('',(-6.854000000000001,-0.504,0.));
#5761 = DIRECTION('',(0.,-1.,0.));
#5762 = DIRECTION('',(1.,0.,0.));
#5763 = AXIS2_PLACEMENT_3D('',#5760,#5761,#5762);
#5764 = PLANE('',#5763);
#5765 = EDGE_LOOP('',(#5752,#5753,#5758,#5759));
#5766 = FACE_OUTER_BOUND('',#5765,.T.);
#5767 = ADVANCED_FACE('',(#5766),#5764,.T.);
#5768 = ORIENTED_EDGE('',*,*,#5697,.T.);
#5769 = DIRECTION('',(-1.,0.,0.));
#5770 = VECTOR('',#5769,1.);
#5771 = LINE('',#5716,#5770);
#5772 = EDGE_CURVE('',#5717,#5681,#5771,.T.);
#5773 = ORIENTED_EDGE('',*,*,#5772,.F.);
#5774 = ORIENTED_EDGE('',*,*,#5728,.F.);
#5775 = DIRECTION('',(-1.,0.,0.));
#5776 = VECTOR('',#5775,1.);
#5777 = LINE('',#5714,#5776);
#5778 = EDGE_CURVE('',#5715,#5683,#5777,.T.);
#5779 = ORIENTED_EDGE('',*,*,#5778,.T.);
#5780 = CARTESIAN_POINT('',(-6.854000000000001,0.504,0.));
#5781 = DIRECTION('',(0.,1.,0.));
#5782 = DIRECTION('',(0.,0.,1.));
#5783 = AXIS2_PLACEMENT_3D('',#5780,#5781,#5782);
#5784 = PLANE('',#5783);
#5785 = EDGE_LOOP('',(#5768,#5773,#5774,#5779));
#5786 = FACE_OUTER_BOUND('',#5785,.T.);
#5787 = ADVANCED_FACE('',(#5786),#5784,.T.);
#5788 = ORIENTED_EDGE('',*,*,#5702,.T.);
#5789 = ORIENTED_EDGE('',*,*,#5778,.F.);
#5790 = ORIENTED_EDGE('',*,*,#5723,.F.);
#5791 = ORIENTED_EDGE('',*,*,#5751,.T.);
#5792 = CARTESIAN_POINT('',(-6.854000000000001,-0.504,0.));
#5793 = DIRECTION('',(0.,0.,-1.));
#5794 = DIRECTION('',(0.,1.,0.));
#5795 = AXIS2_PLACEMENT_3D('',#5792,#5793,#5794);
#5796 = PLANE('',#5795);
#5797 = EDGE_LOOP('',(#5788,#5789,#5790,#5791));
#5798 = FACE_OUTER_BOUND('',#5797,.T.);
#5799 = ADVANCED_FACE('',(#5798),#5796,.T.);
#5800 = ORIENTED_EDGE('',*,*,#5757,.F.);
#5801 = ORIENTED_EDGE('',*,*,#5733,.T.);
#5802 = ORIENTED_EDGE('',*,*,#5772,.T.);
#5803 = ORIENTED_EDGE('',*,*,#5692,.F.);
#5804 = CARTESIAN_POINT('',(-6.854000000000001,-0.504,0.504));
#5805 = DIRECTION('',(0.,0.,1.));
#5806 = DIRECTION('',(1.,0.,0.));
#5807 = AXIS2_PLACEMENT_3D('',#5804,#5805,#5806);
#5808 = PLANE('',#5807);
#5809 = EDGE_LOOP('',(#5800,#5801,#5802,#5803));
#5810 = FACE_OUTER_BOUND('',#5809,.T.);
#5811 = ADVANCED_FACE('',(#5810),#5808,.T.);
#5812 = CLOSED_SHELL('',(#5711,#5747,#5767,#5787,#5799,#5811));
#5813 = MANIFOLD_SOLID_BREP('',#5812);
#5814 = CARTESIAN_POINT('',(-5.08,-1.27,0.));
#5815 = VERTEX_POINT('',#5814);
#5816 = CARTESIAN_POINT('',(-5.08,-1.27,5.));
#5817 = VERTEX_POINT('',#5816);
#5818 = CARTESIAN_POINT('',(-5.08,-0.8504999999999999,5.));
#5819 = VERTEX_POINT('',#5818);
#5820 = CARTESIAN_POINT('',(-5.08,0.8504999999999999,5.));
#5821 = VERTEX_POINT('',#5820);
#5822 = CARTESIAN_POINT('',(-5.08,1.27,5.));
#5823 = VERTEX_POINT('',#5822);
#5824 = CARTESIAN_POINT('',(-5.08,1.27,0.));
#5825 = VERTEX_POINT('',#5824);
#5826 = CARTESIAN_POINT('',(-5.08,0.4724999999999999,0.));
#5827 = VERTEX_POINT('',#5826);
#5828 = CARTESIAN_POINT('',(-5.08,-0.4724999999999999,0.));
#5829 = VERTEX_POINT('',#5828);
#5830 = DIRECTION('',(0.,0.,1.));
#5831 = VECTOR('',#5830,1.);
#5832 = LINE('',#5814,#5831);
#5833 = EDGE_CURVE('',#5815,#5817,#5832,.T.);
#5834 = ORIENTED_EDGE('',*,*,#5833,.T.);
#5835 = DIRECTION('',(0.,-1.,0.));
#5836 = VECTOR('',#5835,1.);
#5837 = LINE('',#5818,#5836);
#5838 = EDGE_CURVE('',#5819,#5817,#5837,.T.);
#5839 = ORIENTED_EDGE('',*,*,#5838,.F.);
#5840 = DIRECTION('',(0.,1.,0.));
#5841 = VECTOR('',#5840,1.);
#5842 = LINE('',#5818,#5841);
#5843 = EDGE_CURVE('',#5819,#5821,#5842,.T.);
#5844 = ORIENTED_EDGE('',*,*,#5843,.T.);
#5845 = DIRECTION('',(0.,1.,0.));
#5846 = VECTOR('',#5845,1.);
#5847 = LINE('',#5820,#5846);
#5848 = EDGE_CURVE('',#5821,#5823,#5847,.T.);
#5849 = ORIENTED_EDGE('',*,*,#5848,.T.);
#5850 = DIRECTION('',(0.,0.,1.));
#5851 = VECTOR('',#5850,1.);
#5852 = LINE('',#5824,#5851);
#5853 = EDGE_CURVE('',#5825,#5823,#5852,.T.);
#5854 = ORIENTED_EDGE('',*,*,#5853,.F.);
#5855 = DIRECTION('',(0.,1.,0.));
#5856 = VECTOR('',#5855,1.);
#5857 = LINE('',#5826,#5856);
#5858 = EDGE_CURVE('',#5827,#5825,#5857,.T.);
#5859 = ORIENTED_EDGE('',*,*,#5858,.F.);
#5860 = DIRECTION('',(0.,1.,0.));
#5861 = VECTOR('',#5860,1.);
#5862 = LINE('',#5828,#5861);
#5863 = EDGE_CURVE('',#5829,#5827,#5862,.T.);
#5864 = ORIENTED_EDGE('',*,*,#5863,.F.);
#5865 = DIRECTION('',(0.,-1.,0.));
#5866 = VECTOR('',#5865,1.);
#5867 = LINE('',#5828,#5866);
#5868 = EDGE_CURVE('',#5829,#5815,#5867,.T.);
#5869 = ORIENTED_EDGE('',*,*,#5868,.T.);
#5870 = CARTESIAN_POINT('',(-5.08,-1.27,0.));
#5871 = DIRECTION('',(-1.,0.,0.));
#5872 = DIRECTION('',(0.,0.,1.));
#5873 = AXIS2_PLACEMENT_3D('',#5870,#5871,#5872);
#5874 = PLANE('',#5873);
#5875 = EDGE_LOOP('',(#5834,#5839,#5844,#5849,#5854,#5859,#5864,#5869));
#5876 = FACE_OUTER_BOUND('',#5875,.T.);
#5877 = ADVANCED_FACE('',(#5876),#5874,.T.);
#5878 = CARTESIAN_POINT('',(-2.5400000000000005,-1.27,0.));
#5879 = VERTEX_POINT('',#5878);
#5880 = CARTESIAN_POINT('',(-2.5400000000000005,-0.4724999999999999,0.));
#5881 = VERTEX_POINT('',#5880);
#5882 = CARTESIAN_POINT('',(-2.5400000000000005,0.4724999999999999,0.));
#5883 = VERTEX_POINT('',#5882);
#5884 = CARTESIAN_POINT('',(-2.5400000000000005,1.27,0.));
#5885 = VERTEX_POINT('',#5884);
#5886 = CARTESIAN_POINT('',(-2.5400000000000005,1.27,5.));
#5887 = VERTEX_POINT('',#5886);
#5888 = CARTESIAN_POINT('',(-2.5400000000000005,0.8504999999999999,5.));
#5889 = VERTEX_POINT('',#5888);
#5890 = CARTESIAN_POINT('',(-2.5400000000000005,-0.8504999999999999,5.));
#5891 = VERTEX_POINT('',#5890);
#5892 = CARTESIAN_POINT('',(-2.5400000000000005,-1.27,5.));
#5893 = VERTEX_POINT('',#5892);
#5894 = DIRECTION('',(0.,-1.,0.));
#5895 = VECTOR('',#5894,1.);
#5896 = LINE('',#5880,#5895);
#5897 = EDGE_CURVE('',#5881,#5879,#5896,.T.);
#5898 = ORIENTED_EDGE('',*,*,#5897,.F.);
#5899 = DIRECTION('',(0.,1.,0.));
#5900 = VECTOR('',#5899,1.);
#5901 = LINE('',#5880,#5900);
#5902 = EDGE_CURVE('',#5881,#5883,#5901,.T.);
#5903 = ORIENTED_EDGE('',*,*,#5902,.T.);
#5904 = DIRECTION('',(0.,1.,0.));
#5905 = VECTOR('',#5904,1.);
#5906 = LINE('',#5882,#5905);
#5907 = EDGE_CURVE('',#5883,#5885,#5906,.T.);
#5908 = ORIENTED_EDGE('',*,*,#5907,.T.);
#5909 = DIRECTION('',(0.,0.,1.));
#5910 = VECTOR('',#5909,1.);
#5911 = LINE('',#5884,#5910);
#5912 = EDGE_CURVE('',#5885,#5887,#5911,.T.);
#5913 = ORIENTED_EDGE('',*,*,#5912,.T.);
#5914 = DIRECTION('',(0.,1.,0.));
#5915 = VECTOR('',#5914,1.);
#5916 = LINE('',#5888,#5915);
#5917 = EDGE_CURVE('',#5889,#5887,#5916,.T.);
#5918 = ORIENTED_EDGE('',*,*,#5917,.F.);
#5919 = DIRECTION('',(0.,1.,0.));
#5920 = VECTOR('',#5919,1.);
#5921 = LINE('',#5890,#5920);
#5922 = EDGE_CURVE('',#5891,#5889,#5921,.T.);
#5923 = ORIENTED_EDGE('',*,*,#5922,.F.);
#5924 = DIRECTION('',(0.,-1.,0.));
#5925 = VECTOR('',#5924,1.);
#5926 = LINE('',#5890,#5925);
#5927 = EDGE_CURVE('',#5891,#5893,#5926,.T.);
#5928 = ORIENTED_EDGE('',*,*,#5927,.T.);
#5929 = DIRECTION('',(0.,0.,1.));
#5930 = VECTOR('',#5929,1.);
#5931 = LINE('',#5878,#5930);
#5932 = EDGE_CURVE('',#5879,#5893,#5931,.T.);
#5933 = ORIENTED_EDGE('',*,*,#5932,.F.);
#5934 = CARTESIAN_POINT('',(-2.5400000000000005,-1.27,0.));
#5935 = DIRECTION('',(1.,0.,0.));
#5936 = DIRECTION('',(0.,1.,0.));
#5937 = AXIS2_PLACEMENT_3D('',#5934,#5935,#5936);
#5938 = PLANE('',#5937);
#5939 = EDGE_LOOP('',(#5898,#5903,#5908,#5913,#5918,#5923,#5928,#5933));
#5940 = FACE_OUTER_BOUND('',#5939,.T.);
#5941 = ADVANCED_FACE('',(#5940),#5938,.T.);
#5942 = DIRECTION('',(-1.,0.,0.));
#5943 = VECTOR('',#5942,1.);
#5944 = LINE('',#5878,#5943);
#5945 = EDGE_CURVE('',#5879,#5815,#5944,.T.);
#5946 = ORIENTED_EDGE('',*,*,#5945,.F.);
#5947 = ORIENTED_EDGE('',*,*,#5932,.T.);
#5948 = DIRECTION('',(-1.,0.,0.));
#5949 = VECTOR('',#5948,1.);
#5950 = LINE('',#5892,#5949);
#5951 = EDGE_CURVE('',#5893,#5817,#5950,.T.);
#5952 = ORIENTED_EDGE('',*,*,#5951,.T.);
#5953 = ORIENTED_EDGE('',*,*,#5833,.F.);
#5954 = CARTESIAN_POINT('',(-5.08,-1.27,0.));
#5955 = DIRECTION('',(0.,-1.,0.));
#5956 = DIRECTION('',(1.,0.,0.));
#5957 = AXIS2_PLACEMENT_3D('',#5954,#5955,#5956);
#5958 = PLANE('',#5957);
#5959 = EDGE_LOOP('',(#5946,#5947,#5952,#5953));
#5960 = FACE_OUTER_BOUND('',#5959,.T.);
#5961 = ADVANCED_FACE('',(#5960),#5958,.T.);
#5962 = ORIENTED_EDGE('',*,*,#5853,.T.);
#5963 = DIRECTION('',(-1.,0.,0.));
#5964 = VECTOR('',#5963,1.);
#5965 = LINE('',#5886,#5964);
#5966 = EDGE_CURVE('',#5887,#5823,#5965,.T.);
#5967 = ORIENTED_EDGE('',*,*,#5966,.F.);
#5968 = ORIENTED_EDGE('',*,*,#5912,.F.);
#5969 = DIRECTION('',(-1.,0.,0.));
#5970 = VECTOR('',#5969,1.);
#5971 = LINE('',#5884,#5970);
#5972 = EDGE_CURVE('',#5885,#5825,#5971,.T.);
#5973 = ORIENTED_EDGE('',*,*,#5972,.T.);
#5974 = CARTESIAN_POINT('',(-5.08,1.27,0.));
#5975 = DIRECTION('',(0.,1.,0.));
#5976 = DIRECTION('',(0.,0.,1.));
#5977 = AXIS2_PLACEMENT_3D('',#5974,#5975,#5976);
#5978 = PLANE('',#5977);
#5979 = EDGE_LOOP('',(#5962,#5967,#5968,#5973));
#5980 = FACE_OUTER_BOUND('',#5979,.T.);
#5981 = ADVANCED_FACE('',(#5980),#5978,.T.);
#5982 = CARTESIAN_POINT('',(-3.3375000000000004,0.4725,0.));
#5983 = VERTEX_POINT('',#5982);
#5984 = CARTESIAN_POINT('',(-4.282500000000001,0.4725,0.));
#5985 = VERTEX_POINT('',#5984);
#5986 = ORIENTED_EDGE('',*,*,#5907,.F.);
#5987 = DIRECTION('',(-1.,0.,0.));
#5988 = VECTOR('',#5987,1.);
#5989 = LINE('',#5882,#5988);
#5990 = EDGE_CURVE('',#5883,#5983,#5989,.T.);
#5991 = ORIENTED_EDGE('',*,*,#5990,.T.);
#5992 = DIRECTION('',(-1.,0.,0.));
#5993 = VECTOR('',#5992,1.);
#5994 = LINE('',#5982,#5993);
#5995 = EDGE_CURVE('',#5983,#5985,#5994,.T.);
#5996 = ORIENTED_EDGE('',*,*,#5995,.T.);
#5997 = DIRECTION('',(-1.,0.,0.));
#5998 = VECTOR('',#5997,1.);
#5999 = LINE('',#5984,#5998);
#6000 = EDGE_CURVE('',#5985,#5827,#5999,.T.);
#6001 = ORIENTED_EDGE('',*,*,#6000,.T.);
#6002 = ORIENTED_EDGE('',*,*,#5858,.T.);
#6003 = ORIENTED_EDGE('',*,*,#5972,.F.);
#6004 = CARTESIAN_POINT('',(-2.5400000000000005,1.27,0.));
#6005 = DIRECTION('',(0.,0.,-1.));
#6006 = DIRECTION('',(0.,-1.,0.));
#6007 = AXIS2_PLACEMENT_3D('',#6004,#6005,#6006);
#6008 = PLANE('',#6007);
#6009 = EDGE_LOOP('',(#5986,#5991,#5996,#6001,#6002,#6003));
#6010 = FACE_OUTER_BOUND('',#6009,.T.);
#6011 = ADVANCED_FACE('',(#6010),#6008,.T.);
#6012 = CARTESIAN_POINT('',(-4.282500000000001,-0.4724999999999999,0.));
#6013 = VERTEX_POINT('',#6012);
#6014 = DIRECTION('',(0.,1.,0.));
#6015 = VECTOR('',#6014,1.);
#6016 = LINE('',#6012,#6015);
#6017 = EDGE_CURVE('',#6013,#5985,#6016,.T.);
#6018 = ORIENTED_EDGE('',*,*,#6017,.F.);
#6019 = DIRECTION('',(-1.,0.,0.));
#6020 = VECTOR('',#6019,1.);
#6021 = LINE('',#6012,#6020);
#6022 = EDGE_CURVE('',#6013,#5829,#6021,.T.);
#6023 = ORIENTED_EDGE('',*,*,#6022,.T.);
#6024 = ORIENTED_EDGE('',*,*,#5863,.T.);
#6025 = ORIENTED_EDGE('',*,*,#6000,.F.);
#6026 = CARTESIAN_POINT('',(-4.282500000000001,0.4724999999999999,0.));
#6027 = DIRECTION('',(0.,0.,-1.));
#6028 = DIRECTION('',(0.,-1.,0.));
#6029 = AXIS2_PLACEMENT_3D('',#6026,#6027,#6028);
#6030 = PLANE('',#6029);
#6031 = EDGE_LOOP('',(#6018,#6023,#6024,#6025));
#6032 = FACE_OUTER_BOUND('',#6031,.T.);
#6033 = ADVANCED_FACE('',(#6032),#6030,.T.);
#6034 = CARTESIAN_POINT('',(-3.3375000000000004,-0.4724999999999999,0.));
#6035 = VERTEX_POINT('',#6034);
#6036 = ORIENTED_EDGE('',*,*,#5902,.F.);
#6037 = DIRECTION('',(-1.,0.,0.));
#6038 = VECTOR('',#6037,1.);
#6039 = LINE('',#5880,#6038);
#6040 = EDGE_CURVE('',#5881,#6035,#6039,.T.);
#6041 = ORIENTED_EDGE('',*,*,#6040,.T.);
#6042 = DIRECTION('',(0.,1.,0.));
#6043 = VECTOR('',#6042,1.);
#6044 = LINE('',#6034,#6043);
#6045 = EDGE_CURVE('',#6035,#5983,#6044,.T.);
#6046 = ORIENTED_EDGE('',*,*,#6045,.T.);
#6047 = ORIENTED_EDGE('',*,*,#5990,.F.);
#6048 = CARTESIAN_POINT('',(-2.5400000000000005,0.4724999999999999,0.));
#6049 = DIRECTION('',(0.,0.,-1.));
#6050 = DIRECTION('',(0.,-1.,0.));
#6051 = AXIS2_PLACEMENT_3D('',#6048,#6049,#6050);
#6052 = PLANE('',#6051);
#6053 = EDGE_LOOP('',(#6036,#6041,#6046,#6047));
#6054 = FACE_OUTER_BOUND('',#6053,.T.);
#6055 = ADVANCED_FACE('',(#6054),#6052,.T.);
#6056 = ORIENTED_EDGE('',*,*,#5897,.T.);
#6057 = ORIENTED_EDGE('',*,*,#5945,.T.);
#6058 = ORIENTED_EDGE('',*,*,#5868,.F.);
#6059 = ORIENTED_EDGE('',*,*,#6022,.F.);
#6060 = DIRECTION('',(-1.,0.,0.));
#6061 = VECTOR('',#6060,1.);
#6062 = LINE('',#6034,#6061);
#6063 = EDGE_CURVE('',#6035,#6013,#6062,.T.);
#6064 = ORIENTED_EDGE('',*,*,#6063,.F.);
#6065 = ORIENTED_EDGE('',*,*,#6040,.F.);
#6066 = CARTESIAN_POINT('',(-2.5400000000000005,-0.4724999999999999,0.));
#6067 = DIRECTION('',(0.,0.,-1.));
#6068 = DIRECTION('',(0.,-1.,0.));
#6069 = AXIS2_PLACEMENT_3D('',#6066,#6067,#6068);
#6070 = PLANE('',#6069);
#6071 = EDGE_LOOP('',(#6056,#6057,#6058,#6059,#6064,#6065));
#6072 = FACE_OUTER_BOUND('',#6071,.T.);
#6073 = ADVANCED_FACE('',(#6072),#6070,.T.);
#6074 = CARTESIAN_POINT('',(-4.660500000000001,-0.8504999999999999,4.995));
#6075 = VERTEX_POINT('',#6074);
#6076 = CARTESIAN_POINT('',(-2.9595000000000007,-0.8504999999999999,4.995));
#6077 = VERTEX_POINT('',#6076);
#6078 = CARTESIAN_POINT('',(-3.3375000000000004,-0.4725,4.3854));
#6079 = VERTEX_POINT('',#6078);
#6080 = CARTESIAN_POINT('',(-4.282500000000001,-0.4725,4.3854));
#6081 = VERTEX_POINT('',#6080);
#6082 = DIRECTION('',(-1.,0.,0.));
#6083 = VECTOR('',#6082,1.);
#6084 = LINE('',#6076,#6083);
#6085 = EDGE_CURVE('',#6077,#6075,#6084,.T.);
#6086 = ORIENTED_EDGE('',*,*,#6085,.F.);
#6087 = DIRECTION('',(-0.46621205975656976,0.4662120597565701,-0.7518594487502787));
#6088 = VECTOR('',#6087,1.);
#6089 = LINE('',#6076,#6088);
#6090 = EDGE_CURVE('',#6077,#6079,#6089,.T.);
#6091 = ORIENTED_EDGE('',*,*,#6090,.T.);
#6092 = DIRECTION('',(-1.,0.,0.));
#6093 = VECTOR('',#6092,1.);
#6094 = LINE('',#6078,#6093);
#6095 = EDGE_CURVE('',#6079,#6081,#6094,.T.);
#6096 = ORIENTED_EDGE('',*,*,#6095,.T.);
#6097 = DIRECTION('',(-0.46621205975657015,-0.46621205975656993,0.7518594487502784));
#6098 = VECTOR('',#6097,1.);
#6099 = LINE('',#6080,#6098);
#6100 = EDGE_CURVE('',#6081,#6075,#6099,.T.);
#6101 = ORIENTED_EDGE('',*,*,#6100,.T.);
#6102 = CARTESIAN_POINT('',(-4.660500000000001,-0.8504999999999999,4.995));
#6103 = DIRECTION('',(0.,0.849872720784639,0.5269880059983484));
#6104 = DIRECTION('',(1.,0.,0.));
#6105 = AXIS2_PLACEMENT_3D('',#6102,#6103,#6104);
#6106 = PLANE('',#6105);
#6107 = EDGE_LOOP('',(#6086,#6091,#6096,#6101));
#6108 = FACE_OUTER_BOUND('',#6107,.T.);
#6109 = ADVANCED_FACE('',(#6108),#6106,.T.);
#6110 = CARTESIAN_POINT('',(-4.282500000000001,0.4725,4.3854));
#6111 = VERTEX_POINT('',#6110);
#6112 = CARTESIAN_POINT('',(-4.660500000000001,0.8504999999999999,4.995));
#6113 = VERTEX_POINT('',#6112);
#6114 = DIRECTION('',(-0.46621205975657015,0.46621205975656993,0.7518594487502784));
#6115 = VECTOR('',#6114,1.);
#6116 = LINE('',#6110,#6115);
#6117 = EDGE_CURVE('',#6111,#6113,#6116,.T.);
#6118 = ORIENTED_EDGE('',*,*,#6117,.T.);
#6119 = DIRECTION('',(0.,1.,0.));
#6120 = VECTOR('',#6119,1.);
#6121 = LINE('',#6074,#6120);
#6122 = EDGE_CURVE('',#6075,#6113,#6121,.T.);
#6123 = ORIENTED_EDGE('',*,*,#6122,.F.);
#6124 = ORIENTED_EDGE('',*,*,#6100,.F.);
#6125 = DIRECTION('',(0.,1.,0.));
#6126 = VECTOR('',#6125,1.);
#6127 = LINE('',#6080,#6126);
#6128 = EDGE_CURVE('',#6081,#6111,#6127,.T.);
#6129 = ORIENTED_EDGE('',*,*,#6128,.T.);
#6130 = CARTESIAN_POINT('',(-4.282500000000001,0.4725,4.3854));
#6131 = DIRECTION('',(0.8498727207846386,0.,0.5269880059983487));
#6132 = DIRECTION('',(-0.46621205975657015,0.46621205975656993,0.7518594487502784));
#6133 = AXIS2_PLACEMENT_3D('',#6130,#6131,#6132);
#6134 = PLANE('',#6133);
#6135 = EDGE_LOOP('',(#6118,#6123,#6124,#6129));
#6136 = FACE_OUTER_BOUND('',#6135,.T.);
#6137 = ADVANCED_FACE('',(#6136),#6134,.T.);
#6138 = CARTESIAN_POINT('',(-2.9595000000000007,0.8504999999999999,4.995));
#6139 = VERTEX_POINT('',#6138);
#6140 = CARTESIAN_POINT('',(-3.3375000000000004,0.4725,4.3854));
#6141 = VERTEX_POINT('',#6140);
#6142 = DIRECTION('',(-1.,0.,0.));
#6143 = VECTOR('',#6142,1.);
#6144 = LINE('',#6138,#6143);
#6145 = EDGE_CURVE('',#6139,#6113,#6144,.T.);
#6146 = ORIENTED_EDGE('',*,*,#6145,.T.);
#6147 = ORIENTED_EDGE('',*,*,#6117,.F.);
#6148 = DIRECTION('',(-1.,0.,0.));
#6149 = VECTOR('',#6148,1.);
#6150 = LINE('',#6140,#6149);
#6151 = EDGE_CURVE('',#6141,#6111,#6150,.T.);
#6152 = ORIENTED_EDGE('',*,*,#6151,.F.);
#6153 = DIRECTION('',(-0.46621205975656976,-0.4662120597565701,-0.7518594487502787));
#6154 = VECTOR('',#6153,1.);
#6155 = LINE('',#6138,#6154);
#6156 = EDGE_CURVE('',#6139,#6141,#6155,.T.);
#6157 = ORIENTED_EDGE('',*,*,#6156,.F.);
#6158 = CARTESIAN_POINT('',(-2.9595000000000007,0.8504999999999999,4.995));
#6159 = DIRECTION('',(0.,-0.8498727207846388,0.5269880059983484));
#6160 = DIRECTION('',(-1.,0.,0.));
#6161 = AXIS2_PLACEMENT_3D('',#6158,#6159,#6160);
#6162 = PLANE('',#6161);
#6163 = EDGE_LOOP('',(#6146,#6147,#6152,#6157));
#6164 = FACE_OUTER_BOUND('',#6163,.T.);
#6165 = ADVANCED_FACE('',(#6164),#6162,.T.);
#6166 = ORIENTED_EDGE('',*,*,#6090,.F.);
#6167 = DIRECTION('',(0.,1.,0.));
#6168 = VECTOR('',#6167,1.);
#6169 = LINE('',#6076,#6168);
#6170 = EDGE_CURVE('',#6077,#6139,#6169,.T.);
#6171 = ORIENTED_EDGE('',*,*,#6170,.T.);
#6172 = ORIENTED_EDGE('',*,*,#6156,.T.);
#6173 = DIRECTION('',(0.,1.,0.));
#6174 = VECTOR('',#6173,1.);
#6175 = LINE('',#6078,#6174);
#6176 = EDGE_CURVE('',#6079,#6141,#6175,.T.);
#6177 = ORIENTED_EDGE('',*,*,#6176,.F.);
#6178 = CARTESIAN_POINT('',(-3.3375000000000004,-0.4725,4.3854));
#6179 = DIRECTION('',(-0.8498727207846388,0.,0.5269880059983483));
#6180 = DIRECTION('',(0.46621205975656976,-0.4662120597565701,0.7518594487502787));
#6181 = AXIS2_PLACEMENT_3D('',#6178,#6179,#6180);
#6182 = PLANE('',#6181);
#6183 = EDGE_LOOP('',(#6166,#6171,#6172,#6177));
#6184 = FACE_OUTER_BOUND('',#6183,.T.);
#6185 = ADVANCED_FACE('',(#6184),#6182,.T.);
#6186 = CARTESIAN_POINT('',(-2.9595000000000007,-0.8504999999999999,5.));
#6187 = VERTEX_POINT('',#6186);
#6188 = CARTESIAN_POINT('',(-4.660500000000001,-0.8504999999999999,5.));
#6189 = VERTEX_POINT('',#6188);
#6190 = DIRECTION('',(0.,0.,1.));
#6191 = VECTOR('',#6190,1.);
#6192 = LINE('',#6076,#6191);
#6193 = EDGE_CURVE('',#6077,#6187,#6192,.T.);
#6194 = ORIENTED_EDGE('',*,*,#6193,.F.);
#6195 = ORIENTED_EDGE('',*,*,#6085,.T.);
#6196 = DIRECTION('',(0.,0.,1.));
#6197 = VECTOR('',#6196,1.);
#6198 = LINE('',#6074,#6197);
#6199 = EDGE_CURVE('',#6075,#6189,#6198,.T.);
#6200 = ORIENTED_EDGE('',*,*,#6199,.T.);
#6201 = DIRECTION('',(-1.,0.,0.));
#6202 = VECTOR('',#6201,1.);
#6203 = LINE('',#6186,#6202);
#6204 = EDGE_CURVE('',#6187,#6189,#6203,.T.);
#6205 = ORIENTED_EDGE('',*,*,#6204,.F.);
#6206 = CARTESIAN_POINT('',(-2.9595000000000007,-0.8504999999999999,5.));
#6207 = DIRECTION('',(0.,1.,0.));
#6208 = DIRECTION('',(0.,0.,-1.));
#6209 = AXIS2_PLACEMENT_3D('',#6206,#6207,#6208);
#6210 = PLANE('',#6209);
#6211 = EDGE_LOOP('',(#6194,#6195,#6200,#6205));
#6212 = FACE_OUTER_BOUND('',#6211,.T.);
#6213 = ADVANCED_FACE('',(#6212),#6210,.T.);
#6214 = CARTESIAN_POINT('',(-4.660500000000001,0.8504999999999999,5.));
#6215 = VERTEX_POINT('',#6214);
#6216 = ORIENTED_EDGE('',*,*,#6199,.F.);
#6217 = ORIENTED_EDGE('',*,*,#6122,.T.);
#6218 = DIRECTION('',(0.,0.,1.));
#6219 = VECTOR('',#6218,1.);
#6220 = LINE('',#6112,#6219);
#6221 = EDGE_CURVE('',#6113,#6215,#6220,.T.);
#6222 = ORIENTED_EDGE('',*,*,#6221,.T.);
#6223 = DIRECTION('',(0.,1.,0.));
#6224 = VECTOR('',#6223,1.);
#6225 = LINE('',#6188,#6224);
#6226 = EDGE_CURVE('',#6189,#6215,#6225,.T.);
#6227 = ORIENTED_EDGE('',*,*,#6226,.F.);
#6228 = CARTESIAN_POINT('',(-4.660500000000001,-0.8504999999999999,5.));
#6229 = DIRECTION('',(1.,0.,0.));
#6230 = DIRECTION('',(0.,0.,-1.));
#6231 = AXIS2_PLACEMENT_3D('',#6228,#6229,#6230);
#6232 = PLANE('',#6231);
#6233 = EDGE_LOOP('',(#6216,#6217,#6222,#6227));
#6234 = FACE_OUTER_BOUND('',#6233,.T.);
#6235 = ADVANCED_FACE('',(#6234),#6232,.T.);
#6236 = CARTESIAN_POINT('',(-2.9595000000000007,0.8504999999999999,5.));
#6237 = VERTEX_POINT('',#6236);
#6238 = DIRECTION('',(0.,0.,1.));
#6239 = VECTOR('',#6238,1.);
#6240 = LINE('',#6138,#6239);
#6241 = EDGE_CURVE('',#6139,#6237,#6240,.T.);
#6242 = ORIENTED_EDGE('',*,*,#6241,.F.);
#6243 = ORIENTED_EDGE('',*,*,#6170,.F.);
#6244 = ORIENTED_EDGE('',*,*,#6193,.T.);
#6245 = DIRECTION('',(0.,1.,0.));
#6246 = VECTOR('',#6245,1.);
#6247 = LINE('',#6186,#6246);
#6248 = EDGE_CURVE('',#6187,#6237,#6247,.T.);
#6249 = ORIENTED_EDGE('',*,*,#6248,.T.);
#6250 = CARTESIAN_POINT('',(-2.9595000000000007,0.8504999999999999,5.));
#6251 = DIRECTION('',(-1.,0.,0.));
#6252 = DIRECTION('',(0.,0.,-1.));
#6253 = AXIS2_PLACEMENT_3D('',#6250,#6251,#6252);
#6254 = PLANE('',#6253);
#6255 = EDGE_LOOP('',(#6242,#6243,#6244,#6249));
#6256 = FACE_OUTER_BOUND('',#6255,.T.);
#6257 = ADVANCED_FACE('',(#6256),#6254,.T.);
#6258 = ORIENTED_EDGE('',*,*,#6221,.F.);
#6259 = ORIENTED_EDGE('',*,*,#6145,.F.);
#6260 = ORIENTED_EDGE('',*,*,#6241,.T.);
#6261 = DIRECTION('',(-1.,0.,0.));
#6262 = VECTOR('',#6261,1.);
#6263 = LINE('',#6236,#6262);
#6264 = EDGE_CURVE('',#6237,#6215,#6263,.T.);
#6265 = ORIENTED_EDGE('',*,*,#6264,.T.);
#6266 = CARTESIAN_POINT('',(-4.660500000000001,0.8504999999999999,5.));
#6267 = DIRECTION('',(0.,-1.,0.));
#6268 = DIRECTION('',(0.,0.,-1.));
#6269 = AXIS2_PLACEMENT_3D('',#6266,#6267,#6268);
#6270 = PLANE('',#6269);
#6271 = EDGE_LOOP('',(#6258,#6259,#6260,#6265));
#6272 = FACE_OUTER_BOUND('',#6271,.T.);
#6273 = ADVANCED_FACE('',(#6272),#6270,.T.);
#6274 = DIRECTION('',(0.,0.,1.));
#6275 = VECTOR('',#6274,1.);
#6276 = LINE('',#6012,#6275);
#6277 = EDGE_CURVE('',#6013,#6081,#6276,.T.);
#6278 = ORIENTED_EDGE('',*,*,#6277,.F.);
#6279 = ORIENTED_EDGE('',*,*,#6017,.T.);
#6280 = DIRECTION('',(0.,0.,1.));
#6281 = VECTOR('',#6280,1.);
#6282 = LINE('',#5984,#6281);
#6283 = EDGE_CURVE('',#5985,#6111,#6282,.T.);
#6284 = ORIENTED_EDGE('',*,*,#6283,.T.);
#6285 = ORIENTED_EDGE('',*,*,#6128,.F.);
#6286 = CARTESIAN_POINT('',(-4.282500000000001,-0.4725,4.385399999999999));
#6287 = DIRECTION('',(1.,0.,0.));
#6288 = DIRECTION('',(0.,0.,-1.));
#6289 = AXIS2_PLACEMENT_3D('',#6286,#6287,#6288);
#6290 = PLANE('',#6289);
#6291 = EDGE_LOOP('',(#6278,#6279,#6284,#6285));
#6292 = FACE_OUTER_BOUND('',#6291,.T.);
#6293 = ADVANCED_FACE('',(#6292),#6290,.T.);
#6294 = ORIENTED_EDGE('',*,*,#6176,.T.);
#6295 = DIRECTION('',(0.,0.,1.));
#6296 = VECTOR('',#6295,1.);
#6297 = LINE('',#5982,#6296);
#6298 = EDGE_CURVE('',#5983,#6141,#6297,.T.);
#6299 = ORIENTED_EDGE('',*,*,#6298,.F.);
#6300 = ORIENTED_EDGE('',*,*,#6045,.F.);
#6301 = DIRECTION('',(0.,0.,1.));
#6302 = VECTOR('',#6301,1.);
#6303 = LINE('',#6034,#6302);
#6304 = EDGE_CURVE('',#6035,#6079,#6303,.T.);
#6305 = ORIENTED_EDGE('',*,*,#6304,.T.);
#6306 = CARTESIAN_POINT('',(-3.3375000000000004,-0.4725,4.385399999999998));
#6307 = DIRECTION('',(-1.,0.,0.));
#6308 = DIRECTION('',(0.,1.,0.));
#6309 = AXIS2_PLACEMENT_3D('',#6306,#6307,#6308);
#6310 = PLANE('',#6309);
#6311 = EDGE_LOOP('',(#6294,#6299,#6300,#6305));
#6312 = FACE_OUTER_BOUND('',#6311,.T.);
#6313 = ADVANCED_FACE('',(#6312),#6310,.T.);
#6314 = ORIENTED_EDGE('',*,*,#6304,.F.);
#6315 = ORIENTED_EDGE('',*,*,#6063,.T.);
#6316 = ORIENTED_EDGE('',*,*,#6277,.T.);
#6317 = ORIENTED_EDGE('',*,*,#6095,.F.);
#6318 = CARTESIAN_POINT('',(-3.3375000000000004,-0.4725,4.385399999999999));
#6319 = DIRECTION('',(0.,1.,0.));
#6320 = DIRECTION('',(0.,0.,-1.));
#6321 = AXIS2_PLACEMENT_3D('',#6318,#6319,#6320);
#6322 = PLANE('',#6321);
#6323 = EDGE_LOOP('',(#6314,#6315,#6316,#6317));
#6324 = FACE_OUTER_BOUND('',#6323,.T.);
#6325 = ADVANCED_FACE('',(#6324),#6322,.T.);
#6326 = ORIENTED_EDGE('',*,*,#6283,.F.);
#6327 = ORIENTED_EDGE('',*,*,#5995,.F.);
#6328 = ORIENTED_EDGE('',*,*,#6298,.T.);
#6329 = ORIENTED_EDGE('',*,*,#6151,.T.);
#6330 = CARTESIAN_POINT('',(-4.282500000000001,0.4725,4.385399999999998));
#6331 = DIRECTION('',(0.,-1.,0.));
#6332 = DIRECTION('',(0.,0.,-1.));
#6333 = AXIS2_PLACEMENT_3D('',#6330,#6331,#6332);
#6334 = PLANE('',#6333);
#6335 = EDGE_LOOP('',(#6326,#6327,#6328,#6329));
#6336 = FACE_OUTER_BOUND('',#6335,.T.);
#6337 = ADVANCED_FACE('',(#6336),#6334,.T.);
#6338 = ORIENTED_EDGE('',*,*,#5848,.F.);
#6339 = DIRECTION('',(-1.,0.,0.));
#6340 = VECTOR('',#6339,1.);
#6341 = LINE('',#6214,#6340);
#6342 = EDGE_CURVE('',#6215,#5821,#6341,.T.);
#6343 = ORIENTED_EDGE('',*,*,#6342,.F.);
#6344 = ORIENTED_EDGE('',*,*,#6264,.F.);
#6345 = DIRECTION('',(-1.,0.,0.));
#6346 = VECTOR('',#6345,1.);
#6347 = LINE('',#5888,#6346);
#6348 = EDGE_CURVE('',#5889,#6237,#6347,.T.);
#6349 = ORIENTED_EDGE('',*,*,#6348,.F.);
#6350 = ORIENTED_EDGE('',*,*,#5917,.T.);
#6351 = ORIENTED_EDGE('',*,*,#5966,.T.);
#6352 = CARTESIAN_POINT('',(-5.08,1.27,5.));
#6353 = DIRECTION('',(0.,0.,1.));
#6354 = DIRECTION('',(0.,-1.,0.));
#6355 = AXIS2_PLACEMENT_3D('',#6352,#6353,#6354);
#6356 = PLANE('',#6355);
#6357 = EDGE_LOOP('',(#6338,#6343,#6344,#6349,#6350,#6351));
#6358 = FACE_OUTER_BOUND('',#6357,.T.);
#6359 = ADVANCED_FACE('',(#6358),#6356,.T.);
#6360 = ORIENTED_EDGE('',*,*,#6248,.F.);
#6361 = DIRECTION('',(-1.,0.,0.));
#6362 = VECTOR('',#6361,1.);
#6363 = LINE('',#5890,#6362);
#6364 = EDGE_CURVE('',#5891,#6187,#6363,.T.);
#6365 = ORIENTED_EDGE('',*,*,#6364,.F.);
#6366 = ORIENTED_EDGE('',*,*,#5922,.T.);
#6367 = ORIENTED_EDGE('',*,*,#6348,.T.);
#6368 = CARTESIAN_POINT('',(-2.9595000000000007,0.8504999999999999,5.));
#6369 = DIRECTION('',(0.,0.,1.));
#6370 = DIRECTION('',(0.,-1.,0.));
#6371 = AXIS2_PLACEMENT_3D('',#6368,#6369,#6370);
#6372 = PLANE('',#6371);
#6373 = EDGE_LOOP('',(#6360,#6365,#6366,#6367));
#6374 = FACE_OUTER_BOUND('',#6373,.T.);
#6375 = ADVANCED_FACE('',(#6374),#6372,.T.);
#6376 = ORIENTED_EDGE('',*,*,#5843,.F.);
#6377 = DIRECTION('',(-1.,0.,0.));
#6378 = VECTOR('',#6377,1.);
#6379 = LINE('',#6188,#6378);
#6380 = EDGE_CURVE('',#6189,#5819,#6379,.T.);
#6381 = ORIENTED_EDGE('',*,*,#6380,.F.);
#6382 = ORIENTED_EDGE('',*,*,#6226,.T.);
#6383 = ORIENTED_EDGE('',*,*,#6342,.T.);
#6384 = CARTESIAN_POINT('',(-5.08,0.8504999999999999,5.));
#6385 = DIRECTION('',(0.,0.,1.));
#6386 = DIRECTION('',(0.,-1.,0.));
#6387 = AXIS2_PLACEMENT_3D('',#6384,#6385,#6386);
#6388 = PLANE('',#6387);
#6389 = EDGE_LOOP('',(#6376,#6381,#6382,#6383));
#6390 = FACE_OUTER_BOUND('',#6389,.T.);
#6391 = ADVANCED_FACE('',(#6390),#6388,.T.);
#6392 = ORIENTED_EDGE('',*,*,#5838,.T.);
#6393 = ORIENTED_EDGE('',*,*,#5951,.F.);
#6394 = ORIENTED_EDGE('',*,*,#5927,.F.);
#6395 = ORIENTED_EDGE('',*,*,#6364,.T.);
#6396 = ORIENTED_EDGE('',*,*,#6204,.T.);
#6397 = ORIENTED_EDGE('',*,*,#6380,.T.);
#6398 = CARTESIAN_POINT('',(-5.08,-0.8504999999999999,5.));
#6399 = DIRECTION('',(0.,0.,1.));
#6400 = DIRECTION('',(0.,-1.,0.));
#6401 = AXIS2_PLACEMENT_3D('',#6398,#6399,#6400);
#6402 = PLANE('',#6401);
#6403 = EDGE_LOOP('',(#6392,#6393,#6394,#6395,#6396,#6397));
#6404 = FACE_OUTER_BOUND('',#6403,.T.);
#6405 = ADVANCED_FACE('',(#6404),#6402,.T.);
#6406 = CLOSED_SHELL('',(#5877,#5941,#5961,#5981,#6011,#6033,#6055,#6073,#6109,#6137,#6165,#6185,#6213,#6235,#6257,#6273,#6293,#6313,#6325,#6337,#6359,#6375,#6391,#6405));
#6407 = MANIFOLD_SOLID_BREP('',#6406);
#6408 = COLOUR_RGB('',0.10196078431372549,0.10196078431372549,0.10196078431372549);
#6409 = FILL_AREA_STYLE_COLOUR('',#6408);
#6410 = FILL_AREA_STYLE('',(#6409));
#6411 = SURFACE_STYLE_FILL_AREA(#6410);
#6412 = SURFACE_SIDE_STYLE('',(#6411));
#6413 = SURFACE_STYLE_USAGE(.BOTH.,#6412);
#6414 = PRESENTATION_STYLE_ASSIGNMENT((#6413));
#6415 = STYLED_ITEM('',(#6414),#6407);
#6416 = CARTESIAN_POINT('',(-4.125000000000001,0.315,0.));
#6417 = VERTEX_POINT('',#6416);
#6418 = CARTESIAN_POINT('',(-4.125000000000001,0.315,-2.7));
#6419 = VERTEX_POINT('',#6418);
#6420 = CARTESIAN_POINT('',(-4.125000000000001,-0.315,-2.7));
#6421 = VERTEX_POINT('',#6420);
#6422 = CARTESIAN_POINT('',(-4.125000000000001,-0.315,0.));
#6423 = VERTEX_POINT('',#6422);
#6424 = DIRECTION('',(0.,0.,1.));
#6425 = VECTOR('',#6424,1.);
#6426 = LINE('',#6418,#6425);
#6427 = EDGE_CURVE('',#6419,#6417,#6426,.T.);
#6428 = ORIENTED_EDGE('',*,*,#6427,.F.);
#6429 = DIRECTION('',(0.,1.,0.));
#6430 = VECTOR('',#6429,1.);
#6431 = LINE('',#6420,#6430);
#6432 = EDGE_CURVE('',#6421,#6419,#6431,.T.);
#6433 = ORIENTED_EDGE('',*,*,#6432,.F.);
#6434 = DIRECTION('',(0.,0.,1.));
#6435 = VECTOR('',#6434,1.);
#6436 = LINE('',#6420,#6435);
#6437 = EDGE_CURVE('',#6421,#6423,#6436,.T.);
#6438 = ORIENTED_EDGE('',*,*,#6437,.T.);
#6439 = DIRECTION('',(0.,1.,0.));
#6440 = VECTOR('',#6439,1.);
#6441 = LINE('',#6422,#6440);
#6442 = EDGE_CURVE('',#6423,#6417,#6441,.T.);
#6443 = ORIENTED_EDGE('',*,*,#6442,.T.);
#6444 = CARTESIAN_POINT('',(-4.125000000000001,0.315,0.));
#6445 = DIRECTION('',(-1.,0.,0.));
#6446 = DIRECTION('',(0.,0.,-1.));
#6447 = AXIS2_PLACEMENT_3D('',#6444,#6445,#6446);
#6448 = PLANE('',#6447);
#6449 = EDGE_LOOP('',(#6428,#6433,#6438,#6443));
#6450 = FACE_OUTER_BOUND('',#6449,.T.);
#6451 = ADVANCED_FACE('',(#6450),#6448,.T.);
#6452 = CARTESIAN_POINT('',(-3.4950000000000006,0.315,-2.7));
#6453 = VERTEX_POINT('',#6452);
#6454 = CARTESIAN_POINT('',(-3.4950000000000006,0.315,0.));
#6455 = VERTEX_POINT('',#6454);
#6456 = DIRECTION('',(-1.,0.,0.));
#6457 = VECTOR('',#6456,1.);
#6458 = LINE('',#6452,#6457);
#6459 = EDGE_CURVE('',#6453,#6419,#6458,.T.);
#6460 = ORIENTED_EDGE('',*,*,#6459,.T.);
#6461 = ORIENTED_EDGE('',*,*,#6427,.T.);
#6462 = DIRECTION('',(-1.,0.,0.));
#6463 = VECTOR('',#6462,1.);
#6464 = LINE('',#6454,#6463);
#6465 = EDGE_CURVE('',#6455,#6417,#6464,.T.);
#6466 = ORIENTED_EDGE('',*,*,#6465,.F.);
#6467 = DIRECTION('',(0.,0.,1.));
#6468 = VECTOR('',#6467,1.);
#6469 = LINE('',#6452,#6468);
#6470 = EDGE_CURVE('',#6453,#6455,#6469,.T.);
#6471 = ORIENTED_EDGE('',*,*,#6470,.F.);
#6472 = CARTESIAN_POINT('',(-3.4950000000000006,0.315,-2.7));
#6473 = DIRECTION('',(0.,1.,0.));
#6474 = DIRECTION('',(-1.,0.,0.));
#6475 = AXIS2_PLACEMENT_3D('',#6472,#6473,#6474);
#6476 = PLANE('',#6475);
#6477 = EDGE_LOOP('',(#6460,#6461,#6466,#6471));
#6478 = FACE_OUTER_BOUND('',#6477,.T.);
#6479 = ADVANCED_FACE('',(#6478),#6476,.T.);
#6480 = CARTESIAN_POINT('',(-3.4950000000000006,-0.315,0.));
#6481 = VERTEX_POINT('',#6480);
#6482 = DIRECTION('',(0.,1.,0.));
#6483 = VECTOR('',#6482,1.);
#6484 = LINE('',#6480,#6483);
#6485 = EDGE_CURVE('',#6481,#6455,#6484,.T.);
#6486 = ORIENTED_EDGE('',*,*,#6485,.T.);
#6487 = ORIENTED_EDGE('',*,*,#6465,.T.);
#6488 = ORIENTED_EDGE('',*,*,#6442,.F.);
#6489 = DIRECTION('',(-1.,0.,0.));
#6490 = VECTOR('',#6489,1.);
#6491 = LINE('',#6480,#6490);
#6492 = EDGE_CURVE('',#6481,#6423,#6491,.T.);
#6493 = ORIENTED_EDGE('',*,*,#6492,.F.);
#6494 = CARTESIAN_POINT('',(-3.4950000000000006,-0.315,0.));
#6495 = DIRECTION('',(0.,0.,1.));
#6496 = DIRECTION('',(0.,1.,0.));
#6497 = AXIS2_PLACEMENT_3D('',#6494,#6495,#6496);
#6498 = PLANE('',#6497);
#6499 = EDGE_LOOP('',(#6486,#6487,#6488,#6493));
#6500 = FACE_OUTER_BOUND('',#6499,.T.);
#6501 = ADVANCED_FACE('',(#6500),#6498,.T.);
#6502 = CARTESIAN_POINT('',(-3.9850000000000003,0.175,-3.));
#6503 = VERTEX_POINT('',#6502);
#6504 = CARTESIAN_POINT('',(-3.9850000000000003,-0.175,-3.));
#6505 = VERTEX_POINT('',#6504);
#6506 = DIRECTION('',(0.,1.,0.));
#6507 = VECTOR('',#6506,1.);
#6508 = LINE('',#6504,#6507);
#6509 = EDGE_CURVE('',#6505,#6503,#6508,.T.);
#6510 = ORIENTED_EDGE('',*,*,#6509,.F.);
#6511 = DIRECTION('',(-0.38949041885226154,-0.38949041885226,0.8346223261119851));
#6512 = VECTOR('',#6511,1.);
#6513 = LINE('',#6504,#6512);
#6514 = EDGE_CURVE('',#6505,#6421,#6513,.T.);
#6515 = ORIENTED_EDGE('',*,*,#6514,.T.);
#6516 = ORIENTED_EDGE('',*,*,#6432,.T.);
#6517 = DIRECTION('',(-0.38949041885226154,0.38949041885226,0.8346223261119851));
#6518 = VECTOR('',#6517,1.);
#6519 = LINE('',#6502,#6518);
#6520 = EDGE_CURVE('',#6503,#6419,#6519,.T.);
#6521 = ORIENTED_EDGE('',*,*,#6520,.F.);
#6522 = CARTESIAN_POINT('',(-3.9850000000000003,0.175,-3.));
#6523 = DIRECTION('',(-0.9061831399952646,0.,-0.4228854653311256));
#6524 = DIRECTION('',(0.,-1.,0.));
#6525 = AXIS2_PLACEMENT_3D('',#6522,#6523,#6524);
#6526 = PLANE('',#6525);
#6527 = EDGE_LOOP('',(#6510,#6515,#6516,#6521));
#6528 = FACE_OUTER_BOUND('',#6527,.T.);
#6529 = ADVANCED_FACE('',(#6528),#6526,.T.);
#6530 = CARTESIAN_POINT('',(-3.4950000000000006,-0.315,-2.7));
#6531 = VERTEX_POINT('',#6530);
#6532 = DIRECTION('',(0.,1.,0.));
#6533 = VECTOR('',#6532,1.);
#6534 = LINE('',#6530,#6533);
#6535 = EDGE_CURVE('',#6531,#6453,#6534,.T.);
#6536 = ORIENTED_EDGE('',*,*,#6535,.T.);
#6537 = ORIENTED_EDGE('',*,*,#6470,.T.);
#6538 = ORIENTED_EDGE('',*,*,#6485,.F.);
#6539 = DIRECTION('',(0.,0.,1.));
#6540 = VECTOR('',#6539,1.);
#6541 = LINE('',#6530,#6540);
#6542 = EDGE_CURVE('',#6531,#6481,#6541,.T.);
#6543 = ORIENTED_EDGE('',*,*,#6542,.F.);
#6544 = CARTESIAN_POINT('',(-3.4950000000000006,-0.315,-2.7));
#6545 = DIRECTION('',(1.,0.,0.));
#6546 = DIRECTION('',(0.,1.,0.));
#6547 = AXIS2_PLACEMENT_3D('',#6544,#6545,#6546);
#6548 = PLANE('',#6547);
#6549 = EDGE_LOOP('',(#6536,#6537,#6538,#6543));
#6550 = FACE_OUTER_BOUND('',#6549,.T.);
#6551 = ADVANCED_FACE('',(#6550),#6548,.T.);
#6552 = ORIENTED_EDGE('',*,*,#6542,.T.);
#6553 = ORIENTED_EDGE('',*,*,#6492,.T.);
#6554 = ORIENTED_EDGE('',*,*,#6437,.F.);
#6555 = DIRECTION('',(-1.,0.,0.));
#6556 = VECTOR('',#6555,1.);
#6557 = LINE('',#6530,#6556);
#6558 = EDGE_CURVE('',#6531,#6421,#6557,.T.);
#6559 = ORIENTED_EDGE('',*,*,#6558,.F.);
#6560 = CARTESIAN_POINT('',(-3.4950000000000006,-0.315,-2.7));
#6561 = DIRECTION('',(0.,-1.,0.));
#6562 = DIRECTION('',(0.,0.,1.));
#6563 = AXIS2_PLACEMENT_3D('',#6560,#6561,#6562);
#6564 = PLANE('',#6563);
#6565 = EDGE_LOOP('',(#6552,#6553,#6554,#6559));
#6566 = FACE_OUTER_BOUND('',#6565,.T.);
#6567 = ADVANCED_FACE('',(#6566),#6564,.T.);
#6568 = CARTESIAN_POINT('',(-3.6350000000000007,-0.175,-3.));
#6569 = VERTEX_POINT('',#6568);
#6570 = DIRECTION('',(-0.38949041885226054,0.3894904188522602,-0.8346223261119856));
#6571 = VECTOR('',#6570,1.);
#6572 = LINE('',#6530,#6571);
#6573 = EDGE_CURVE('',#6531,#6569,#6572,.T.);
#6574 = ORIENTED_EDGE('',*,*,#6573,.F.);
#6575 = ORIENTED_EDGE('',*,*,#6558,.T.);
#6576 = ORIENTED_EDGE('',*,*,#6514,.F.);
#6577 = DIRECTION('',(-1.,0.,0.));
#6578 = VECTOR('',#6577,1.);
#6579 = LINE('',#6568,#6578);
#6580 = EDGE_CURVE('',#6569,#6505,#6579,.T.);
#6581 = ORIENTED_EDGE('',*,*,#6580,.F.);
#6582 = CARTESIAN_POINT('',(-3.6350000000000007,-0.175,-3.));
#6583 = DIRECTION('',(0.,-0.9061831399952656,-0.42288546533112387));
#6584 = DIRECTION('',(0.38949041885226054,-0.3894904188522602,0.8346223261119856));
#6585 = AXIS2_PLACEMENT_3D('',#6582,#6583,#6584);
#6586 = PLANE('',#6585);
#6587 = EDGE_LOOP('',(#6574,#6575,#6576,#6581));
#6588 = FACE_OUTER_BOUND('',#6587,.T.);
#6589 = ADVANCED_FACE('',(#6588),#6586,.T.);
#6590 = CARTESIAN_POINT('',(-3.6350000000000007,0.175,-3.));
#6591 = VERTEX_POINT('',#6590);
#6592 = DIRECTION('',(-0.38949041885226054,-0.3894904188522602,-0.8346223261119856));
#6593 = VECTOR('',#6592,1.);
#6594 = LINE('',#6452,#6593);
#6595 = EDGE_CURVE('',#6453,#6591,#6594,.T.);
#6596 = ORIENTED_EDGE('',*,*,#6595,.F.);
#6597 = ORIENTED_EDGE('',*,*,#6535,.F.);
#6598 = ORIENTED_EDGE('',*,*,#6573,.T.);
#6599 = DIRECTION('',(0.,1.,0.));
#6600 = VECTOR('',#6599,1.);
#6601 = LINE('',#6568,#6600);
#6602 = EDGE_CURVE('',#6569,#6591,#6601,.T.);
#6603 = ORIENTED_EDGE('',*,*,#6602,.T.);
#6604 = CARTESIAN_POINT('',(-3.6350000000000007,0.175,-3.));
#6605 = DIRECTION('',(0.906183139995265,0.,-0.42288546533112464));
#6606 = DIRECTION('',(0.38949041885226054,0.3894904188522602,0.8346223261119856));
#6607 = AXIS2_PLACEMENT_3D('',#6604,#6605,#6606);
#6608 = PLANE('',#6607);
#6609 = EDGE_LOOP('',(#6596,#6597,#6598,#6603));
#6610 = FACE_OUTER_BOUND('',#6609,.T.);
#6611 = ADVANCED_FACE('',(#6610),#6608,.T.);
#6612 = ORIENTED_EDGE('',*,*,#6602,.F.);
#6613 = ORIENTED_EDGE('',*,*,#6580,.T.);
#6614 = ORIENTED_EDGE('',*,*,#6509,.T.);
#6615 = DIRECTION('',(-1.,0.,0.));
#6616 = VECTOR('',#6615,1.);
#6617 = LINE('',#6590,#6616);
#6618 = EDGE_CURVE('',#6591,#6503,#6617,.T.);
#6619 = ORIENTED_EDGE('',*,*,#6618,.F.);
#6620 = CARTESIAN_POINT('',(-3.6350000000000007,0.175,-3.));
#6621 = DIRECTION('',(0.,0.,-1.));
#6622 = DIRECTION('',(0.,-1.,0.));
#6623 = AXIS2_PLACEMENT_3D('',#6620,#6621,#6622);
#6624 = PLANE('',#6623);
#6625 = EDGE_LOOP('',(#6612,#6613,#6614,#6619));
#6626 = FACE_OUTER_BOUND('',#6625,.T.);
#6627 = ADVANCED_FACE('',(#6626),#6624,.T.);
#6628 = ORIENTED_EDGE('',*,*,#6618,.T.);
#6629 = ORIENTED_EDGE('',*,*,#6520,.T.);
#6630 = ORIENTED_EDGE('',*,*,#6459,.F.);
#6631 = ORIENTED_EDGE('',*,*,#6595,.T.);
#6632 = CARTESIAN_POINT('',(-3.6350000000000007,0.175,-3.));
#6633 = DIRECTION('',(0.,0.9061831399952656,-0.42288546533112387));
#6634 = DIRECTION('',(-1.,0.,0.));
#6635 = AXIS2_PLACEMENT_3D('',#6632,#6633,#6634);
#6636 = PLANE('',#6635);
#6637 = EDGE_LOOP('',(#6628,#6629,#6630,#6631));
#6638 = FACE_OUTER_BOUND('',#6637,.T.);
#6639 = ADVANCED_FACE('',(#6638),#6636,.T.);
#6640 = CLOSED_SHELL('',(#6451,#6479,#6501,#6529,#6551,#6567,#6589,#6611,#6627,#6639));
#6641 = MANIFOLD_SOLID_BREP('',#6640);
#6642 = CARTESIAN_POINT('',(-4.314,-0.504,0.));
#6643 = VERTEX_POINT('',#6642);
#6644 = CARTESIAN_POINT('',(-4.314,-0.504,0.504));
#6645 = VERTEX_POINT('',#6644);
#6646 = CARTESIAN_POINT('',(-4.314,0.504,0.504));
#6647 = VERTEX_POINT('',#6646);
#6648 = CARTESIAN_POINT('',(-4.314,0.504,0.));
#6649 = VERTEX_POINT('',#6648);
#6650 = DIRECTION('',(0.,0.,1.));
#6651 = VECTOR('',#6650,1.);
#6652 = LINE('',#6642,#6651);
#6653 = EDGE_CURVE('',#6643,#6645,#6652,.T.);
#6654 = ORIENTED_EDGE('',*,*,#6653,.T.);
#6655 = DIRECTION('',(0.,1.,0.));
#6656 = VECTOR('',#6655,1.);
#6657 = LINE('',#6644,#6656);
#6658 = EDGE_CURVE('',#6645,#6647,#6657,.T.);
#6659 = ORIENTED_EDGE('',*,*,#6658,.T.);
#6660 = DIRECTION('',(0.,0.,1.));
#6661 = VECTOR('',#6660,1.);
#6662 = LINE('',#6648,#6661);
#6663 = EDGE_CURVE('',#6649,#6647,#6662,.T.);
#6664 = ORIENTED_EDGE('',*,*,#6663,.F.);
#6665 = DIRECTION('',(0.,1.,0.));
#6666 = VECTOR('',#6665,1.);
#6667 = LINE('',#6642,#6666);
#6668 = EDGE_CURVE('',#6643,#6649,#6667,.T.);
#6669 = ORIENTED_EDGE('',*,*,#6668,.F.);
#6670 = CARTESIAN_POINT('',(-4.314,-0.504,0.));
#6671 = DIRECTION('',(-1.,0.,0.));
#6672 = DIRECTION('',(0.,0.,1.));
#6673 = AXIS2_PLACEMENT_3D('',#6670,#6671,#6672);
#6674 = PLANE('',#6673);
#6675 = EDGE_LOOP('',(#6654,#6659,#6664,#6669));
#6676 = FACE_OUTER_BOUND('',#6675,.T.);
#6677 = ADVANCED_FACE('',(#6676),#6674,.T.);
#6678 = CARTESIAN_POINT('',(-3.3060000000000005,-0.504,0.));
#6679 = VERTEX_POINT('',#6678);
#6680 = CARTESIAN_POINT('',(-3.3060000000000005,0.504,0.));
#6681 = VERTEX_POINT('',#6680);
#6682 = CARTESIAN_POINT('',(-3.3060000000000005,0.504,0.504));
#6683 = VERTEX_POINT('',#6682);
#6684 = CARTESIAN_POINT('',(-3.3060000000000005,-0.504,0.504));
#6685 = VERTEX_POINT('',#6684);
#6686 = DIRECTION('',(0.,1.,0.));
#6687 = VECTOR('',#6686,1.);
#6688 = LINE('',#6678,#6687);
#6689 = EDGE_CURVE('',#6679,#6681,#6688,.T.);
#6690 = ORIENTED_EDGE('',*,*,#6689,.T.);
#6691 = DIRECTION('',(0.,0.,1.));
#6692 = VECTOR('',#6691,1.);
#6693 = LINE('',#6680,#6692);
#6694 = EDGE_CURVE('',#6681,#6683,#6693,.T.);
#6695 = ORIENTED_EDGE('',*,*,#6694,.T.);
#6696 = DIRECTION('',(0.,1.,0.));
#6697 = VECTOR('',#6696,1.);
#6698 = LINE('',#6684,#6697);
#6699 = EDGE_CURVE('',#6685,#6683,#6698,.T.);
#6700 = ORIENTED_EDGE('',*,*,#6699,.F.);
#6701 = DIRECTION('',(0.,0.,1.));
#6702 = VECTOR('',#6701,1.);
#6703 = LINE('',#6678,#6702);
#6704 = EDGE_CURVE('',#6679,#6685,#6703,.T.);
#6705 = ORIENTED_EDGE('',*,*,#6704,.F.);
#6706 = CARTESIAN_POINT('',(-3.3060000000000005,-0.504,0.));
#6707 = DIRECTION('',(1.,0.,0.));
#6708 = DIRECTION('',(0.,1.,0.));
#6709 = AXIS2_PLACEMENT_3D('',#6706,#6707,#6708);
#6710 = PLANE('',#6709);
#6711 = EDGE_LOOP('',(#6690,#6695,#6700,#6705));
#6712 = FACE_OUTER_BOUND('',#6711,.T.);
#6713 = ADVANCED_FACE('',(#6712),#6710,.T.);
#6714 = DIRECTION('',(-1.,0.,0.));
#6715 = VECTOR('',#6714,1.);
#6716 = LINE('',#6678,#6715);
#6717 = EDGE_CURVE('',#6679,#6643,#6716,.T.);
#6718 = ORIENTED_EDGE('',*,*,#6717,.F.);
#6719 = ORIENTED_EDGE('',*,*,#6704,.T.);
#6720 = DIRECTION('',(-1.,0.,0.));
#6721 = VECTOR('',#6720,1.);
#6722 = LINE('',#6684,#6721);
#6723 = EDGE_CURVE('',#6685,#6645,#6722,.T.);
#6724 = ORIENTED_EDGE('',*,*,#6723,.T.);
#6725 = ORIENTED_EDGE('',*,*,#6653,.F.);
#6726 = CARTESIAN_POINT('',(-4.314,-0.504,0.));
#6727 = DIRECTION('',(0.,-1.,0.));
#6728 = DIRECTION('',(1.,0.,0.));
#6729 = AXIS2_PLACEMENT_3D('',#6726,#6727,#6728);
#6730 = PLANE('',#6729);
#6731 = EDGE_LOOP('',(#6718,#6719,#6724,#6725));
#6732 = FACE_OUTER_BOUND('',#6731,.T.);
#6733 = ADVANCED_FACE('',(#6732),#6730,.T.);
#6734 = ORIENTED_EDGE('',*,*,#6663,.T.);
#6735 = DIRECTION('',(-1.,0.,0.));
#6736 = VECTOR('',#6735,1.);
#6737 = LINE('',#6682,#6736);
#6738 = EDGE_CURVE('',#6683,#6647,#6737,.T.);
#6739 = ORIENTED_EDGE('',*,*,#6738,.F.);
#6740 = ORIENTED_EDGE('',*,*,#6694,.F.);
#6741 = DIRECTION('',(-1.,0.,0.));
#6742 = VECTOR('',#6741,1.);
#6743 = LINE('',#6680,#6742);
#6744 = EDGE_CURVE('',#6681,#6649,#6743,.T.);
#6745 = ORIENTED_EDGE('',*,*,#6744,.T.);
#6746 = CARTESIAN_POINT('',(-4.314,0.504,0.));
#6747 = DIRECTION('',(0.,1.,0.));
#6748 = DIRECTION('',(0.,0.,1.));
#6749 = AXIS2_PLACEMENT_3D('',#6746,#6747,#6748);
#6750 = PLANE('',#6749);
#6751 = EDGE_LOOP('',(#6734,#6739,#6740,#6745));
#6752 = FACE_OUTER_BOUND('',#6751,.T.);
#6753 = ADVANCED_FACE('',(#6752),#6750,.T.);
#6754 = ORIENTED_EDGE('',*,*,#6668,.T.);
#6755 = ORIENTED_EDGE('',*,*,#6744,.F.);
#6756 = ORIENTED_EDGE('',*,*,#6689,.F.);
#6757 = ORIENTED_EDGE('',*,*,#6717,.T.);
#6758 = CARTESIAN_POINT('',(-4.314,-0.504,0.));
#6759 = DIRECTION('',(0.,0.,-1.));
#6760 = DIRECTION('',(0.,1.,0.));
#6761 = AXIS2_PLACEMENT_3D('',#6758,#6759,#6760);
#6762 = PLANE('',#6761);
#6763 = EDGE_LOOP('',(#6754,#6755,#6756,#6757));
#6764 = FACE_OUTER_BOUND('',#6763,.T.);
#6765 = ADVANCED_FACE('',(#6764),#6762,.T.);
#6766 = ORIENTED_EDGE('',*,*,#6723,.F.);
#6767 = ORIENTED_EDGE('',*,*,#6699,.T.);
#6768 = ORIENTED_EDGE('',*,*,#6738,.T.);
#6769 = ORIENTED_EDGE('',*,*,#6658,.F.);
#6770 = CARTESIAN_POINT('',(-4.314,-0.504,0.504));
#6771 = DIRECTION('',(0.,0.,1.));
#6772 = DIRECTION('',(1.,0.,0.));
#6773 = AXIS2_PLACEMENT_3D('',#6770,#6771,#6772);
#6774 = PLANE('',#6773);
#6775 = EDGE_LOOP('',(#6766,#6767,#6768,#6769));
#6776 = FACE_OUTER_BOUND('',#6775,.T.);
#6777 = ADVANCED_FACE('',(#6776),#6774,.T.);
#6778 = CLOSED_SHELL('',(#6677,#6713,#6733,#6753,#6765,#6777));
#6779 = MANIFOLD_SOLID_BREP('',#6778);
#6780 = CARTESIAN_POINT('',(-2.5399999999999996,-1.27,0.));
#6781 = VERTEX_POINT('',#6780);
#6782 = CARTESIAN_POINT('',(-2.5399999999999996,-1.27,5.));
#6783 = VERTEX_POINT('',#6782);
#6784 = CARTESIAN_POINT('',(-2.5399999999999996,-0.8504999999999999,5.));
#6785 = VERTEX_POINT('',#6784);
#6786 = CARTESIAN_POINT('',(-2.5399999999999996,0.8504999999999999,5.));
#6787 = VERTEX_POINT('',#6786);
#6788 = CARTESIAN_POINT('',(-2.5399999999999996,1.27,5.));
#6789 = VERTEX_POINT('',#6788);
#6790 = CARTESIAN_POINT('',(-2.5399999999999996,1.27,0.));
#6791 = VERTEX_POINT('',#6790);
#6792 = CARTESIAN_POINT('',(-2.5399999999999996,0.4724999999999999,0.));
#6793 = VERTEX_POINT('',#6792);
#6794 = CARTESIAN_POINT('',(-2.5399999999999996,-0.4724999999999999,0.));
#6795 = VERTEX_POINT('',#6794);
#6796 = DIRECTION('',(0.,0.,1.));
#6797 = VECTOR('',#6796,1.);
#6798 = LINE('',#6780,#6797);
#6799 = EDGE_CURVE('',#6781,#6783,#6798,.T.);
#6800 = ORIENTED_EDGE('',*,*,#6799,.T.);
#6801 = DIRECTION('',(0.,-1.,0.));
#6802 = VECTOR('',#6801,1.);
#6803 = LINE('',#6784,#6802);
#6804 = EDGE_CURVE('',#6785,#6783,#6803,.T.);
#6805 = ORIENTED_EDGE('',*,*,#6804,.F.);
#6806 = DIRECTION('',(0.,1.,0.));
#6807 = VECTOR('',#6806,1.);
#6808 = LINE('',#6784,#6807);
#6809 = EDGE_CURVE('',#6785,#6787,#6808,.T.);
#6810 = ORIENTED_EDGE('',*,*,#6809,.T.);
#6811 = DIRECTION('',(0.,1.,0.));
#6812 = VECTOR('',#6811,1.);
#6813 = LINE('',#6786,#6812);
#6814 = EDGE_CURVE('',#6787,#6789,#6813,.T.);
#6815 = ORIENTED_EDGE('',*,*,#6814,.T.);
#6816 = DIRECTION('',(0.,0.,1.));
#6817 = VECTOR('',#6816,1.);
#6818 = LINE('',#6790,#6817);
#6819 = EDGE_CURVE('',#6791,#6789,#6818,.T.);
#6820 = ORIENTED_EDGE('',*,*,#6819,.F.);
#6821 = DIRECTION('',(0.,1.,0.));
#6822 = VECTOR('',#6821,1.);
#6823 = LINE('',#6792,#6822);
#6824 = EDGE_CURVE('',#6793,#6791,#6823,.T.);
#6825 = ORIENTED_EDGE('',*,*,#6824,.F.);
#6826 = DIRECTION('',(0.,1.,0.));
#6827 = VECTOR('',#6826,1.);
#6828 = LINE('',#6794,#6827);
#6829 = EDGE_CURVE('',#6795,#6793,#6828,.T.);
#6830 = ORIENTED_EDGE('',*,*,#6829,.F.);
#6831 = DIRECTION('',(0.,-1.,0.));
#6832 = VECTOR('',#6831,1.);
#6833 = LINE('',#6794,#6832);
#6834 = EDGE_CURVE('',#6795,#6781,#6833,.T.);
#6835 = ORIENTED_EDGE('',*,*,#6834,.T.);
#6836 = CARTESIAN_POINT('',(-2.5399999999999996,-1.27,0.));
#6837 = DIRECTION('',(-1.,0.,0.));
#6838 = DIRECTION('',(0.,0.,1.));
#6839 = AXIS2_PLACEMENT_3D('',#6836,#6837,#6838);
#6840 = PLANE('',#6839);
#6841 = EDGE_LOOP('',(#6800,#6805,#6810,#6815,#6820,#6825,#6830,#6835));
#6842 = FACE_OUTER_BOUND('',#6841,.T.);
#6843 = ADVANCED_FACE('',(#6842),#6840,.T.);
#6844 = CARTESIAN_POINT('',(0.,-1.27,0.));
#6845 = VERTEX_POINT('',#6844);
#6846 = CARTESIAN_POINT('',(0.,-0.4724999999999999,0.));
#6847 = VERTEX_POINT('',#6846);
#6848 = CARTESIAN_POINT('',(0.,0.4724999999999999,0.));
#6849 = VERTEX_POINT('',#6848);
#6850 = CARTESIAN_POINT('',(0.,1.27,0.));
#6851 = VERTEX_POINT('',#6850);
#6852 = CARTESIAN_POINT('',(0.,1.27,5.));
#6853 = VERTEX_POINT('',#6852);
#6854 = CARTESIAN_POINT('',(0.,0.8504999999999999,5.));
#6855 = VERTEX_POINT('',#6854);
#6856 = CARTESIAN_POINT('',(0.,-0.8504999999999999,5.));
#6857 = VERTEX_POINT('',#6856);
#6858 = CARTESIAN_POINT('',(0.,-1.27,5.));
#6859 = VERTEX_POINT('',#6858);
#6860 = DIRECTION('',(0.,-1.,0.));
#6861 = VECTOR('',#6860,1.);
#6862 = LINE('',#6846,#6861);
#6863 = EDGE_CURVE('',#6847,#6845,#6862,.T.);
#6864 = ORIENTED_EDGE('',*,*,#6863,.F.);
#6865 = DIRECTION('',(0.,1.,0.));
#6866 = VECTOR('',#6865,1.);
#6867 = LINE('',#6846,#6866);
#6868 = EDGE_CURVE('',#6847,#6849,#6867,.T.);
#6869 = ORIENTED_EDGE('',*,*,#6868,.T.);
#6870 = DIRECTION('',(0.,1.,0.));
#6871 = VECTOR('',#6870,1.);
#6872 = LINE('',#6848,#6871);
#6873 = EDGE_CURVE('',#6849,#6851,#6872,.T.);
#6874 = ORIENTED_EDGE('',*,*,#6873,.T.);
#6875 = DIRECTION('',(0.,0.,1.));
#6876 = VECTOR('',#6875,1.);
#6877 = LINE('',#6850,#6876);
#6878 = EDGE_CURVE('',#6851,#6853,#6877,.T.);
#6879 = ORIENTED_EDGE('',*,*,#6878,.T.);
#6880 = DIRECTION('',(0.,1.,0.));
#6881 = VECTOR('',#6880,1.);
#6882 = LINE('',#6854,#6881);
#6883 = EDGE_CURVE('',#6855,#6853,#6882,.T.);
#6884 = ORIENTED_EDGE('',*,*,#6883,.F.);
#6885 = DIRECTION('',(0.,1.,0.));
#6886 = VECTOR('',#6885,1.);
#6887 = LINE('',#6856,#6886);
#6888 = EDGE_CURVE('',#6857,#6855,#6887,.T.);
#6889 = ORIENTED_EDGE('',*,*,#6888,.F.);
#6890 = DIRECTION('',(0.,-1.,0.));
#6891 = VECTOR('',#6890,1.);
#6892 = LINE('',#6856,#6891);
#6893 = EDGE_CURVE('',#6857,#6859,#6892,.T.);
#6894 = ORIENTED_EDGE('',*,*,#6893,.T.);
#6895 = DIRECTION('',(0.,0.,1.));
#6896 = VECTOR('',#6895,1.);
#6897 = LINE('',#6844,#6896);
#6898 = EDGE_CURVE('',#6845,#6859,#6897,.T.);
#6899 = ORIENTED_EDGE('',*,*,#6898,.F.);
#6900 = CARTESIAN_POINT('',(0.,-1.27,0.));
#6901 = DIRECTION('',(1.,0.,0.));
#6902 = DIRECTION('',(0.,1.,0.));
#6903 = AXIS2_PLACEMENT_3D('',#6900,#6901,#6902);
#6904 = PLANE('',#6903);
#6905 = EDGE_LOOP('',(#6864,#6869,#6874,#6879,#6884,#6889,#6894,#6899));
#6906 = FACE_OUTER_BOUND('',#6905,.T.);
#6907 = ADVANCED_FACE('',(#6906),#6904,.T.);
#6908 = DIRECTION('',(1.,0.,0.));
#6909 = VECTOR('',#6908,1.);
#6910 = LINE('',#6780,#6909);
#6911 = EDGE_CURVE('',#6781,#6845,#6910,.T.);
#6912 = ORIENTED_EDGE('',*,*,#6911,.T.);
#6913 = ORIENTED_EDGE('',*,*,#6898,.T.);
#6914 = DIRECTION('',(1.,0.,0.));
#6915 = VECTOR('',#6914,1.);
#6916 = LINE('',#6782,#6915);
#6917 = EDGE_CURVE('',#6783,#6859,#6916,.T.);
#6918 = ORIENTED_EDGE('',*,*,#6917,.F.);
#6919 = ORIENTED_EDGE('',*,*,#6799,.F.);
#6920 = CARTESIAN_POINT('',(-2.5399999999999996,-1.27,0.));
#6921 = DIRECTION('',(0.,-1.,0.));
#6922 = DIRECTION('',(1.,0.,0.));
#6923 = AXIS2_PLACEMENT_3D('',#6920,#6921,#6922);
#6924 = PLANE('',#6923);
#6925 = EDGE_LOOP('',(#6912,#6913,#6918,#6919));
#6926 = FACE_OUTER_BOUND('',#6925,.T.);
#6927 = ADVANCED_FACE('',(#6926),#6924,.T.);
#6928 = ORIENTED_EDGE('',*,*,#6819,.T.);
#6929 = DIRECTION('',(1.,0.,0.));
#6930 = VECTOR('',#6929,1.);
#6931 = LINE('',#6788,#6930);
#6932 = EDGE_CURVE('',#6789,#6853,#6931,.T.);
#6933 = ORIENTED_EDGE('',*,*,#6932,.T.);
#6934 = ORIENTED_EDGE('',*,*,#6878,.F.);
#6935 = DIRECTION('',(1.,0.,0.));
#6936 = VECTOR('',#6935,1.);
#6937 = LINE('',#6790,#6936);
#6938 = EDGE_CURVE('',#6791,#6851,#6937,.T.);
#6939 = ORIENTED_EDGE('',*,*,#6938,.F.);
#6940 = CARTESIAN_POINT('',(-2.5399999999999996,1.27,0.));
#6941 = DIRECTION('',(0.,1.,0.));
#6942 = DIRECTION('',(0.,0.,1.));
#6943 = AXIS2_PLACEMENT_3D('',#6940,#6941,#6942);
#6944 = PLANE('',#6943);
#6945 = EDGE_LOOP('',(#6928,#6933,#6934,#6939));
#6946 = FACE_OUTER_BOUND('',#6945,.T.);
#6947 = ADVANCED_FACE('',(#6946),#6944,.T.);
#6948 = CARTESIAN_POINT('',(-0.7974999999999997,0.4725,0.));
#6949 = VERTEX_POINT('',#6948);
#6950 = CARTESIAN_POINT('',(-1.7424999999999995,0.4725,0.));
#6951 = VERTEX_POINT('',#6950);
#6952 = ORIENTED_EDGE('',*,*,#6873,.F.);
#6953 = DIRECTION('',(1.,0.,0.));
#6954 = VECTOR('',#6953,1.);
#6955 = LINE('',#6948,#6954);
#6956 = EDGE_CURVE('',#6949,#6849,#6955,.T.);
#6957 = ORIENTED_EDGE('',*,*,#6956,.F.);
#6958 = DIRECTION('',(-1.,0.,0.));
#6959 = VECTOR('',#6958,1.);
#6960 = LINE('',#6948,#6959);
#6961 = EDGE_CURVE('',#6949,#6951,#6960,.T.);
#6962 = ORIENTED_EDGE('',*,*,#6961,.T.);
#6963 = DIRECTION('',(-1.,0.,0.));
#6964 = VECTOR('',#6963,1.);
#6965 = LINE('',#6950,#6964);
#6966 = EDGE_CURVE('',#6951,#6793,#6965,.T.);
#6967 = ORIENTED_EDGE('',*,*,#6966,.T.);
#6968 = ORIENTED_EDGE('',*,*,#6824,.T.);
#6969 = ORIENTED_EDGE('',*,*,#6938,.T.);
#6970 = CARTESIAN_POINT('',(0.,1.27,0.));
#6971 = DIRECTION('',(0.,0.,-1.));
#6972 = DIRECTION('',(0.,-1.,0.));
#6973 = AXIS2_PLACEMENT_3D('',#6970,#6971,#6972);
#6974 = PLANE('',#6973);
#6975 = EDGE_LOOP('',(#6952,#6957,#6962,#6967,#6968,#6969));
#6976 = FACE_OUTER_BOUND('',#6975,.T.);
#6977 = ADVANCED_FACE('',(#6976),#6974,.T.);
#6978 = CARTESIAN_POINT('',(-1.7424999999999995,-0.4724999999999999,0.));
#6979 = VERTEX_POINT('',#6978);
#6980 = DIRECTION('',(0.,1.,0.));
#6981 = VECTOR('',#6980,1.);
#6982 = LINE('',#6978,#6981);
#6983 = EDGE_CURVE('',#6979,#6951,#6982,.T.);
#6984 = ORIENTED_EDGE('',*,*,#6983,.F.);
#6985 = DIRECTION('',(-1.,0.,0.));
#6986 = VECTOR('',#6985,1.);
#6987 = LINE('',#6978,#6986);
#6988 = EDGE_CURVE('',#6979,#6795,#6987,.T.);
#6989 = ORIENTED_EDGE('',*,*,#6988,.T.);
#6990 = ORIENTED_EDGE('',*,*,#6829,.T.);
#6991 = ORIENTED_EDGE('',*,*,#6966,.F.);
#6992 = CARTESIAN_POINT('',(-1.7424999999999995,0.4724999999999999,0.));
#6993 = DIRECTION('',(0.,0.,-1.));
#6994 = DIRECTION('',(0.,-1.,0.));
#6995 = AXIS2_PLACEMENT_3D('',#6992,#6993,#6994);
#6996 = PLANE('',#6995);
#6997 = EDGE_LOOP('',(#6984,#6989,#6990,#6991));
#6998 = FACE_OUTER_BOUND('',#6997,.T.);
#6999 = ADVANCED_FACE('',(#6998),#6996,.T.);
#7000 = CARTESIAN_POINT('',(-0.7974999999999997,-0.4724999999999999,0.));
#7001 = VERTEX_POINT('',#7000);
#7002 = ORIENTED_EDGE('',*,*,#6868,.F.);
#7003 = DIRECTION('',(1.,0.,0.));
#7004 = VECTOR('',#7003,1.);
#7005 = LINE('',#7000,#7004);
#7006 = EDGE_CURVE('',#7001,#6847,#7005,.T.);
#7007 = ORIENTED_EDGE('',*,*,#7006,.F.);
#7008 = DIRECTION('',(0.,1.,0.));
#7009 = VECTOR('',#7008,1.);
#7010 = LINE('',#7000,#7009);
#7011 = EDGE_CURVE('',#7001,#6949,#7010,.T.);
#7012 = ORIENTED_EDGE('',*,*,#7011,.T.);
#7013 = ORIENTED_EDGE('',*,*,#6956,.T.);
#7014 = CARTESIAN_POINT('',(0.,0.4724999999999999,0.));
#7015 = DIRECTION('',(0.,0.,-1.));
#7016 = DIRECTION('',(0.,-1.,0.));
#7017 = AXIS2_PLACEMENT_3D('',#7014,#7015,#7016);
#7018 = PLANE('',#7017);
#7019 = EDGE_LOOP('',(#7002,#7007,#7012,#7013));
#7020 = FACE_OUTER_BOUND('',#7019,.T.);
#7021 = ADVANCED_FACE('',(#7020),#7018,.T.);
#7022 = ORIENTED_EDGE('',*,*,#6863,.T.);
#7023 = ORIENTED_EDGE('',*,*,#6911,.F.);
#7024 = ORIENTED_EDGE('',*,*,#6834,.F.);
#7025 = ORIENTED_EDGE('',*,*,#6988,.F.);
#7026 = DIRECTION('',(-1.,0.,0.));
#7027 = VECTOR('',#7026,1.);
#7028 = LINE('',#7000,#7027);
#7029 = EDGE_CURVE('',#7001,#6979,#7028,.T.);
#7030 = ORIENTED_EDGE('',*,*,#7029,.F.);
#7031 = ORIENTED_EDGE('',*,*,#7006,.T.);
#7032 = CARTESIAN_POINT('',(0.,-0.4724999999999999,0.));
#7033 = DIRECTION('',(0.,0.,-1.));
#7034 = DIRECTION('',(0.,-1.,0.));
#7035 = AXIS2_PLACEMENT_3D('',#7032,#7033,#7034);
#7036 = PLANE('',#7035);
#7037 = EDGE_LOOP('',(#7022,#7023,#7024,#7025,#7030,#7031));
#7038 = FACE_OUTER_BOUND('',#7037,.T.);
#7039 = ADVANCED_FACE('',(#7038),#7036,.T.);
#7040 = CARTESIAN_POINT('',(-0.41949999999999965,0.8504999999999999,4.995));
#7041 = VERTEX_POINT('',#7040);
#7042 = CARTESIAN_POINT('',(-2.1204999999999994,0.8504999999999999,4.995));
#7043 = VERTEX_POINT('',#7042);
#7044 = CARTESIAN_POINT('',(-1.7424999999999995,0.4725,4.3854));
#7045 = VERTEX_POINT('',#7044);
#7046 = CARTESIAN_POINT('',(-0.7974999999999997,0.4725,4.3854));
#7047 = VERTEX_POINT('',#7046);
#7048 = DIRECTION('',(-1.,0.,0.));
#7049 = VECTOR('',#7048,1.);
#7050 = LINE('',#7040,#7049);
#7051 = EDGE_CURVE('',#7041,#7043,#7050,.T.);
#7052 = ORIENTED_EDGE('',*,*,#7051,.T.);
#7053 = DIRECTION('',(-0.46621205975657,0.4662120597565701,0.7518594487502787));
#7054 = VECTOR('',#7053,1.);
#7055 = LINE('',#7044,#7054);
#7056 = EDGE_CURVE('',#7045,#7043,#7055,.T.);
#7057 = ORIENTED_EDGE('',*,*,#7056,.F.);
#7058 = DIRECTION('',(-1.,0.,0.));
#7059 = VECTOR('',#7058,1.);
#7060 = LINE('',#7046,#7059);
#7061 = EDGE_CURVE('',#7047,#7045,#7060,.T.);
#7062 = ORIENTED_EDGE('',*,*,#7061,.F.);
#7063 = DIRECTION('',(-0.46621205975657004,-0.46621205975656993,-0.7518594487502784));
#7064 = VECTOR('',#7063,1.);
#7065 = LINE('',#7040,#7064);
#7066 = EDGE_CURVE('',#7041,#7047,#7065,.T.);
#7067 = ORIENTED_EDGE('',*,*,#7066,.F.);
#7068 = CARTESIAN_POINT('',(-0.41949999999999965,0.8504999999999999,4.995));
#7069 = DIRECTION('',(0.,-0.8498727207846389,0.5269880059983484));
#7070 = DIRECTION('',(-1.,0.,0.));
#7071 = AXIS2_PLACEMENT_3D('',#7068,#7069,#7070);
#7072 = PLANE('',#7071);
#7073 = EDGE_LOOP('',(#7052,#7057,#7062,#7067));
#7074 = FACE_OUTER_BOUND('',#7073,.T.);
#7075 = ADVANCED_FACE('',(#7074),#7072,.T.);
#7076 = CARTESIAN_POINT('',(-2.1204999999999994,-0.8504999999999999,4.995));
#7077 = VERTEX_POINT('',#7076);
#7078 = CARTESIAN_POINT('',(-1.7424999999999995,-0.4725,4.3854));
#7079 = VERTEX_POINT('',#7078);
#7080 = ORIENTED_EDGE('',*,*,#7056,.T.);
#7081 = DIRECTION('',(0.,1.,0.));
#7082 = VECTOR('',#7081,1.);
#7083 = LINE('',#7076,#7082);
#7084 = EDGE_CURVE('',#7077,#7043,#7083,.T.);
#7085 = ORIENTED_EDGE('',*,*,#7084,.F.);
#7086 = DIRECTION('',(-0.46621205975657,-0.4662120597565701,0.7518594487502787));
#7087 = VECTOR('',#7086,1.);
#7088 = LINE('',#7078,#7087);
#7089 = EDGE_CURVE('',#7079,#7077,#7088,.T.);
#7090 = ORIENTED_EDGE('',*,*,#7089,.F.);
#7091 = DIRECTION('',(0.,1.,0.));
#7092 = VECTOR('',#7091,1.);
#7093 = LINE('',#7078,#7092);
#7094 = EDGE_CURVE('',#7079,#7045,#7093,.T.);
#7095 = ORIENTED_EDGE('',*,*,#7094,.T.);
#7096 = CARTESIAN_POINT('',(-1.7424999999999995,0.4725,4.3854));
#7097 = DIRECTION('',(0.8498727207846388,0.,0.5269880059983486));
#7098 = DIRECTION('',(-0.46621205975657,0.4662120597565701,0.7518594487502787));
#7099 = AXIS2_PLACEMENT_3D('',#7096,#7097,#7098);
#7100 = PLANE('',#7099);
#7101 = EDGE_LOOP('',(#7080,#7085,#7090,#7095));
#7102 = FACE_OUTER_BOUND('',#7101,.T.);
#7103 = ADVANCED_FACE('',(#7102),#7100,.T.);
#7104 = CARTESIAN_POINT('',(-0.7974999999999997,-0.4725,4.3854));
#7105 = VERTEX_POINT('',#7104);
#7106 = CARTESIAN_POINT('',(-0.41949999999999965,-0.8504999999999999,4.995));
#7107 = VERTEX_POINT('',#7106);
#7108 = ORIENTED_EDGE('',*,*,#7066,.T.);
#7109 = DIRECTION('',(0.,1.,0.));
#7110 = VECTOR('',#7109,1.);
#7111 = LINE('',#7104,#7110);
#7112 = EDGE_CURVE('',#7105,#7047,#7111,.T.);
#7113 = ORIENTED_EDGE('',*,*,#7112,.F.);
#7114 = DIRECTION('',(-0.46621205975657004,0.46621205975656993,-0.7518594487502784));
#7115 = VECTOR('',#7114,1.);
#7116 = LINE('',#7106,#7115);
#7117 = EDGE_CURVE('',#7107,#7105,#7116,.T.);
#7118 = ORIENTED_EDGE('',*,*,#7117,.F.);
#7119 = DIRECTION('',(0.,1.,0.));
#7120 = VECTOR('',#7119,1.);
#7121 = LINE('',#7106,#7120);
#7122 = EDGE_CURVE('',#7107,#7041,#7121,.T.);
#7123 = ORIENTED_EDGE('',*,*,#7122,.T.);
#7124 = CARTESIAN_POINT('',(-0.41949999999999965,0.8504999999999999,4.995));
#7125 = DIRECTION('',(-0.8498727207846387,0.,0.5269880059983487));
#7126 = DIRECTION('',(-0.46621205975657004,-0.46621205975656993,-0.7518594487502784));
#7127 = AXIS2_PLACEMENT_3D('',#7124,#7125,#7126);
#7128 = PLANE('',#7127);
#7129 = EDGE_LOOP('',(#7108,#7113,#7118,#7123));
#7130 = FACE_OUTER_BOUND('',#7129,.T.);
#7131 = ADVANCED_FACE('',(#7130),#7128,.T.);
#7132 = DIRECTION('',(-1.,0.,0.));
#7133 = VECTOR('',#7132,1.);
#7134 = LINE('',#7104,#7133);
#7135 = EDGE_CURVE('',#7105,#7079,#7134,.T.);
#7136 = ORIENTED_EDGE('',*,*,#7135,.T.);
#7137 = ORIENTED_EDGE('',*,*,#7089,.T.);
#7138 = DIRECTION('',(-1.,0.,0.));
#7139 = VECTOR('',#7138,1.);
#7140 = LINE('',#7106,#7139);
#7141 = EDGE_CURVE('',#7107,#7077,#7140,.T.);
#7142 = ORIENTED_EDGE('',*,*,#7141,.F.);
#7143 = ORIENTED_EDGE('',*,*,#7117,.T.);
#7144 = CARTESIAN_POINT('',(-0.7974999999999997,-0.4725,4.3854));
#7145 = DIRECTION('',(0.,0.8498727207846389,0.5269880059983484));
#7146 = DIRECTION('',(-1.,0.,0.));
#7147 = AXIS2_PLACEMENT_3D('',#7144,#7145,#7146);
#7148 = PLANE('',#7147);
#7149 = EDGE_LOOP('',(#7136,#7137,#7142,#7143));
#7150 = FACE_OUTER_BOUND('',#7149,.T.);
#7151 = ADVANCED_FACE('',(#7150),#7148,.T.);
#7152 = CARTESIAN_POINT('',(-2.1204999999999994,-0.8504999999999999,5.));
#7153 = VERTEX_POINT('',#7152);
#7154 = CARTESIAN_POINT('',(-0.41949999999999965,-0.8504999999999999,5.));
#7155 = VERTEX_POINT('',#7154);
#7156 = DIRECTION('',(0.,0.,1.));
#7157 = VECTOR('',#7156,1.);
#7158 = LINE('',#7076,#7157);
#7159 = EDGE_CURVE('',#7077,#7153,#7158,.T.);
#7160 = ORIENTED_EDGE('',*,*,#7159,.T.);
#7161 = DIRECTION('',(-1.,0.,0.));
#7162 = VECTOR('',#7161,1.);
#7163 = LINE('',#7154,#7162);
#7164 = EDGE_CURVE('',#7155,#7153,#7163,.T.);
#7165 = ORIENTED_EDGE('',*,*,#7164,.F.);
#7166 = DIRECTION('',(0.,0.,1.));
#7167 = VECTOR('',#7166,1.);
#7168 = LINE('',#7106,#7167);
#7169 = EDGE_CURVE('',#7107,#7155,#7168,.T.);
#7170 = ORIENTED_EDGE('',*,*,#7169,.F.);
#7171 = ORIENTED_EDGE('',*,*,#7141,.T.);
#7172 = CARTESIAN_POINT('',(-2.1204999999999994,-0.8504999999999999,4.995));
#7173 = DIRECTION('',(0.,1.,0.));
#7174 = DIRECTION('',(0.,0.,1.));
#7175 = AXIS2_PLACEMENT_3D('',#7172,#7173,#7174);
#7176 = PLANE('',#7175);
#7177 = EDGE_LOOP('',(#7160,#7165,#7170,#7171));
#7178 = FACE_OUTER_BOUND('',#7177,.T.);
#7179 = ADVANCED_FACE('',(#7178),#7176,.T.);
#7180 = CARTESIAN_POINT('',(-2.1204999999999994,0.8504999999999999,5.));
#7181 = VERTEX_POINT('',#7180);
#7182 = CARTESIAN_POINT('',(-0.41949999999999965,0.8504999999999999,5.));
#7183 = VERTEX_POINT('',#7182);
#7184 = DIRECTION('',(0.,0.,1.));
#7185 = VECTOR('',#7184,1.);
#7186 = LINE('',#7042,#7185);
#7187 = EDGE_CURVE('',#7043,#7181,#7186,.T.);
#7188 = ORIENTED_EDGE('',*,*,#7187,.F.);
#7189 = ORIENTED_EDGE('',*,*,#7051,.F.);
#7190 = DIRECTION('',(0.,0.,1.));
#7191 = VECTOR('',#7190,1.);
#7192 = LINE('',#7040,#7191);
#7193 = EDGE_CURVE('',#7041,#7183,#7192,.T.);
#7194 = ORIENTED_EDGE('',*,*,#7193,.T.);
#7195 = DIRECTION('',(-1.,0.,0.));
#7196 = VECTOR('',#7195,1.);
#7197 = LINE('',#7182,#7196);
#7198 = EDGE_CURVE('',#7183,#7181,#7197,.T.);
#7199 = ORIENTED_EDGE('',*,*,#7198,.T.);
#7200 = CARTESIAN_POINT('',(-2.1204999999999994,0.8504999999999999,5.));
#7201 = DIRECTION('',(0.,-1.,0.));
#7202 = DIRECTION('',(0.,0.,-1.));
#7203 = AXIS2_PLACEMENT_3D('',#7200,#7201,#7202);
#7204 = PLANE('',#7203);
#7205 = EDGE_LOOP('',(#7188,#7189,#7194,#7199));
#7206 = FACE_OUTER_BOUND('',#7205,.T.);
#7207 = ADVANCED_FACE('',(#7206),#7204,.T.);
#7208 = ORIENTED_EDGE('',*,*,#7159,.F.);
#7209 = ORIENTED_EDGE('',*,*,#7084,.T.);
#7210 = ORIENTED_EDGE('',*,*,#7187,.T.);
#7211 = DIRECTION('',(0.,1.,0.));
#7212 = VECTOR('',#7211,1.);
#7213 = LINE('',#7152,#7212);
#7214 = EDGE_CURVE('',#7153,#7181,#7213,.T.);
#7215 = ORIENTED_EDGE('',*,*,#7214,.F.);
#7216 = CARTESIAN_POINT('',(-2.1204999999999994,-0.8504999999999999,5.));
#7217 = DIRECTION('',(1.,0.,0.));
#7218 = DIRECTION('',(0.,0.,-1.));
#7219 = AXIS2_PLACEMENT_3D('',#7216,#7217,#7218);
#7220 = PLANE('',#7219);
#7221 = EDGE_LOOP('',(#7208,#7209,#7210,#7215));
#7222 = FACE_OUTER_BOUND('',#7221,.T.);
#7223 = ADVANCED_FACE('',(#7222),#7220,.T.);
#7224 = ORIENTED_EDGE('',*,*,#7193,.F.);
#7225 = ORIENTED_EDGE('',*,*,#7122,.F.);
#7226 = ORIENTED_EDGE('',*,*,#7169,.T.);
#7227 = DIRECTION('',(0.,1.,0.));
#7228 = VECTOR('',#7227,1.);
#7229 = LINE('',#7154,#7228);
#7230 = EDGE_CURVE('',#7155,#7183,#7229,.T.);
#7231 = ORIENTED_EDGE('',*,*,#7230,.T.);
#7232 = CARTESIAN_POINT('',(-0.41949999999999965,0.8504999999999999,5.));
#7233 = DIRECTION('',(-1.,0.,0.));
#7234 = DIRECTION('',(0.,0.,-1.));
#7235 = AXIS2_PLACEMENT_3D('',#7232,#7233,#7234);
#7236 = PLANE('',#7235);
#7237 = EDGE_LOOP('',(#7224,#7225,#7226,#7231));
#7238 = FACE_OUTER_BOUND('',#7237,.T.);
#7239 = ADVANCED_FACE('',(#7238),#7236,.T.);
#7240 = DIRECTION('',(0.,0.,1.));
#7241 = VECTOR('',#7240,1.);
#7242 = LINE('',#6978,#7241);
#7243 = EDGE_CURVE('',#6979,#7079,#7242,.T.);
#7244 = ORIENTED_EDGE('',*,*,#7243,.F.);
#7245 = ORIENTED_EDGE('',*,*,#6983,.T.);
#7246 = DIRECTION('',(0.,0.,1.));
#7247 = VECTOR('',#7246,1.);
#7248 = LINE('',#6950,#7247);
#7249 = EDGE_CURVE('',#6951,#7045,#7248,.T.);
#7250 = ORIENTED_EDGE('',*,*,#7249,.T.);
#7251 = ORIENTED_EDGE('',*,*,#7094,.F.);
#7252 = CARTESIAN_POINT('',(-1.7424999999999995,-0.4725,4.3854));
#7253 = DIRECTION('',(1.,0.,0.));
#7254 = DIRECTION('',(0.,0.,-1.));
#7255 = AXIS2_PLACEMENT_3D('',#7252,#7253,#7254);
#7256 = PLANE('',#7255);
#7257 = EDGE_LOOP('',(#7244,#7245,#7250,#7251));
#7258 = FACE_OUTER_BOUND('',#7257,.T.);
#7259 = ADVANCED_FACE('',(#7258),#7256,.T.);
#7260 = ORIENTED_EDGE('',*,*,#7112,.T.);
#7261 = DIRECTION('',(0.,0.,1.));
#7262 = VECTOR('',#7261,1.);
#7263 = LINE('',#6948,#7262);
#7264 = EDGE_CURVE('',#6949,#7047,#7263,.T.);
#7265 = ORIENTED_EDGE('',*,*,#7264,.F.);
#7266 = ORIENTED_EDGE('',*,*,#7011,.F.);
#7267 = DIRECTION('',(0.,0.,1.));
#7268 = VECTOR('',#7267,1.);
#7269 = LINE('',#7000,#7268);
#7270 = EDGE_CURVE('',#7001,#7105,#7269,.T.);
#7271 = ORIENTED_EDGE('',*,*,#7270,.T.);
#7272 = CARTESIAN_POINT('',(-0.7974999999999997,-0.4725,4.385399999999998));
#7273 = DIRECTION('',(-1.,0.,0.));
#7274 = DIRECTION('',(0.,1.,0.));
#7275 = AXIS2_PLACEMENT_3D('',#7272,#7273,#7274);
#7276 = PLANE('',#7275);
#7277 = EDGE_LOOP('',(#7260,#7265,#7266,#7271));
#7278 = FACE_OUTER_BOUND('',#7277,.T.);
#7279 = ADVANCED_FACE('',(#7278),#7276,.T.);
#7280 = ORIENTED_EDGE('',*,*,#7270,.F.);
#7281 = ORIENTED_EDGE('',*,*,#7029,.T.);
#7282 = ORIENTED_EDGE('',*,*,#7243,.T.);
#7283 = ORIENTED_EDGE('',*,*,#7135,.F.);
#7284 = CARTESIAN_POINT('',(-0.7974999999999997,-0.4725,4.385399999999998));
#7285 = DIRECTION('',(0.,1.,0.));
#7286 = DIRECTION('',(0.,0.,-1.));
#7287 = AXIS2_PLACEMENT_3D('',#7284,#7285,#7286);
#7288 = PLANE('',#7287);
#7289 = EDGE_LOOP('',(#7280,#7281,#7282,#7283));
#7290 = FACE_OUTER_BOUND('',#7289,.T.);
#7291 = ADVANCED_FACE('',(#7290),#7288,.T.);
#7292 = ORIENTED_EDGE('',*,*,#7249,.F.);
#7293 = ORIENTED_EDGE('',*,*,#6961,.F.);
#7294 = ORIENTED_EDGE('',*,*,#7264,.T.);
#7295 = ORIENTED_EDGE('',*,*,#7061,.T.);
#7296 = CARTESIAN_POINT('',(-1.7424999999999995,0.4725,4.385399999999998));
#7297 = DIRECTION('',(0.,-1.,0.));
#7298 = DIRECTION('',(0.,0.,-1.));
#7299 = AXIS2_PLACEMENT_3D('',#7296,#7297,#7298);
#7300 = PLANE('',#7299);
#7301 = EDGE_LOOP('',(#7292,#7293,#7294,#7295));
#7302 = FACE_OUTER_BOUND('',#7301,.T.);
#7303 = ADVANCED_FACE('',(#7302),#7300,.T.);
#7304 = ORIENTED_EDGE('',*,*,#6814,.F.);
#7305 = DIRECTION('',(-1.,0.,0.));
#7306 = VECTOR('',#7305,1.);
#7307 = LINE('',#7180,#7306);
#7308 = EDGE_CURVE('',#7181,#6787,#7307,.T.);
#7309 = ORIENTED_EDGE('',*,*,#7308,.F.);
#7310 = ORIENTED_EDGE('',*,*,#7198,.F.);
#7311 = DIRECTION('',(1.,0.,0.));
#7312 = VECTOR('',#7311,1.);
#7313 = LINE('',#7182,#7312);
#7314 = EDGE_CURVE('',#7183,#6855,#7313,.T.);
#7315 = ORIENTED_EDGE('',*,*,#7314,.T.);
#7316 = ORIENTED_EDGE('',*,*,#6883,.T.);
#7317 = ORIENTED_EDGE('',*,*,#6932,.F.);
#7318 = CARTESIAN_POINT('',(-2.5399999999999996,1.27,5.));
#7319 = DIRECTION('',(0.,0.,1.));
#7320 = DIRECTION('',(0.,-1.,0.));
#7321 = AXIS2_PLACEMENT_3D('',#7318,#7319,#7320);
#7322 = PLANE('',#7321);
#7323 = EDGE_LOOP('',(#7304,#7309,#7310,#7315,#7316,#7317));
#7324 = FACE_OUTER_BOUND('',#7323,.T.);
#7325 = ADVANCED_FACE('',(#7324),#7322,.T.);
#7326 = ORIENTED_EDGE('',*,*,#7230,.F.);
#7327 = DIRECTION('',(1.,0.,0.));
#7328 = VECTOR('',#7327,1.);
#7329 = LINE('',#7154,#7328);
#7330 = EDGE_CURVE('',#7155,#6857,#7329,.T.);
#7331 = ORIENTED_EDGE('',*,*,#7330,.T.);
#7332 = ORIENTED_EDGE('',*,*,#6888,.T.);
#7333 = ORIENTED_EDGE('',*,*,#7314,.F.);
#7334 = CARTESIAN_POINT('',(-0.41949999999999965,0.8504999999999999,5.));
#7335 = DIRECTION('',(0.,0.,1.));
#7336 = DIRECTION('',(0.,-1.,0.));
#7337 = AXIS2_PLACEMENT_3D('',#7334,#7335,#7336);
#7338 = PLANE('',#7337);
#7339 = EDGE_LOOP('',(#7326,#7331,#7332,#7333));
#7340 = FACE_OUTER_BOUND('',#7339,.T.);
#7341 = ADVANCED_FACE('',(#7340),#7338,.T.);
#7342 = ORIENTED_EDGE('',*,*,#6809,.F.);
#7343 = DIRECTION('',(-1.,0.,0.));
#7344 = VECTOR('',#7343,1.);
#7345 = LINE('',#7152,#7344);
#7346 = EDGE_CURVE('',#7153,#6785,#7345,.T.);
#7347 = ORIENTED_EDGE('',*,*,#7346,.F.);
#7348 = ORIENTED_EDGE('',*,*,#7214,.T.);
#7349 = ORIENTED_EDGE('',*,*,#7308,.T.);
#7350 = CARTESIAN_POINT('',(-2.5399999999999996,0.8504999999999999,5.));
#7351 = DIRECTION('',(0.,0.,1.));
#7352 = DIRECTION('',(0.,-1.,0.));
#7353 = AXIS2_PLACEMENT_3D('',#7350,#7351,#7352);
#7354 = PLANE('',#7353);
#7355 = EDGE_LOOP('',(#7342,#7347,#7348,#7349));
#7356 = FACE_OUTER_BOUND('',#7355,.T.);
#7357 = ADVANCED_FACE('',(#7356),#7354,.T.);
#7358 = ORIENTED_EDGE('',*,*,#6804,.T.);
#7359 = ORIENTED_EDGE('',*,*,#6917,.T.);
#7360 = ORIENTED_EDGE('',*,*,#6893,.F.);
#7361 = ORIENTED_EDGE('',*,*,#7330,.F.);
#7362 = ORIENTED_EDGE('',*,*,#7164,.T.);
#7363 = ORIENTED_EDGE('',*,*,#7346,.T.);
#7364 = CARTESIAN_POINT('',(-2.5399999999999996,-0.8504999999999999,5.));
#7365 = DIRECTION('',(0.,0.,1.));
#7366 = DIRECTION('',(0.,-1.,0.));
#7367 = AXIS2_PLACEMENT_3D('',#7364,#7365,#7366);
#7368 = PLANE('',#7367);
#7369 = EDGE_LOOP('',(#7358,#7359,#7360,#7361,#7362,#7363));
#7370 = FACE_OUTER_BOUND('',#7369,.T.);
#7371 = ADVANCED_FACE('',(#7370),#7368,.T.);
#7372 = CLOSED_SHELL('',(#6843,#6907,#6927,#6947,#6977,#6999,#7021,#7039,#7075,#7103,#7131,#7151,#7179,#7207,#7223,#7239,#7259,#7279,#7291,#7303,#7325,#7341,#7357,#7371));
#7373 = MANIFOLD_SOLID_BREP('',#7372);
#7374 = COLOUR_RGB('',0.10196078431372549,0.10196078431372549,0.10196078431372549);
#7375 = FILL_AREA_STYLE_COLOUR('',#7374);
#7376 = FILL_AREA_STYLE('',(#7375));
#7377 = SURFACE_STYLE_FILL_AREA(#7376);
#7378 = SURFACE_SIDE_STYLE('',(#7377));
#7379 = SURFACE_STYLE_USAGE(.BOTH.,#7378);
#7380 = PRESENTATION_STYLE_ASSIGNMENT((#7379));
#7381 = STYLED_ITEM('',(#7380),#7373);
#7382 = CARTESIAN_POINT('',(-0.9549999999999996,-0.315,0.));
#7383 = VERTEX_POINT('',#7382);
#7384 = CARTESIAN_POINT('',(-1.5849999999999995,-0.315,0.));
#7385 = VERTEX_POINT('',#7384);
#7386 = CARTESIAN_POINT('',(-1.5849999999999995,-0.315,-2.7));
#7387 = VERTEX_POINT('',#7386);
#7388 = CARTESIAN_POINT('',(-0.9549999999999996,-0.315,-2.7));
#7389 = VERTEX_POINT('',#7388);
#7390 = DIRECTION('',(-1.,0.,0.));
#7391 = VECTOR('',#7390,1.);
#7392 = LINE('',#7382,#7391);
#7393 = EDGE_CURVE('',#7383,#7385,#7392,.T.);
#7394 = ORIENTED_EDGE('',*,*,#7393,.T.);
#7395 = DIRECTION('',(0.,0.,1.));
#7396 = VECTOR('',#7395,1.);
#7397 = LINE('',#7386,#7396);
#7398 = EDGE_CURVE('',#7387,#7385,#7397,.T.);
#7399 = ORIENTED_EDGE('',*,*,#7398,.F.);
#7400 = DIRECTION('',(-1.,0.,0.));
#7401 = VECTOR('',#7400,1.);
#7402 = LINE('',#7388,#7401);
#7403 = EDGE_CURVE('',#7389,#7387,#7402,.T.);
#7404 = ORIENTED_EDGE('',*,*,#7403,.F.);
#7405 = DIRECTION('',(0.,0.,1.));
#7406 = VECTOR('',#7405,1.);
#7407 = LINE('',#7388,#7406);
#7408 = EDGE_CURVE('',#7389,#7383,#7407,.T.);
#7409 = ORIENTED_EDGE('',*,*,#7408,.T.);
#7410 = CARTESIAN_POINT('',(-0.9549999999999996,-0.315,0.));
#7411 = DIRECTION('',(0.,-1.,0.));
#7412 = DIRECTION('',(-1.,0.,0.));
#7413 = AXIS2_PLACEMENT_3D('',#7410,#7411,#7412);
#7414 = PLANE('',#7413);
#7415 = EDGE_LOOP('',(#7394,#7399,#7404,#7409));
#7416 = FACE_OUTER_BOUND('',#7415,.T.);
#7417 = ADVANCED_FACE('',(#7416),#7414,.T.);
#7418 = CARTESIAN_POINT('',(-0.9549999999999996,0.315,-2.7));
#7419 = VERTEX_POINT('',#7418);
#7420 = CARTESIAN_POINT('',(-0.9549999999999996,0.315,0.));
#7421 = VERTEX_POINT('',#7420);
#7422 = ORIENTED_EDGE('',*,*,#7408,.F.);
#7423 = DIRECTION('',(0.,1.,0.));
#7424 = VECTOR('',#7423,1.);
#7425 = LINE('',#7388,#7424);
#7426 = EDGE_CURVE('',#7389,#7419,#7425,.T.);
#7427 = ORIENTED_EDGE('',*,*,#7426,.T.);
#7428 = DIRECTION('',(0.,0.,1.));
#7429 = VECTOR('',#7428,1.);
#7430 = LINE('',#7418,#7429);
#7431 = EDGE_CURVE('',#7419,#7421,#7430,.T.);
#7432 = ORIENTED_EDGE('',*,*,#7431,.T.);
#7433 = DIRECTION('',(0.,1.,0.));
#7434 = VECTOR('',#7433,1.);
#7435 = LINE('',#7382,#7434);
#7436 = EDGE_CURVE('',#7383,#7421,#7435,.T.);
#7437 = ORIENTED_EDGE('',*,*,#7436,.F.);
#7438 = CARTESIAN_POINT('',(-0.9549999999999996,-0.315,0.));
#7439 = DIRECTION('',(1.,0.,0.));
#7440 = DIRECTION('',(0.,0.,-1.));
#7441 = AXIS2_PLACEMENT_3D('',#7438,#7439,#7440);
#7442 = PLANE('',#7441);
#7443 = EDGE_LOOP('',(#7422,#7427,#7432,#7437));
#7444 = FACE_OUTER_BOUND('',#7443,.T.);
#7445 = ADVANCED_FACE('',(#7444),#7442,.T.);
#7446 = CARTESIAN_POINT('',(-1.0949999999999995,-0.175,-3.));
#7447 = VERTEX_POINT('',#7446);
#7448 = CARTESIAN_POINT('',(-1.4449999999999996,-0.175,-3.));
#7449 = VERTEX_POINT('',#7448);
#7450 = DIRECTION('',(-0.38949041885226,0.38949041885226027,-0.8346223261119857));
#7451 = VECTOR('',#7450,1.);
#7452 = LINE('',#7388,#7451);
#7453 = EDGE_CURVE('',#7389,#7447,#7452,.T.);
#7454 = ORIENTED_EDGE('',*,*,#7453,.F.);
#7455 = ORIENTED_EDGE('',*,*,#7403,.T.);
#7456 = DIRECTION('',(-0.38949041885226,-0.38949041885226027,0.8346223261119857));
#7457 = VECTOR('',#7456,1.);
#7458 = LINE('',#7448,#7457);
#7459 = EDGE_CURVE('',#7449,#7387,#7458,.T.);
#7460 = ORIENTED_EDGE('',*,*,#7459,.F.);
#7461 = DIRECTION('',(-1.,0.,0.));
#7462 = VECTOR('',#7461,1.);
#7463 = LINE('',#7446,#7462);
#7464 = EDGE_CURVE('',#7447,#7449,#7463,.T.);
#7465 = ORIENTED_EDGE('',*,*,#7464,.F.);
#7466 = CARTESIAN_POINT('',(-1.0949999999999995,-0.175,-3.));
#7467 = DIRECTION('',(0.,-0.9061831399952655,-0.42288546533112403));
#7468 = DIRECTION('',(0.38949041885226,-0.38949041885226027,0.8346223261119857));
#7469 = AXIS2_PLACEMENT_3D('',#7466,#7467,#7468);
#7470 = PLANE('',#7469);
#7471 = EDGE_LOOP('',(#7454,#7455,#7460,#7465));
#7472 = FACE_OUTER_BOUND('',#7471,.T.);
#7473 = ADVANCED_FACE('',(#7472),#7470,.T.);
#7474 = CARTESIAN_POINT('',(-1.5849999999999995,0.315,0.));
#7475 = VERTEX_POINT('',#7474);
#7476 = CARTESIAN_POINT('',(-1.5849999999999995,0.315,-2.7));
#7477 = VERTEX_POINT('',#7476);
#7478 = DIRECTION('',(-1.,0.,0.));
#7479 = VECTOR('',#7478,1.);
#7480 = LINE('',#7420,#7479);
#7481 = EDGE_CURVE('',#7421,#7475,#7480,.T.);
#7482 = ORIENTED_EDGE('',*,*,#7481,.F.);
#7483 = ORIENTED_EDGE('',*,*,#7431,.F.);
#7484 = DIRECTION('',(-1.,0.,0.));
#7485 = VECTOR('',#7484,1.);
#7486 = LINE('',#7418,#7485);
#7487 = EDGE_CURVE('',#7419,#7477,#7486,.T.);
#7488 = ORIENTED_EDGE('',*,*,#7487,.T.);
#7489 = DIRECTION('',(0.,0.,1.));
#7490 = VECTOR('',#7489,1.);
#7491 = LINE('',#7476,#7490);
#7492 = EDGE_CURVE('',#7477,#7475,#7491,.T.);
#7493 = ORIENTED_EDGE('',*,*,#7492,.T.);
#7494 = CARTESIAN_POINT('',(-1.5849999999999995,0.315,0.));
#7495 = DIRECTION('',(0.,1.,0.));
#7496 = DIRECTION('',(1.,0.,0.));
#7497 = AXIS2_PLACEMENT_3D('',#7494,#7495,#7496);
#7498 = PLANE('',#7497);
#7499 = EDGE_LOOP('',(#7482,#7483,#7488,#7493));
#7500 = FACE_OUTER_BOUND('',#7499,.T.);
#7501 = ADVANCED_FACE('',(#7500),#7498,.T.);
#7502 = ORIENTED_EDGE('',*,*,#7492,.F.);
#7503 = DIRECTION('',(0.,1.,0.));
#7504 = VECTOR('',#7503,1.);
#7505 = LINE('',#7386,#7504);
#7506 = EDGE_CURVE('',#7387,#7477,#7505,.T.);
#7507 = ORIENTED_EDGE('',*,*,#7506,.F.);
#7508 = ORIENTED_EDGE('',*,*,#7398,.T.);
#7509 = DIRECTION('',(0.,1.,0.));
#7510 = VECTOR('',#7509,1.);
#7511 = LINE('',#7384,#7510);
#7512 = EDGE_CURVE('',#7385,#7475,#7511,.T.);
#7513 = ORIENTED_EDGE('',*,*,#7512,.T.);
#7514 = CARTESIAN_POINT('',(-1.5849999999999995,0.315,0.));
#7515 = DIRECTION('',(-1.,0.,0.));
#7516 = DIRECTION('',(0.,0.,-1.));
#7517 = AXIS2_PLACEMENT_3D('',#7514,#7515,#7516);
#7518 = PLANE('',#7517);
#7519 = EDGE_LOOP('',(#7502,#7507,#7508,#7513));
#7520 = FACE_OUTER_BOUND('',#7519,.T.);
#7521 = ADVANCED_FACE('',(#7520),#7518,.T.);
#7522 = ORIENTED_EDGE('',*,*,#7512,.F.);
#7523 = ORIENTED_EDGE('',*,*,#7393,.F.);
#7524 = ORIENTED_EDGE('',*,*,#7436,.T.);
#7525 = ORIENTED_EDGE('',*,*,#7481,.T.);
#7526 = CARTESIAN_POINT('',(-1.5849999999999995,0.315,0.));
#7527 = DIRECTION('',(0.,0.,1.));
#7528 = DIRECTION('',(0.,-1.,0.));
#7529 = AXIS2_PLACEMENT_3D('',#7526,#7527,#7528);
#7530 = PLANE('',#7529);
#7531 = EDGE_LOOP('',(#7522,#7523,#7524,#7525));
#7532 = FACE_OUTER_BOUND('',#7531,.T.);
#7533 = ADVANCED_FACE('',(#7532),#7530,.T.);
#7534 = CARTESIAN_POINT('',(-1.0949999999999995,0.175,-3.));
#7535 = VERTEX_POINT('',#7534);
#7536 = DIRECTION('',(-0.38949041885226,-0.38949041885226027,-0.8346223261119857));
#7537 = VECTOR('',#7536,1.);
#7538 = LINE('',#7418,#7537);
#7539 = EDGE_CURVE('',#7419,#7535,#7538,.T.);
#7540 = ORIENTED_EDGE('',*,*,#7539,.F.);
#7541 = ORIENTED_EDGE('',*,*,#7426,.F.);
#7542 = ORIENTED_EDGE('',*,*,#7453,.T.);
#7543 = DIRECTION('',(0.,1.,0.));
#7544 = VECTOR('',#7543,1.);
#7545 = LINE('',#7446,#7544);
#7546 = EDGE_CURVE('',#7447,#7535,#7545,.T.);
#7547 = ORIENTED_EDGE('',*,*,#7546,.T.);
#7548 = CARTESIAN_POINT('',(-1.0949999999999995,0.175,-3.));
#7549 = DIRECTION('',(0.9061831399952653,0.,-0.4228854653311241));
#7550 = DIRECTION('',(0.38949041885226,0.38949041885226027,0.8346223261119857));
#7551 = AXIS2_PLACEMENT_3D('',#7548,#7549,#7550);
#7552 = PLANE('',#7551);
#7553 = EDGE_LOOP('',(#7540,#7541,#7542,#7547));
#7554 = FACE_OUTER_BOUND('',#7553,.T.);
#7555 = ADVANCED_FACE('',(#7554),#7552,.T.);
#7556 = CARTESIAN_POINT('',(-1.4449999999999996,0.175,-3.));
#7557 = VERTEX_POINT('',#7556);
#7558 = DIRECTION('',(-0.38949041885226,0.38949041885226027,0.8346223261119857));
#7559 = VECTOR('',#7558,1.);
#7560 = LINE('',#7556,#7559);
#7561 = EDGE_CURVE('',#7557,#7477,#7560,.T.);
#7562 = ORIENTED_EDGE('',*,*,#7561,.T.);
#7563 = ORIENTED_EDGE('',*,*,#7487,.F.);
#7564 = ORIENTED_EDGE('',*,*,#7539,.T.);
#7565 = DIRECTION('',(-1.,0.,0.));
#7566 = VECTOR('',#7565,1.);
#7567 = LINE('',#7534,#7566);
#7568 = EDGE_CURVE('',#7535,#7557,#7567,.T.);
#7569 = ORIENTED_EDGE('',*,*,#7568,.T.);
#7570 = CARTESIAN_POINT('',(-1.4449999999999996,0.175,-3.));
#7571 = DIRECTION('',(0.,0.9061831399952655,-0.42288546533112403));
#7572 = DIRECTION('',(-0.38949041885226,0.38949041885226027,0.8346223261119857));
#7573 = AXIS2_PLACEMENT_3D('',#7570,#7571,#7572);
#7574 = PLANE('',#7573);
#7575 = EDGE_LOOP('',(#7562,#7563,#7564,#7569));
#7576 = FACE_OUTER_BOUND('',#7575,.T.);
#7577 = ADVANCED_FACE('',(#7576),#7574,.T.);
#7578 = ORIENTED_EDGE('',*,*,#7568,.F.);
#7579 = ORIENTED_EDGE('',*,*,#7546,.F.);
#7580 = ORIENTED_EDGE('',*,*,#7464,.T.);
#7581 = DIRECTION('',(0.,1.,0.));
#7582 = VECTOR('',#7581,1.);
#7583 = LINE('',#7448,#7582);
#7584 = EDGE_CURVE('',#7449,#7557,#7583,.T.);
#7585 = ORIENTED_EDGE('',*,*,#7584,.T.);
#7586 = CARTESIAN_POINT('',(-1.4449999999999996,0.175,-3.));
#7587 = DIRECTION('',(0.,0.,-1.));
#7588 = DIRECTION('',(1.,0.,0.));
#7589 = AXIS2_PLACEMENT_3D('',#7586,#7587,#7588);
#7590 = PLANE('',#7589);
#7591 = EDGE_LOOP('',(#7578,#7579,#7580,#7585));
#7592 = FACE_OUTER_BOUND('',#7591,.T.);
#7593 = ADVANCED_FACE('',(#7592),#7590,.T.);
#7594 = ORIENTED_EDGE('',*,*,#7584,.F.);
#7595 = ORIENTED_EDGE('',*,*,#7459,.T.);
#7596 = ORIENTED_EDGE('',*,*,#7506,.T.);
#7597 = ORIENTED_EDGE('',*,*,#7561,.F.);
#7598 = CARTESIAN_POINT('',(-1.4449999999999996,0.175,-3.));
#7599 = DIRECTION('',(-0.9061831399952653,0.,-0.422885465331124));
#7600 = DIRECTION('',(0.,-1.,0.));
#7601 = AXIS2_PLACEMENT_3D('',#7598,#7599,#7600);
#7602 = PLANE('',#7601);
#7603 = EDGE_LOOP('',(#7594,#7595,#7596,#7597));
#7604 = FACE_OUTER_BOUND('',#7603,.T.);
#7605 = ADVANCED_FACE('',(#7604),#7602,.T.);
#7606 = CLOSED_SHELL('',(#7417,#7445,#7473,#7501,#7521,#7533,#7555,#7577,#7593,#7605));
#7607 = MANIFOLD_SOLID_BREP('',#7606);
#7608 = CARTESIAN_POINT('',(-1.7739999999999996,-0.504,0.));
#7609 = VERTEX_POINT('',#7608);
#7610 = CARTESIAN_POINT('',(-1.7739999999999996,-0.504,0.504));
#7611 = VERTEX_POINT('',#7610);
#7612 = CARTESIAN_POINT('',(-1.7739999999999996,0.504,0.504));
#7613 = VERTEX_POINT('',#7612);
#7614 = CARTESIAN_POINT('',(-1.7739999999999996,0.504,0.));
#7615 = VERTEX_POINT('',#7614);
#7616 = DIRECTION('',(0.,0.,1.));
#7617 = VECTOR('',#7616,1.);
#7618 = LINE('',#7608,#7617);
#7619 = EDGE_CURVE('',#7609,#7611,#7618,.T.);
#7620 = ORIENTED_EDGE('',*,*,#7619,.T.);
#7621 = DIRECTION('',(0.,1.,0.));
#7622 = VECTOR('',#7621,1.);
#7623 = LINE('',#7610,#7622);
#7624 = EDGE_CURVE('',#7611,#7613,#7623,.T.);
#7625 = ORIENTED_EDGE('',*,*,#7624,.T.);
#7626 = DIRECTION('',(0.,0.,1.));
#7627 = VECTOR('',#7626,1.);
#7628 = LINE('',#7614,#7627);
#7629 = EDGE_CURVE('',#7615,#7613,#7628,.T.);
#7630 = ORIENTED_EDGE('',*,*,#7629,.F.);
#7631 = DIRECTION('',(0.,1.,0.));
#7632 = VECTOR('',#7631,1.);
#7633 = LINE('',#7608,#7632);
#7634 = EDGE_CURVE('',#7609,#7615,#7633,.T.);
#7635 = ORIENTED_EDGE('',*,*,#7634,.F.);
#7636 = CARTESIAN_POINT('',(-1.7739999999999996,-0.504,0.));
#7637 = DIRECTION('',(-1.,0.,0.));
#7638 = DIRECTION('',(0.,0.,1.));
#7639 = AXIS2_PLACEMENT_3D('',#7636,#7637,#7638);
#7640 = PLANE('',#7639);
#7641 = EDGE_LOOP('',(#7620,#7625,#7630,#7635));
#7642 = FACE_OUTER_BOUND('',#7641,.T.);
#7643 = ADVANCED_FACE('',(#7642),#7640,.T.);
#7644 = CARTESIAN_POINT('',(-0.7659999999999996,-0.504,0.));
#7645 = VERTEX_POINT('',#7644);
#7646 = CARTESIAN_POINT('',(-0.7659999999999996,0.504,0.));
#7647 = VERTEX_POINT('',#7646);
#7648 = CARTESIAN_POINT('',(-0.7659999999999996,0.504,0.504));
#7649 = VERTEX_POINT('',#7648);
#7650 = CARTESIAN_POINT('',(-0.7659999999999996,-0.504,0.504));
#7651 = VERTEX_POINT('',#7650);
#7652 = DIRECTION('',(0.,1.,0.));
#7653 = VECTOR('',#7652,1.);
#7654 = LINE('',#7644,#7653);
#7655 = EDGE_CURVE('',#7645,#7647,#7654,.T.);
#7656 = ORIENTED_EDGE('',*,*,#7655,.T.);
#7657 = DIRECTION('',(0.,0.,1.));
#7658 = VECTOR('',#7657,1.);
#7659 = LINE('',#7646,#7658);
#7660 = EDGE_CURVE('',#7647,#7649,#7659,.T.);
#7661 = ORIENTED_EDGE('',*,*,#7660,.T.);
#7662 = DIRECTION('',(0.,1.,0.));
#7663 = VECTOR('',#7662,1.);
#7664 = LINE('',#7650,#7663);
#7665 = EDGE_CURVE('',#7651,#7649,#7664,.T.);
#7666 = ORIENTED_EDGE('',*,*,#7665,.F.);
#7667 = DIRECTION('',(0.,0.,1.));
#7668 = VECTOR('',#7667,1.);
#7669 = LINE('',#7644,#7668);
#7670 = EDGE_CURVE('',#7645,#7651,#7669,.T.);
#7671 = ORIENTED_EDGE('',*,*,#7670,.F.);
#7672 = CARTESIAN_POINT('',(-0.7659999999999996,-0.504,0.));
#7673 = DIRECTION('',(1.,0.,0.));
#7674 = DIRECTION('',(0.,1.,0.));
#7675 = AXIS2_PLACEMENT_3D('',#7672,#7673,#7674);
#7676 = PLANE('',#7675);
#7677 = EDGE_LOOP('',(#7656,#7661,#7666,#7671));
#7678 = FACE_OUTER_BOUND('',#7677,.T.);
#7679 = ADVANCED_FACE('',(#7678),#7676,.T.);
#7680 = DIRECTION('',(-1.,0.,0.));
#7681 = VECTOR('',#7680,1.);
#7682 = LINE('',#7644,#7681);
#7683 = EDGE_CURVE('',#7645,#7609,#7682,.T.);
#7684 = ORIENTED_EDGE('',*,*,#7683,.F.);
#7685 = ORIENTED_EDGE('',*,*,#7670,.T.);
#7686 = DIRECTION('',(-1.,0.,0.));
#7687 = VECTOR('',#7686,1.);
#7688 = LINE('',#7650,#7687);
#7689 = EDGE_CURVE('',#7651,#7611,#7688,.T.);
#7690 = ORIENTED_EDGE('',*,*,#7689,.T.);
#7691 = ORIENTED_EDGE('',*,*,#7619,.F.);
#7692 = CARTESIAN_POINT('',(-1.7739999999999996,-0.504,0.));
#7693 = DIRECTION('',(0.,-1.,0.));
#7694 = DIRECTION('',(1.,0.,0.));
#7695 = AXIS2_PLACEMENT_3D('',#7692,#7693,#7694);
#7696 = PLANE('',#7695);
#7697 = EDGE_LOOP('',(#7684,#7685,#7690,#7691));
#7698 = FACE_OUTER_BOUND('',#7697,.T.);
#7699 = ADVANCED_FACE('',(#7698),#7696,.T.);
#7700 = ORIENTED_EDGE('',*,*,#7629,.T.);
#7701 = DIRECTION('',(-1.,0.,0.));
#7702 = VECTOR('',#7701,1.);
#7703 = LINE('',#7648,#7702);
#7704 = EDGE_CURVE('',#7649,#7613,#7703,.T.);
#7705 = ORIENTED_EDGE('',*,*,#7704,.F.);
#7706 = ORIENTED_EDGE('',*,*,#7660,.F.);
#7707 = DIRECTION('',(-1.,0.,0.));
#7708 = VECTOR('',#7707,1.);
#7709 = LINE('',#7646,#7708);
#7710 = EDGE_CURVE('',#7647,#7615,#7709,.T.);
#7711 = ORIENTED_EDGE('',*,*,#7710,.T.);
#7712 = CARTESIAN_POINT('',(-1.7739999999999996,0.504,0.));
#7713 = DIRECTION('',(0.,1.,0.));
#7714 = DIRECTION('',(0.,0.,1.));
#7715 = AXIS2_PLACEMENT_3D('',#7712,#7713,#7714);
#7716 = PLANE('',#7715);
#7717 = EDGE_LOOP('',(#7700,#7705,#7706,#7711));
#7718 = FACE_OUTER_BOUND('',#7717,.T.);
#7719 = ADVANCED_FACE('',(#7718),#7716,.T.);
#7720 = ORIENTED_EDGE('',*,*,#7634,.T.);
#7721 = ORIENTED_EDGE('',*,*,#7710,.F.);
#7722 = ORIENTED_EDGE('',*,*,#7655,.F.);
#7723 = ORIENTED_EDGE('',*,*,#7683,.T.);
#7724 = CARTESIAN_POINT('',(-1.7739999999999996,-0.504,0.));
#7725 = DIRECTION('',(0.,0.,-1.));
#7726 = DIRECTION('',(0.,1.,0.));
#7727 = AXIS2_PLACEMENT_3D('',#7724,#7725,#7726);
#7728 = PLANE('',#7727);
#7729 = EDGE_LOOP('',(#7720,#7721,#7722,#7723));
#7730 = FACE_OUTER_BOUND('',#7729,.T.);
#7731 = ADVANCED_FACE('',(#7730),#7728,.T.);
#7732 = ORIENTED_EDGE('',*,*,#7689,.F.);
#7733 = ORIENTED_EDGE('',*,*,#7665,.T.);
#7734 = ORIENTED_EDGE('',*,*,#7704,.T.);
#7735 = ORIENTED_EDGE('',*,*,#7624,.F.);
#7736 = CARTESIAN_POINT('',(-1.7739999999999996,-0.504,0.504));
#7737 = DIRECTION('',(0.,0.,1.));
#7738 = DIRECTION('',(1.,0.,0.));
#7739 = AXIS2_PLACEMENT_3D('',#7736,#7737,#7738);
#7740 = PLANE('',#7739);
#7741 = EDGE_LOOP('',(#7732,#7733,#7734,#7735));
#7742 = FACE_OUTER_BOUND('',#7741,.T.);
#7743 = ADVANCED_FACE('',(#7742),#7740,.T.);
#7744 = CLOSED_SHELL('',(#7643,#7679,#7699,#7719,#7731,#7743));
#7745 = MANIFOLD_SOLID_BREP('',#7744);
#7746 = CARTESIAN_POINT('',(0.,-1.27,0.));
#7747 = VERTEX_POINT('',#7746);
#7748 = CARTESIAN_POINT('',(0.,-1.27,5.));
#7749 = VERTEX_POINT('',#7748);
#7750 = CARTESIAN_POINT('',(0.,-0.8504999999999999,5.));
#7751 = VERTEX_POINT('',#7750);
#7752 = CARTESIAN_POINT('',(0.,0.8504999999999999,5.));
#7753 = VERTEX_POINT('',#7752);
#7754 = CARTESIAN_POINT('',(0.,1.27,5.));
#7755 = VERTEX_POINT('',#7754);
#7756 = CARTESIAN_POINT('',(0.,1.27,0.));
#7757 = VERTEX_POINT('',#7756);
#7758 = CARTESIAN_POINT('',(0.,0.4724999999999999,0.));
#7759 = VERTEX_POINT('',#7758);
#7760 = CARTESIAN_POINT('',(0.,-0.4724999999999999,0.));
#7761 = VERTEX_POINT('',#7760);
#7762 = DIRECTION('',(0.,0.,1.));
#7763 = VECTOR('',#7762,1.);
#7764 = LINE('',#7746,#7763);
#7765 = EDGE_CURVE('',#7747,#7749,#7764,.T.);
#7766 = ORIENTED_EDGE('',*,*,#7765,.T.);
#7767 = DIRECTION('',(0.,-1.,0.));
#7768 = VECTOR('',#7767,1.);
#7769 = LINE('',#7750,#7768);
#7770 = EDGE_CURVE('',#7751,#7749,#7769,.T.);
#7771 = ORIENTED_EDGE('',*,*,#7770,.F.);
#7772 = DIRECTION('',(0.,1.,0.));
#7773 = VECTOR('',#7772,1.);
#7774 = LINE('',#7750,#7773);
#7775 = EDGE_CURVE('',#7751,#7753,#7774,.T.);
#7776 = ORIENTED_EDGE('',*,*,#7775,.T.);
#7777 = DIRECTION('',(0.,1.,0.));
#7778 = VECTOR('',#7777,1.);
#7779 = LINE('',#7752,#7778);
#7780 = EDGE_CURVE('',#7753,#7755,#7779,.T.);
#7781 = ORIENTED_EDGE('',*,*,#7780,.T.);
#7782 = DIRECTION('',(0.,0.,1.));
#7783 = VECTOR('',#7782,1.);
#7784 = LINE('',#7756,#7783);
#7785 = EDGE_CURVE('',#7757,#7755,#7784,.T.);
#7786 = ORIENTED_EDGE('',*,*,#7785,.F.);
#7787 = DIRECTION('',(0.,1.,0.));
#7788 = VECTOR('',#7787,1.);
#7789 = LINE('',#7758,#7788);
#7790 = EDGE_CURVE('',#7759,#7757,#7789,.T.);
#7791 = ORIENTED_EDGE('',*,*,#7790,.F.);
#7792 = DIRECTION('',(0.,1.,0.));
#7793 = VECTOR('',#7792,1.);
#7794 = LINE('',#7760,#7793);
#7795 = EDGE_CURVE('',#7761,#7759,#7794,.T.);
#7796 = ORIENTED_EDGE('',*,*,#7795,.F.);
#7797 = DIRECTION('',(0.,-1.,0.));
#7798 = VECTOR('',#7797,1.);
#7799 = LINE('',#7760,#7798);
#7800 = EDGE_CURVE('',#7761,#7747,#7799,.T.);
#7801 = ORIENTED_EDGE('',*,*,#7800,.T.);
#7802 = CARTESIAN_POINT('',(0.,-1.27,0.));
#7803 = DIRECTION('',(-1.,0.,0.));
#7804 = DIRECTION('',(0.,0.,1.));
#7805 = AXIS2_PLACEMENT_3D('',#7802,#7803,#7804);
#7806 = PLANE('',#7805);
#7807 = EDGE_LOOP('',(#7766,#7771,#7776,#7781,#7786,#7791,#7796,#7801));
#7808 = FACE_OUTER_BOUND('',#7807,.T.);
#7809 = ADVANCED_FACE('',(#7808),#7806,.T.);
#7810 = CARTESIAN_POINT('',(2.5399999999999996,-1.27,0.));
#7811 = VERTEX_POINT('',#7810);
#7812 = CARTESIAN_POINT('',(2.5399999999999996,-0.4724999999999999,0.));
#7813 = VERTEX_POINT('',#7812);
#7814 = CARTESIAN_POINT('',(2.5399999999999996,0.4724999999999999,0.));
#7815 = VERTEX_POINT('',#7814);
#7816 = CARTESIAN_POINT('',(2.5399999999999996,1.27,0.));
#7817 = VERTEX_POINT('',#7816);
#7818 = CARTESIAN_POINT('',(2.5399999999999996,1.27,5.));
#7819 = VERTEX_POINT('',#7818);
#7820 = CARTESIAN_POINT('',(2.5399999999999996,0.8504999999999999,5.));
#7821 = VERTEX_POINT('',#7820);
#7822 = CARTESIAN_POINT('',(2.5399999999999996,-0.8504999999999999,5.));
#7823 = VERTEX_POINT('',#7822);
#7824 = CARTESIAN_POINT('',(2.5399999999999996,-1.27,5.));
#7825 = VERTEX_POINT('',#7824);
#7826 = DIRECTION('',(0.,-1.,0.));
#7827 = VECTOR('',#7826,1.);
#7828 = LINE('',#7812,#7827);
#7829 = EDGE_CURVE('',#7813,#7811,#7828,.T.);
#7830 = ORIENTED_EDGE('',*,*,#7829,.F.);
#7831 = DIRECTION('',(0.,1.,0.));
#7832 = VECTOR('',#7831,1.);
#7833 = LINE('',#7812,#7832);
#7834 = EDGE_CURVE('',#7813,#7815,#7833,.T.);
#7835 = ORIENTED_EDGE('',*,*,#7834,.T.);
#7836 = DIRECTION('',(0.,1.,0.));
#7837 = VECTOR('',#7836,1.);
#7838 = LINE('',#7814,#7837);
#7839 = EDGE_CURVE('',#7815,#7817,#7838,.T.);
#7840 = ORIENTED_EDGE('',*,*,#7839,.T.);
#7841 = DIRECTION('',(0.,0.,1.));
#7842 = VECTOR('',#7841,1.);
#7843 = LINE('',#7816,#7842);
#7844 = EDGE_CURVE('',#7817,#7819,#7843,.T.);
#7845 = ORIENTED_EDGE('',*,*,#7844,.T.);
#7846 = DIRECTION('',(0.,1.,0.));
#7847 = VECTOR('',#7846,1.);
#7848 = LINE('',#7820,#7847);
#7849 = EDGE_CURVE('',#7821,#7819,#7848,.T.);
#7850 = ORIENTED_EDGE('',*,*,#7849,.F.);
#7851 = DIRECTION('',(0.,1.,0.));
#7852 = VECTOR('',#7851,1.);
#7853 = LINE('',#7822,#7852);
#7854 = EDGE_CURVE('',#7823,#7821,#7853,.T.);
#7855 = ORIENTED_EDGE('',*,*,#7854,.F.);
#7856 = DIRECTION('',(0.,-1.,0.));
#7857 = VECTOR('',#7856,1.);
#7858 = LINE('',#7822,#7857);
#7859 = EDGE_CURVE('',#7823,#7825,#7858,.T.);
#7860 = ORIENTED_EDGE('',*,*,#7859,.T.);
#7861 = DIRECTION('',(0.,0.,1.));
#7862 = VECTOR('',#7861,1.);
#7863 = LINE('',#7810,#7862);
#7864 = EDGE_CURVE('',#7811,#7825,#7863,.T.);
#7865 = ORIENTED_EDGE('',*,*,#7864,.F.);
#7866 = CARTESIAN_POINT('',(2.5399999999999996,-1.27,0.));
#7867 = DIRECTION('',(1.,0.,0.));
#7868 = DIRECTION('',(0.,1.,0.));
#7869 = AXIS2_PLACEMENT_3D('',#7866,#7867,#7868);
#7870 = PLANE('',#7869);
#7871 = EDGE_LOOP('',(#7830,#7835,#7840,#7845,#7850,#7855,#7860,#7865));
#7872 = FACE_OUTER_BOUND('',#7871,.T.);
#7873 = ADVANCED_FACE('',(#7872),#7870,.T.);
#7874 = DIRECTION('',(1.,0.,0.));
#7875 = VECTOR('',#7874,1.);
#7876 = LINE('',#7746,#7875);
#7877 = EDGE_CURVE('',#7747,#7811,#7876,.T.);
#7878 = ORIENTED_EDGE('',*,*,#7877,.T.);
#7879 = ORIENTED_EDGE('',*,*,#7864,.T.);
#7880 = DIRECTION('',(1.,0.,0.));
#7881 = VECTOR('',#7880,1.);
#7882 = LINE('',#7748,#7881);
#7883 = EDGE_CURVE('',#7749,#7825,#7882,.T.);
#7884 = ORIENTED_EDGE('',*,*,#7883,.F.);
#7885 = ORIENTED_EDGE('',*,*,#7765,.F.);
#7886 = CARTESIAN_POINT('',(0.,-1.27,0.));
#7887 = DIRECTION('',(0.,-1.,0.));
#7888 = DIRECTION('',(1.,0.,0.));
#7889 = AXIS2_PLACEMENT_3D('',#7886,#7887,#7888);
#7890 = PLANE('',#7889);
#7891 = EDGE_LOOP('',(#7878,#7879,#7884,#7885));
#7892 = FACE_OUTER_BOUND('',#7891,.T.);
#7893 = ADVANCED_FACE('',(#7892),#7890,.T.);
#7894 = ORIENTED_EDGE('',*,*,#7785,.T.);
#7895 = DIRECTION('',(1.,0.,0.));
#7896 = VECTOR('',#7895,1.);
#7897 = LINE('',#7754,#7896);
#7898 = EDGE_CURVE('',#7755,#7819,#7897,.T.);
#7899 = ORIENTED_EDGE('',*,*,#7898,.T.);
#7900 = ORIENTED_EDGE('',*,*,#7844,.F.);
#7901 = DIRECTION('',(1.,0.,0.));
#7902 = VECTOR('',#7901,1.);
#7903 = LINE('',#7756,#7902);
#7904 = EDGE_CURVE('',#7757,#7817,#7903,.T.);
#7905 = ORIENTED_EDGE('',*,*,#7904,.F.);
#7906 = CARTESIAN_POINT('',(0.,1.27,0.));
#7907 = DIRECTION('',(0.,1.,0.));
#7908 = DIRECTION('',(0.,0.,1.));
#7909 = AXIS2_PLACEMENT_3D('',#7906,#7907,#7908);
#7910 = PLANE('',#7909);
#7911 = EDGE_LOOP('',(#7894,#7899,#7900,#7905));
#7912 = FACE_OUTER_BOUND('',#7911,.T.);
#7913 = ADVANCED_FACE('',(#7912),#7910,.T.);
#7914 = CARTESIAN_POINT('',(1.7424999999999995,0.4725,0.));
#7915 = VERTEX_POINT('',#7914);
#7916 = CARTESIAN_POINT('',(0.7974999999999997,0.4725,0.));
#7917 = VERTEX_POINT('',#7916);
#7918 = ORIENTED_EDGE('',*,*,#7839,.F.);
#7919 = DIRECTION('',(1.,0.,0.));
#7920 = VECTOR('',#7919,1.);
#7921 = LINE('',#7914,#7920);
#7922 = EDGE_CURVE('',#7915,#7815,#7921,.T.);
#7923 = ORIENTED_EDGE('',*,*,#7922,.F.);
#7924 = DIRECTION('',(1.,0.,0.));
#7925 = VECTOR('',#7924,1.);
#7926 = LINE('',#7916,#7925);
#7927 = EDGE_CURVE('',#7917,#7915,#7926,.T.);
#7928 = ORIENTED_EDGE('',*,*,#7927,.F.);
#7929 = DIRECTION('',(1.,0.,0.));
#7930 = VECTOR('',#7929,1.);
#7931 = LINE('',#7758,#7930);
#7932 = EDGE_CURVE('',#7759,#7917,#7931,.T.);
#7933 = ORIENTED_EDGE('',*,*,#7932,.F.);
#7934 = ORIENTED_EDGE('',*,*,#7790,.T.);
#7935 = ORIENTED_EDGE('',*,*,#7904,.T.);
#7936 = CARTESIAN_POINT('',(2.5399999999999996,1.27,0.));
#7937 = DIRECTION('',(0.,0.,-1.));
#7938 = DIRECTION('',(0.,-1.,0.));
#7939 = AXIS2_PLACEMENT_3D('',#7936,#7937,#7938);
#7940 = PLANE('',#7939);
#7941 = EDGE_LOOP('',(#7918,#7923,#7928,#7933,#7934,#7935));
#7942 = FACE_OUTER_BOUND('',#7941,.T.);
#7943 = ADVANCED_FACE('',(#7942),#7940,.T.);
#7944 = CARTESIAN_POINT('',(0.7974999999999997,-0.4724999999999999,0.));
#7945 = VERTEX_POINT('',#7944);
#7946 = DIRECTION('',(0.,1.,0.));
#7947 = VECTOR('',#7946,1.);
#7948 = LINE('',#7944,#7947);
#7949 = EDGE_CURVE('',#7945,#7917,#7948,.T.);
#7950 = ORIENTED_EDGE('',*,*,#7949,.F.);
#7951 = DIRECTION('',(1.,0.,0.));
#7952 = VECTOR('',#7951,1.);
#7953 = LINE('',#7760,#7952);
#7954 = EDGE_CURVE('',#7761,#7945,#7953,.T.);
#7955 = ORIENTED_EDGE('',*,*,#7954,.F.);
#7956 = ORIENTED_EDGE('',*,*,#7795,.T.);
#7957 = ORIENTED_EDGE('',*,*,#7932,.T.);
#7958 = CARTESIAN_POINT('',(0.7974999999999997,0.4724999999999999,0.));
#7959 = DIRECTION('',(0.,0.,-1.));
#7960 = DIRECTION('',(0.,-1.,0.));
#7961 = AXIS2_PLACEMENT_3D('',#7958,#7959,#7960);
#7962 = PLANE('',#7961);
#7963 = EDGE_LOOP('',(#7950,#7955,#7956,#7957));
#7964 = FACE_OUTER_BOUND('',#7963,.T.);
#7965 = ADVANCED_FACE('',(#7964),#7962,.T.);
#7966 = CARTESIAN_POINT('',(1.7424999999999995,-0.4724999999999999,0.));
#7967 = VERTEX_POINT('',#7966);
#7968 = ORIENTED_EDGE('',*,*,#7834,.F.);
#7969 = DIRECTION('',(1.,0.,0.));
#7970 = VECTOR('',#7969,1.);
#7971 = LINE('',#7966,#7970);
#7972 = EDGE_CURVE('',#7967,#7813,#7971,.T.);
#7973 = ORIENTED_EDGE('',*,*,#7972,.F.);
#7974 = DIRECTION('',(0.,1.,0.));
#7975 = VECTOR('',#7974,1.);
#7976 = LINE('',#7966,#7975);
#7977 = EDGE_CURVE('',#7967,#7915,#7976,.T.);
#7978 = ORIENTED_EDGE('',*,*,#7977,.T.);
#7979 = ORIENTED_EDGE('',*,*,#7922,.T.);
#7980 = CARTESIAN_POINT('',(2.5399999999999996,0.4724999999999999,0.));
#7981 = DIRECTION('',(0.,0.,-1.));
#7982 = DIRECTION('',(0.,-1.,0.));
#7983 = AXIS2_PLACEMENT_3D('',#7980,#7981,#7982);
#7984 = PLANE('',#7983);
#7985 = EDGE_LOOP('',(#7968,#7973,#7978,#7979));
#7986 = FACE_OUTER_BOUND('',#7985,.T.);
#7987 = ADVANCED_FACE('',(#7986),#7984,.T.);
#7988 = ORIENTED_EDGE('',*,*,#7829,.T.);
#7989 = ORIENTED_EDGE('',*,*,#7877,.F.);
#7990 = ORIENTED_EDGE('',*,*,#7800,.F.);
#7991 = ORIENTED_EDGE('',*,*,#7954,.T.);
#7992 = DIRECTION('',(1.,0.,0.));
#7993 = VECTOR('',#7992,1.);
#7994 = LINE('',#7944,#7993);
#7995 = EDGE_CURVE('',#7945,#7967,#7994,.T.);
#7996 = ORIENTED_EDGE('',*,*,#7995,.T.);
#7997 = ORIENTED_EDGE('',*,*,#7972,.T.);
#7998 = CARTESIAN_POINT('',(2.5399999999999996,-0.4724999999999999,0.));
#7999 = DIRECTION('',(0.,0.,-1.));
#8000 = DIRECTION('',(0.,-1.,0.));
#8001 = AXIS2_PLACEMENT_3D('',#7998,#7999,#8000);
#8002 = PLANE('',#8001);
#8003 = EDGE_LOOP('',(#7988,#7989,#7990,#7991,#7996,#7997));
#8004 = FACE_OUTER_BOUND('',#8003,.T.);
#8005 = ADVANCED_FACE('',(#8004),#8002,.T.);
#8006 = CARTESIAN_POINT('',(2.1204999999999994,0.8504999999999999,4.995));
#8007 = VERTEX_POINT('',#8006);
#8008 = CARTESIAN_POINT('',(0.41949999999999965,0.8504999999999999,4.995));
#8009 = VERTEX_POINT('',#8008);
#8010 = CARTESIAN_POINT('',(0.7974999999999997,0.4725,4.3854));
#8011 = VERTEX_POINT('',#8010);
#8012 = CARTESIAN_POINT('',(1.7424999999999995,0.4725,4.3854));
#8013 = VERTEX_POINT('',#8012);
#8014 = DIRECTION('',(1.,0.,0.));
#8015 = VECTOR('',#8014,1.);
#8016 = LINE('',#8008,#8015);
#8017 = EDGE_CURVE('',#8009,#8007,#8016,.T.);
#8018 = ORIENTED_EDGE('',*,*,#8017,.F.);
#8019 = DIRECTION('',(0.46621205975657004,-0.46621205975656993,-0.7518594487502784));
#8020 = VECTOR('',#8019,1.);
#8021 = LINE('',#8008,#8020);
#8022 = EDGE_CURVE('',#8009,#8011,#8021,.T.);
#8023 = ORIENTED_EDGE('',*,*,#8022,.T.);
#8024 = DIRECTION('',(1.,0.,0.));
#8025 = VECTOR('',#8024,1.);
#8026 = LINE('',#8010,#8025);
#8027 = EDGE_CURVE('',#8011,#8013,#8026,.T.);
#8028 = ORIENTED_EDGE('',*,*,#8027,.T.);
#8029 = DIRECTION('',(0.46621205975657,0.4662120597565701,0.7518594487502787));
#8030 = VECTOR('',#8029,1.);
#8031 = LINE('',#8012,#8030);
#8032 = EDGE_CURVE('',#8013,#8007,#8031,.T.);
#8033 = ORIENTED_EDGE('',*,*,#8032,.T.);
#8034 = CARTESIAN_POINT('',(2.1204999999999994,0.8504999999999999,4.995));
#8035 = DIRECTION('',(0.,-0.8498727207846389,0.5269880059983485));
#8036 = DIRECTION('',(-1.,0.,0.));
#8037 = AXIS2_PLACEMENT_3D('',#8034,#8035,#8036);
#8038 = PLANE('',#8037);
#8039 = EDGE_LOOP('',(#8018,#8023,#8028,#8033));
#8040 = FACE_OUTER_BOUND('',#8039,.T.);
#8041 = ADVANCED_FACE('',(#8040),#8038,.T.);
#8042 = CARTESIAN_POINT('',(0.41949999999999965,-0.8504999999999999,4.995));
#8043 = VERTEX_POINT('',#8042);
#8044 = CARTESIAN_POINT('',(0.7974999999999997,-0.4725,4.3854));
#8045 = VERTEX_POINT('',#8044);
#8046 = ORIENTED_EDGE('',*,*,#8022,.F.);
#8047 = DIRECTION('',(0.,1.,0.));
#8048 = VECTOR('',#8047,1.);
#8049 = LINE('',#8042,#8048);
#8050 = EDGE_CURVE('',#8043,#8009,#8049,.T.);
#8051 = ORIENTED_EDGE('',*,*,#8050,.F.);
#8052 = DIRECTION('',(0.46621205975657004,0.46621205975656993,-0.7518594487502784));
#8053 = VECTOR('',#8052,1.);
#8054 = LINE('',#8042,#8053);
#8055 = EDGE_CURVE('',#8043,#8045,#8054,.T.);
#8056 = ORIENTED_EDGE('',*,*,#8055,.T.);
#8057 = DIRECTION('',(0.,1.,0.));
#8058 = VECTOR('',#8057,1.);
#8059 = LINE('',#8044,#8058);
#8060 = EDGE_CURVE('',#8045,#8011,#8059,.T.);
#8061 = ORIENTED_EDGE('',*,*,#8060,.T.);
#8062 = CARTESIAN_POINT('',(0.7974999999999997,0.4725,4.3854));
#8063 = DIRECTION('',(0.8498727207846387,0.,0.5269880059983487));
#8064 = DIRECTION('',(-0.46621205975657004,0.46621205975656993,0.7518594487502784));
#8065 = AXIS2_PLACEMENT_3D('',#8062,#8063,#8064);
#8066 = PLANE('',#8065);
#8067 = EDGE_LOOP('',(#8046,#8051,#8056,#8061));
#8068 = FACE_OUTER_BOUND('',#8067,.T.);
#8069 = ADVANCED_FACE('',(#8068),#8066,.T.);
#8070 = CARTESIAN_POINT('',(1.7424999999999995,-0.4725,4.3854));
#8071 = VERTEX_POINT('',#8070);
#8072 = CARTESIAN_POINT('',(2.1204999999999994,-0.8504999999999999,4.995));
#8073 = VERTEX_POINT('',#8072);
#8074 = ORIENTED_EDGE('',*,*,#8032,.F.);
#8075 = DIRECTION('',(0.,1.,0.));
#8076 = VECTOR('',#8075,1.);
#8077 = LINE('',#8070,#8076);
#8078 = EDGE_CURVE('',#8071,#8013,#8077,.T.);
#8079 = ORIENTED_EDGE('',*,*,#8078,.F.);
#8080 = DIRECTION('',(0.46621205975657,-0.4662120597565701,0.7518594487502787));
#8081 = VECTOR('',#8080,1.);
#8082 = LINE('',#8070,#8081);
#8083 = EDGE_CURVE('',#8071,#8073,#8082,.T.);
#8084 = ORIENTED_EDGE('',*,*,#8083,.T.);
#8085 = DIRECTION('',(0.,1.,0.));
#8086 = VECTOR('',#8085,1.);
#8087 = LINE('',#8072,#8086);
#8088 = EDGE_CURVE('',#8073,#8007,#8087,.T.);
#8089 = ORIENTED_EDGE('',*,*,#8088,.T.);
#8090 = CARTESIAN_POINT('',(2.1204999999999994,0.8504999999999999,4.995));
#8091 = DIRECTION('',(-0.8498727207846388,0.,0.5269880059983486));
#8092 = DIRECTION('',(-0.46621205975657,-0.4662120597565701,-0.7518594487502787));
#8093 = AXIS2_PLACEMENT_3D('',#8090,#8091,#8092);
#8094 = PLANE('',#8093);
#8095 = EDGE_LOOP('',(#8074,#8079,#8084,#8089));
#8096 = FACE_OUTER_BOUND('',#8095,.T.);
#8097 = ADVANCED_FACE('',(#8096),#8094,.T.);
#8098 = DIRECTION('',(1.,0.,0.));
#8099 = VECTOR('',#8098,1.);
#8100 = LINE('',#8044,#8099);
#8101 = EDGE_CURVE('',#8045,#8071,#8100,.T.);
#8102 = ORIENTED_EDGE('',*,*,#8101,.F.);
#8103 = ORIENTED_EDGE('',*,*,#8055,.F.);
#8104 = DIRECTION('',(1.,0.,0.));
#8105 = VECTOR('',#8104,1.);
#8106 = LINE('',#8042,#8105);
#8107 = EDGE_CURVE('',#8043,#8073,#8106,.T.);
#8108 = ORIENTED_EDGE('',*,*,#8107,.T.);
#8109 = ORIENTED_EDGE('',*,*,#8083,.F.);
#8110 = CARTESIAN_POINT('',(1.7424999999999995,-0.4725,4.3854));
#8111 = DIRECTION('',(0.,0.8498727207846389,0.5269880059983483));
#8112 = DIRECTION('',(-1.,0.,0.));
#8113 = AXIS2_PLACEMENT_3D('',#8110,#8111,#8112);
#8114 = PLANE('',#8113);
#8115 = EDGE_LOOP('',(#8102,#8103,#8108,#8109));
#8116 = FACE_OUTER_BOUND('',#8115,.T.);
#8117 = ADVANCED_FACE('',(#8116),#8114,.T.);
#8118 = CARTESIAN_POINT('',(0.41949999999999965,-0.8504999999999999,5.));
#8119 = VERTEX_POINT('',#8118);
#8120 = CARTESIAN_POINT('',(2.1204999999999994,-0.8504999999999999,5.));
#8121 = VERTEX_POINT('',#8120);
#8122 = DIRECTION('',(0.,0.,1.));
#8123 = VECTOR('',#8122,1.);
#8124 = LINE('',#8042,#8123);
#8125 = EDGE_CURVE('',#8043,#8119,#8124,.T.);
#8126 = ORIENTED_EDGE('',*,*,#8125,.T.);
#8127 = DIRECTION('',(1.,0.,0.));
#8128 = VECTOR('',#8127,1.);
#8129 = LINE('',#8118,#8128);
#8130 = EDGE_CURVE('',#8119,#8121,#8129,.T.);
#8131 = ORIENTED_EDGE('',*,*,#8130,.T.);
#8132 = DIRECTION('',(0.,0.,1.));
#8133 = VECTOR('',#8132,1.);
#8134 = LINE('',#8072,#8133);
#8135 = EDGE_CURVE('',#8073,#8121,#8134,.T.);
#8136 = ORIENTED_EDGE('',*,*,#8135,.F.);
#8137 = ORIENTED_EDGE('',*,*,#8107,.F.);
#8138 = CARTESIAN_POINT('',(0.41949999999999965,-0.8504999999999999,4.995));
#8139 = DIRECTION('',(0.,1.,0.));
#8140 = DIRECTION('',(0.,0.,1.));
#8141 = AXIS2_PLACEMENT_3D('',#8138,#8139,#8140);
#8142 = PLANE('',#8141);
#8143 = EDGE_LOOP('',(#8126,#8131,#8136,#8137));
#8144 = FACE_OUTER_BOUND('',#8143,.T.);
#8145 = ADVANCED_FACE('',(#8144),#8142,.T.);
#8146 = CARTESIAN_POINT('',(0.41949999999999965,0.8504999999999999,5.));
#8147 = VERTEX_POINT('',#8146);
#8148 = CARTESIAN_POINT('',(2.1204999999999994,0.8504999999999999,5.));
#8149 = VERTEX_POINT('',#8148);
#8150 = DIRECTION('',(0.,0.,1.));
#8151 = VECTOR('',#8150,1.);
#8152 = LINE('',#8008,#8151);
#8153 = EDGE_CURVE('',#8009,#8147,#8152,.T.);
#8154 = ORIENTED_EDGE('',*,*,#8153,.F.);
#8155 = ORIENTED_EDGE('',*,*,#8017,.T.);
#8156 = DIRECTION('',(0.,0.,1.));
#8157 = VECTOR('',#8156,1.);
#8158 = LINE('',#8006,#8157);
#8159 = EDGE_CURVE('',#8007,#8149,#8158,.T.);
#8160 = ORIENTED_EDGE('',*,*,#8159,.T.);
#8161 = DIRECTION('',(1.,0.,0.));
#8162 = VECTOR('',#8161,1.);
#8163 = LINE('',#8146,#8162);
#8164 = EDGE_CURVE('',#8147,#8149,#8163,.T.);
#8165 = ORIENTED_EDGE('',*,*,#8164,.F.);
#8166 = CARTESIAN_POINT('',(0.41949999999999965,0.8504999999999999,5.));
#8167 = DIRECTION('',(0.,-1.,0.));
#8168 = DIRECTION('',(0.,0.,-1.));
#8169 = AXIS2_PLACEMENT_3D('',#8166,#8167,#8168);
#8170 = PLANE('',#8169);
#8171 = EDGE_LOOP('',(#8154,#8155,#8160,#8165));
#8172 = FACE_OUTER_BOUND('',#8171,.T.);
#8173 = ADVANCED_FACE('',(#8172),#8170,.T.);
#8174 = ORIENTED_EDGE('',*,*,#8125,.F.);
#8175 = ORIENTED_EDGE('',*,*,#8050,.T.);
#8176 = ORIENTED_EDGE('',*,*,#8153,.T.);
#8177 = DIRECTION('',(0.,1.,0.));
#8178 = VECTOR('',#8177,1.);
#8179 = LINE('',#8118,#8178);
#8180 = EDGE_CURVE('',#8119,#8147,#8179,.T.);
#8181 = ORIENTED_EDGE('',*,*,#8180,.F.);
#8182 = CARTESIAN_POINT('',(0.41949999999999965,-0.8504999999999999,5.));
#8183 = DIRECTION('',(1.,0.,0.));
#8184 = DIRECTION('',(0.,0.,-1.));
#8185 = AXIS2_PLACEMENT_3D('',#8182,#8183,#8184);
#8186 = PLANE('',#8185);
#8187 = EDGE_LOOP('',(#8174,#8175,#8176,#8181));
#8188 = FACE_OUTER_BOUND('',#8187,.T.);
#8189 = ADVANCED_FACE('',(#8188),#8186,.T.);
#8190 = ORIENTED_EDGE('',*,*,#8159,.F.);
#8191 = ORIENTED_EDGE('',*,*,#8088,.F.);
#8192 = ORIENTED_EDGE('',*,*,#8135,.T.);
#8193 = DIRECTION('',(0.,1.,0.));
#8194 = VECTOR('',#8193,1.);
#8195 = LINE('',#8120,#8194);
#8196 = EDGE_CURVE('',#8121,#8149,#8195,.T.);
#8197 = ORIENTED_EDGE('',*,*,#8196,.T.);
#8198 = CARTESIAN_POINT('',(2.1204999999999994,0.8504999999999999,5.));
#8199 = DIRECTION('',(-1.,0.,0.));
#8200 = DIRECTION('',(0.,0.,-1.));
#8201 = AXIS2_PLACEMENT_3D('',#8198,#8199,#8200);
#8202 = PLANE('',#8201);
#8203 = EDGE_LOOP('',(#8190,#8191,#8192,#8197));
#8204 = FACE_OUTER_BOUND('',#8203,.T.);
#8205 = ADVANCED_FACE('',(#8204),#8202,.T.);
#8206 = DIRECTION('',(0.,0.,1.));
#8207 = VECTOR('',#8206,1.);
#8208 = LINE('',#7944,#8207);
#8209 = EDGE_CURVE('',#7945,#8045,#8208,.T.);
#8210 = ORIENTED_EDGE('',*,*,#8209,.F.);
#8211 = ORIENTED_EDGE('',*,*,#7949,.T.);
#8212 = DIRECTION('',(0.,0.,1.));
#8213 = VECTOR('',#8212,1.);
#8214 = LINE('',#7916,#8213);
#8215 = EDGE_CURVE('',#7917,#8011,#8214,.T.);
#8216 = ORIENTED_EDGE('',*,*,#8215,.T.);
#8217 = ORIENTED_EDGE('',*,*,#8060,.F.);
#8218 = CARTESIAN_POINT('',(0.7974999999999997,-0.4725,4.385399999999998));
#8219 = DIRECTION('',(1.,0.,0.));
#8220 = DIRECTION('',(0.,0.,-1.));
#8221 = AXIS2_PLACEMENT_3D('',#8218,#8219,#8220);
#8222 = PLANE('',#8221);
#8223 = EDGE_LOOP('',(#8210,#8211,#8216,#8217));
#8224 = FACE_OUTER_BOUND('',#8223,.T.);
#8225 = ADVANCED_FACE('',(#8224),#8222,.T.);
#8226 = ORIENTED_EDGE('',*,*,#8078,.T.);
#8227 = DIRECTION('',(0.,0.,1.));
#8228 = VECTOR('',#8227,1.);
#8229 = LINE('',#7914,#8228);
#8230 = EDGE_CURVE('',#7915,#8013,#8229,.T.);
#8231 = ORIENTED_EDGE('',*,*,#8230,.F.);
#8232 = ORIENTED_EDGE('',*,*,#7977,.F.);
#8233 = DIRECTION('',(0.,0.,1.));
#8234 = VECTOR('',#8233,1.);
#8235 = LINE('',#7966,#8234);
#8236 = EDGE_CURVE('',#7967,#8071,#8235,.T.);
#8237 = ORIENTED_EDGE('',*,*,#8236,.T.);
#8238 = CARTESIAN_POINT('',(1.7424999999999995,-0.4725,4.3854));
#8239 = DIRECTION('',(-1.,0.,0.));
#8240 = DIRECTION('',(0.,1.,0.));
#8241 = AXIS2_PLACEMENT_3D('',#8238,#8239,#8240);
#8242 = PLANE('',#8241);
#8243 = EDGE_LOOP('',(#8226,#8231,#8232,#8237));
#8244 = FACE_OUTER_BOUND('',#8243,.T.);
#8245 = ADVANCED_FACE('',(#8244),#8242,.T.);
#8246 = ORIENTED_EDGE('',*,*,#8236,.F.);
#8247 = ORIENTED_EDGE('',*,*,#7995,.F.);
#8248 = ORIENTED_EDGE('',*,*,#8209,.T.);
#8249 = ORIENTED_EDGE('',*,*,#8101,.T.);
#8250 = CARTESIAN_POINT('',(1.7424999999999995,-0.4725,4.3854));
#8251 = DIRECTION('',(0.,1.,0.));
#8252 = DIRECTION('',(0.,0.,-1.));
#8253 = AXIS2_PLACEMENT_3D('',#8250,#8251,#8252);
#8254 = PLANE('',#8253);
#8255 = EDGE_LOOP('',(#8246,#8247,#8248,#8249));
#8256 = FACE_OUTER_BOUND('',#8255,.T.);
#8257 = ADVANCED_FACE('',(#8256),#8254,.T.);
#8258 = ORIENTED_EDGE('',*,*,#8215,.F.);
#8259 = ORIENTED_EDGE('',*,*,#7927,.T.);
#8260 = ORIENTED_EDGE('',*,*,#8230,.T.);
#8261 = ORIENTED_EDGE('',*,*,#8027,.F.);
#8262 = CARTESIAN_POINT('',(0.7974999999999997,0.4725,4.3854));
#8263 = DIRECTION('',(0.,-1.,0.));
#8264 = DIRECTION('',(0.,0.,-1.));
#8265 = AXIS2_PLACEMENT_3D('',#8262,#8263,#8264);
#8266 = PLANE('',#8265);
#8267 = EDGE_LOOP('',(#8258,#8259,#8260,#8261));
#8268 = FACE_OUTER_BOUND('',#8267,.T.);
#8269 = ADVANCED_FACE('',(#8268),#8266,.T.);
#8270 = ORIENTED_EDGE('',*,*,#7780,.F.);
#8271 = DIRECTION('',(1.,0.,0.));
#8272 = VECTOR('',#8271,1.);
#8273 = LINE('',#7752,#8272);
#8274 = EDGE_CURVE('',#7753,#8147,#8273,.T.);
#8275 = ORIENTED_EDGE('',*,*,#8274,.T.);
#8276 = ORIENTED_EDGE('',*,*,#8164,.T.);
#8277 = DIRECTION('',(1.,0.,0.));
#8278 = VECTOR('',#8277,1.);
#8279 = LINE('',#8148,#8278);
#8280 = EDGE_CURVE('',#8149,#7821,#8279,.T.);
#8281 = ORIENTED_EDGE('',*,*,#8280,.T.);
#8282 = ORIENTED_EDGE('',*,*,#7849,.T.);
#8283 = ORIENTED_EDGE('',*,*,#7898,.F.);
#8284 = CARTESIAN_POINT('',(0.,1.27,5.));
#8285 = DIRECTION('',(0.,0.,1.));
#8286 = DIRECTION('',(0.,-1.,0.));
#8287 = AXIS2_PLACEMENT_3D('',#8284,#8285,#8286);
#8288 = PLANE('',#8287);
#8289 = EDGE_LOOP('',(#8270,#8275,#8276,#8281,#8282,#8283));
#8290 = FACE_OUTER_BOUND('',#8289,.T.);
#8291 = ADVANCED_FACE('',(#8290),#8288,.T.);
#8292 = ORIENTED_EDGE('',*,*,#8196,.F.);
#8293 = DIRECTION('',(1.,0.,0.));
#8294 = VECTOR('',#8293,1.);
#8295 = LINE('',#8120,#8294);
#8296 = EDGE_CURVE('',#8121,#7823,#8295,.T.);
#8297 = ORIENTED_EDGE('',*,*,#8296,.T.);
#8298 = ORIENTED_EDGE('',*,*,#7854,.T.);
#8299 = ORIENTED_EDGE('',*,*,#8280,.F.);
#8300 = CARTESIAN_POINT('',(2.1204999999999994,0.8504999999999999,5.));
#8301 = DIRECTION('',(0.,0.,1.));
#8302 = DIRECTION('',(0.,-1.,0.));
#8303 = AXIS2_PLACEMENT_3D('',#8300,#8301,#8302);
#8304 = PLANE('',#8303);
#8305 = EDGE_LOOP('',(#8292,#8297,#8298,#8299));
#8306 = FACE_OUTER_BOUND('',#8305,.T.);
#8307 = ADVANCED_FACE('',(#8306),#8304,.T.);
#8308 = ORIENTED_EDGE('',*,*,#7775,.F.);
#8309 = DIRECTION('',(1.,0.,0.));
#8310 = VECTOR('',#8309,1.);
#8311 = LINE('',#7750,#8310);
#8312 = EDGE_CURVE('',#7751,#8119,#8311,.T.);
#8313 = ORIENTED_EDGE('',*,*,#8312,.T.);
#8314 = ORIENTED_EDGE('',*,*,#8180,.T.);
#8315 = ORIENTED_EDGE('',*,*,#8274,.F.);
#8316 = CARTESIAN_POINT('',(0.,0.8504999999999999,5.));
#8317 = DIRECTION('',(0.,0.,1.));
#8318 = DIRECTION('',(0.,-1.,0.));
#8319 = AXIS2_PLACEMENT_3D('',#8316,#8317,#8318);
#8320 = PLANE('',#8319);
#8321 = EDGE_LOOP('',(#8308,#8313,#8314,#8315));
#8322 = FACE_OUTER_BOUND('',#8321,.T.);
#8323 = ADVANCED_FACE('',(#8322),#8320,.T.);
#8324 = ORIENTED_EDGE('',*,*,#7770,.T.);
#8325 = ORIENTED_EDGE('',*,*,#7883,.T.);
#8326 = ORIENTED_EDGE('',*,*,#7859,.F.);
#8327 = ORIENTED_EDGE('',*,*,#8296,.F.);
#8328 = ORIENTED_EDGE('',*,*,#8130,.F.);
#8329 = ORIENTED_EDGE('',*,*,#8312,.F.);
#8330 = CARTESIAN_POINT('',(0.,-0.8504999999999999,5.));
#8331 = DIRECTION('',(0.,0.,1.));
#8332 = DIRECTION('',(0.,-1.,0.));
#8333 = AXIS2_PLACEMENT_3D('',#8330,#8331,#8332);
#8334 = PLANE('',#8333);
#8335 = EDGE_LOOP('',(#8324,#8325,#8326,#8327,#8328,#8329));
#8336 = FACE_OUTER_BOUND('',#8335,.T.);
#8337 = ADVANCED_FACE('',(#8336),#8334,.T.);
#8338 = CLOSED_SHELL('',(#7809,#7873,#7893,#7913,#7943,#7965,#7987,#8005,#8041,#8069,#8097,#8117,#8145,#8173,#8189,#8205,#8225,#8245,#8257,#8269,#8291,#8307,#8323,#8337));
#8339 = MANIFOLD_SOLID_BREP('',#8338);
#8340 = COLOUR_RGB('',0.10196078431372549,0.10196078431372549,0.10196078431372549);
#8341 = FILL_AREA_STYLE_COLOUR('',#8340);
#8342 = FILL_AREA_STYLE('',(#8341));
#8343 = SURFACE_STYLE_FILL_AREA(#8342);
#8344 = SURFACE_SIDE_STYLE('',(#8343));
#8345 = SURFACE_STYLE_USAGE(.BOTH.,#8344);
#8346 = PRESENTATION_STYLE_ASSIGNMENT((#8345));
#8347 = STYLED_ITEM('',(#8346),#8339);
#8348 = CARTESIAN_POINT('',(1.5849999999999995,-0.315,0.));
#8349 = VERTEX_POINT('',#8348);
#8350 = CARTESIAN_POINT('',(0.9549999999999996,-0.315,0.));
#8351 = VERTEX_POINT('',#8350);
#8352 = CARTESIAN_POINT('',(0.9549999999999996,-0.315,-2.7));
#8353 = VERTEX_POINT('',#8352);
#8354 = CARTESIAN_POINT('',(1.5849999999999995,-0.315,-2.7));
#8355 = VERTEX_POINT('',#8354);
#8356 = DIRECTION('',(1.,0.,0.));
#8357 = VECTOR('',#8356,1.);
#8358 = LINE('',#8350,#8357);
#8359 = EDGE_CURVE('',#8351,#8349,#8358,.T.);
#8360 = ORIENTED_EDGE('',*,*,#8359,.F.);
#8361 = DIRECTION('',(0.,0.,1.));
#8362 = VECTOR('',#8361,1.);
#8363 = LINE('',#8352,#8362);
#8364 = EDGE_CURVE('',#8353,#8351,#8363,.T.);
#8365 = ORIENTED_EDGE('',*,*,#8364,.F.);
#8366 = DIRECTION('',(1.,0.,0.));
#8367 = VECTOR('',#8366,1.);
#8368 = LINE('',#8352,#8367);
#8369 = EDGE_CURVE('',#8353,#8355,#8368,.T.);
#8370 = ORIENTED_EDGE('',*,*,#8369,.T.);
#8371 = DIRECTION('',(0.,0.,1.));
#8372 = VECTOR('',#8371,1.);
#8373 = LINE('',#8354,#8372);
#8374 = EDGE_CURVE('',#8355,#8349,#8373,.T.);
#8375 = ORIENTED_EDGE('',*,*,#8374,.T.);
#8376 = CARTESIAN_POINT('',(1.5849999999999995,-0.315,0.));
#8377 = DIRECTION('',(0.,-1.,0.));
#8378 = DIRECTION('',(-1.,0.,0.));
#8379 = AXIS2_PLACEMENT_3D('',#8376,#8377,#8378);
#8380 = PLANE('',#8379);
#8381 = EDGE_LOOP('',(#8360,#8365,#8370,#8375));
#8382 = FACE_OUTER_BOUND('',#8381,.T.);
#8383 = ADVANCED_FACE('',(#8382),#8380,.T.);
#8384 = CARTESIAN_POINT('',(1.5849999999999995,0.315,-2.7));
#8385 = VERTEX_POINT('',#8384);
#8386 = CARTESIAN_POINT('',(1.5849999999999995,0.315,0.));
#8387 = VERTEX_POINT('',#8386);
#8388 = ORIENTED_EDGE('',*,*,#8374,.F.);
#8389 = DIRECTION('',(0.,1.,0.));
#8390 = VECTOR('',#8389,1.);
#8391 = LINE('',#8354,#8390);
#8392 = EDGE_CURVE('',#8355,#8385,#8391,.T.);
#8393 = ORIENTED_EDGE('',*,*,#8392,.T.);
#8394 = DIRECTION('',(0.,0.,1.));
#8395 = VECTOR('',#8394,1.);
#8396 = LINE('',#8384,#8395);
#8397 = EDGE_CURVE('',#8385,#8387,#8396,.T.);
#8398 = ORIENTED_EDGE('',*,*,#8397,.T.);
#8399 = DIRECTION('',(0.,1.,0.));
#8400 = VECTOR('',#8399,1.);
#8401 = LINE('',#8348,#8400);
#8402 = EDGE_CURVE('',#8349,#8387,#8401,.T.);
#8403 = ORIENTED_EDGE('',*,*,#8402,.F.);
#8404 = CARTESIAN_POINT('',(1.5849999999999995,-0.315,0.));
#8405 = DIRECTION('',(1.,0.,0.));
#8406 = DIRECTION('',(0.,0.,-1.));
#8407 = AXIS2_PLACEMENT_3D('',#8404,#8405,#8406);
#8408 = PLANE('',#8407);
#8409 = EDGE_LOOP('',(#8388,#8393,#8398,#8403));
#8410 = FACE_OUTER_BOUND('',#8409,.T.);
#8411 = ADVANCED_FACE('',(#8410),#8408,.T.);
#8412 = CARTESIAN_POINT('',(0.9549999999999996,0.315,0.));
#8413 = VERTEX_POINT('',#8412);
#8414 = DIRECTION('',(0.,1.,0.));
#8415 = VECTOR('',#8414,1.);
#8416 = LINE('',#8350,#8415);
#8417 = EDGE_CURVE('',#8351,#8413,#8416,.T.);
#8418 = ORIENTED_EDGE('',*,*,#8417,.F.);
#8419 = ORIENTED_EDGE('',*,*,#8359,.T.);
#8420 = ORIENTED_EDGE('',*,*,#8402,.T.);
#8421 = DIRECTION('',(1.,0.,0.));
#8422 = VECTOR('',#8421,1.);
#8423 = LINE('',#8412,#8422);
#8424 = EDGE_CURVE('',#8413,#8387,#8423,.T.);
#8425 = ORIENTED_EDGE('',*,*,#8424,.F.);
#8426 = CARTESIAN_POINT('',(0.9549999999999996,0.315,0.));
#8427 = DIRECTION('',(0.,0.,1.));
#8428 = DIRECTION('',(0.,-1.,0.));
#8429 = AXIS2_PLACEMENT_3D('',#8426,#8427,#8428);
#8430 = PLANE('',#8429);
#8431 = EDGE_LOOP('',(#8418,#8419,#8420,#8425));
#8432 = FACE_OUTER_BOUND('',#8431,.T.);
#8433 = ADVANCED_FACE('',(#8432),#8430,.T.);
#8434 = CARTESIAN_POINT('',(1.4449999999999996,-0.175,-3.));
#8435 = VERTEX_POINT('',#8434);
#8436 = CARTESIAN_POINT('',(1.0949999999999995,-0.175,-3.));
#8437 = VERTEX_POINT('',#8436);
#8438 = DIRECTION('',(0.38949041885226,-0.38949041885226027,0.8346223261119857));
#8439 = VECTOR('',#8438,1.);
#8440 = LINE('',#8434,#8439);
#8441 = EDGE_CURVE('',#8435,#8355,#8440,.T.);
#8442 = ORIENTED_EDGE('',*,*,#8441,.T.);
#8443 = ORIENTED_EDGE('',*,*,#8369,.F.);
#8444 = DIRECTION('',(0.38949041885226,0.38949041885226027,-0.8346223261119857));
#8445 = VECTOR('',#8444,1.);
#8446 = LINE('',#8352,#8445);
#8447 = EDGE_CURVE('',#8353,#8437,#8446,.T.);
#8448 = ORIENTED_EDGE('',*,*,#8447,.T.);
#8449 = DIRECTION('',(1.,0.,0.));
#8450 = VECTOR('',#8449,1.);
#8451 = LINE('',#8436,#8450);
#8452 = EDGE_CURVE('',#8437,#8435,#8451,.T.);
#8453 = ORIENTED_EDGE('',*,*,#8452,.T.);
#8454 = CARTESIAN_POINT('',(1.4449999999999996,-0.175,-3.));
#8455 = DIRECTION('',(0.,-0.9061831399952655,-0.42288546533112403));
#8456 = DIRECTION('',(0.38949041885226,-0.38949041885226027,0.8346223261119857));
#8457 = AXIS2_PLACEMENT_3D('',#8454,#8455,#8456);
#8458 = PLANE('',#8457);
#8459 = EDGE_LOOP('',(#8442,#8443,#8448,#8453));
#8460 = FACE_OUTER_BOUND('',#8459,.T.);
#8461 = ADVANCED_FACE('',(#8460),#8458,.T.);
#8462 = CARTESIAN_POINT('',(0.9549999999999996,0.315,-2.7));
#8463 = VERTEX_POINT('',#8462);
#8464 = DIRECTION('',(0.,1.,0.));
#8465 = VECTOR('',#8464,1.);
#8466 = LINE('',#8352,#8465);
#8467 = EDGE_CURVE('',#8353,#8463,#8466,.T.);
#8468 = ORIENTED_EDGE('',*,*,#8467,.F.);
#8469 = ORIENTED_EDGE('',*,*,#8364,.T.);
#8470 = ORIENTED_EDGE('',*,*,#8417,.T.);
#8471 = DIRECTION('',(0.,0.,1.));
#8472 = VECTOR('',#8471,1.);
#8473 = LINE('',#8462,#8472);
#8474 = EDGE_CURVE('',#8463,#8413,#8473,.T.);
#8475 = ORIENTED_EDGE('',*,*,#8474,.F.);
#8476 = CARTESIAN_POINT('',(0.9549999999999996,0.315,-2.7));
#8477 = DIRECTION('',(-1.,0.,0.));
#8478 = DIRECTION('',(0.,-1.,0.));
#8479 = AXIS2_PLACEMENT_3D('',#8476,#8477,#8478);
#8480 = PLANE('',#8479);
#8481 = EDGE_LOOP('',(#8468,#8469,#8470,#8475));
#8482 = FACE_OUTER_BOUND('',#8481,.T.);
#8483 = ADVANCED_FACE('',(#8482),#8480,.T.);
#8484 = ORIENTED_EDGE('',*,*,#8474,.T.);
#8485 = ORIENTED_EDGE('',*,*,#8424,.T.);
#8486 = ORIENTED_EDGE('',*,*,#8397,.F.);
#8487 = DIRECTION('',(1.,0.,0.));
#8488 = VECTOR('',#8487,1.);
#8489 = LINE('',#8462,#8488);
#8490 = EDGE_CURVE('',#8463,#8385,#8489,.T.);
#8491 = ORIENTED_EDGE('',*,*,#8490,.F.);
#8492 = CARTESIAN_POINT('',(0.9549999999999996,0.315,-2.7));
#8493 = DIRECTION('',(0.,1.,0.));
#8494 = DIRECTION('',(0.,0.,1.));
#8495 = AXIS2_PLACEMENT_3D('',#8492,#8493,#8494);
#8496 = PLANE('',#8495);
#8497 = EDGE_LOOP('',(#8484,#8485,#8486,#8491));
#8498 = FACE_OUTER_BOUND('',#8497,.T.);
#8499 = ADVANCED_FACE('',(#8498),#8496,.T.);
#8500 = CARTESIAN_POINT('',(1.0949999999999995,0.175,-3.));
#8501 = VERTEX_POINT('',#8500);
#8502 = DIRECTION('',(0.,1.,0.));
#8503 = VECTOR('',#8502,1.);
#8504 = LINE('',#8436,#8503);
#8505 = EDGE_CURVE('',#8437,#8501,#8504,.T.);
#8506 = ORIENTED_EDGE('',*,*,#8505,.F.);
#8507 = ORIENTED_EDGE('',*,*,#8447,.F.);
#8508 = ORIENTED_EDGE('',*,*,#8467,.T.);
#8509 = DIRECTION('',(0.38949041885226,-0.38949041885226027,-0.8346223261119857));
#8510 = VECTOR('',#8509,1.);
#8511 = LINE('',#8462,#8510);
#8512 = EDGE_CURVE('',#8463,#8501,#8511,.T.);
#8513 = ORIENTED_EDGE('',*,*,#8512,.T.);
#8514 = CARTESIAN_POINT('',(1.0949999999999995,0.175,-3.));
#8515 = DIRECTION('',(-0.9061831399952653,0.,-0.422885465331124));
#8516 = DIRECTION('',(0.,-1.,0.));
#8517 = AXIS2_PLACEMENT_3D('',#8514,#8515,#8516);
#8518 = PLANE('',#8517);
#8519 = EDGE_LOOP('',(#8506,#8507,#8508,#8513));
#8520 = FACE_OUTER_BOUND('',#8519,.T.);
#8521 = ADVANCED_FACE('',(#8520),#8518,.T.);
#8522 = CARTESIAN_POINT('',(1.4449999999999996,0.175,-3.));
#8523 = VERTEX_POINT('',#8522);
#8524 = DIRECTION('',(0.,1.,0.));
#8525 = VECTOR('',#8524,1.);
#8526 = LINE('',#8434,#8525);
#8527 = EDGE_CURVE('',#8435,#8523,#8526,.T.);
#8528 = ORIENTED_EDGE('',*,*,#8527,.F.);
#8529 = ORIENTED_EDGE('',*,*,#8452,.F.);
#8530 = ORIENTED_EDGE('',*,*,#8505,.T.);
#8531 = DIRECTION('',(1.,0.,0.));
#8532 = VECTOR('',#8531,1.);
#8533 = LINE('',#8500,#8532);
#8534 = EDGE_CURVE('',#8501,#8523,#8533,.T.);
#8535 = ORIENTED_EDGE('',*,*,#8534,.T.);
#8536 = CARTESIAN_POINT('',(1.4449999999999996,0.175,-3.));
#8537 = DIRECTION('',(0.,0.,-1.));
#8538 = DIRECTION('',(0.,-1.,0.));
#8539 = AXIS2_PLACEMENT_3D('',#8536,#8537,#8538);
#8540 = PLANE('',#8539);
#8541 = EDGE_LOOP('',(#8528,#8529,#8530,#8535));
#8542 = FACE_OUTER_BOUND('',#8541,.T.);
#8543 = ADVANCED_FACE('',(#8542),#8540,.T.);
#8544 = ORIENTED_EDGE('',*,*,#8534,.F.);
#8545 = ORIENTED_EDGE('',*,*,#8512,.F.);
#8546 = ORIENTED_EDGE('',*,*,#8490,.T.);
#8547 = DIRECTION('',(0.38949041885226,0.38949041885226027,0.8346223261119857));
#8548 = VECTOR('',#8547,1.);
#8549 = LINE('',#8522,#8548);
#8550 = EDGE_CURVE('',#8523,#8385,#8549,.T.);
#8551 = ORIENTED_EDGE('',*,*,#8550,.F.);
#8552 = CARTESIAN_POINT('',(1.4449999999999996,0.175,-3.));
#8553 = DIRECTION('',(0.,0.9061831399952655,-0.4228854653311239));
#8554 = DIRECTION('',(-1.,0.,0.));
#8555 = AXIS2_PLACEMENT_3D('',#8552,#8553,#8554);
#8556 = PLANE('',#8555);
#8557 = EDGE_LOOP('',(#8544,#8545,#8546,#8551));
#8558 = FACE_OUTER_BOUND('',#8557,.T.);
#8559 = ADVANCED_FACE('',(#8558),#8556,.T.);
#8560 = ORIENTED_EDGE('',*,*,#8550,.T.);
#8561 = ORIENTED_EDGE('',*,*,#8392,.F.);
#8562 = ORIENTED_EDGE('',*,*,#8441,.F.);
#8563 = ORIENTED_EDGE('',*,*,#8527,.T.);
#8564 = CARTESIAN_POINT('',(1.4449999999999996,0.175,-3.));
#8565 = DIRECTION('',(0.9061831399952653,0.,-0.4228854653311241));
#8566 = DIRECTION('',(0.38949041885226,0.38949041885226027,0.8346223261119857));
#8567 = AXIS2_PLACEMENT_3D('',#8564,#8565,#8566);
#8568 = PLANE('',#8567);
#8569 = EDGE_LOOP('',(#8560,#8561,#8562,#8563));
#8570 = FACE_OUTER_BOUND('',#8569,.T.);
#8571 = ADVANCED_FACE('',(#8570),#8568,.T.);
#8572 = CLOSED_SHELL('',(#8383,#8411,#8433,#8461,#8483,#8499,#8521,#8543,#8559,#8571));
#8573 = MANIFOLD_SOLID_BREP('',#8572);
#8574 = CARTESIAN_POINT('',(0.7659999999999996,-0.504,0.));
#8575 = VERTEX_POINT('',#8574);
#8576 = CARTESIAN_POINT('',(0.7659999999999996,-0.504,0.504));
#8577 = VERTEX_POINT('',#8576);
#8578 = CARTESIAN_POINT('',(0.7659999999999996,0.504,0.504));
#8579 = VERTEX_POINT('',#8578);
#8580 = CARTESIAN_POINT('',(0.7659999999999996,0.504,0.));
#8581 = VERTEX_POINT('',#8580);
#8582 = DIRECTION('',(0.,0.,1.));
#8583 = VECTOR('',#8582,1.);
#8584 = LINE('',#8574,#8583);
#8585 = EDGE_CURVE('',#8575,#8577,#8584,.T.);
#8586 = ORIENTED_EDGE('',*,*,#8585,.T.);
#8587 = DIRECTION('',(0.,1.,0.));
#8588 = VECTOR('',#8587,1.);
#8589 = LINE('',#8576,#8588);
#8590 = EDGE_CURVE('',#8577,#8579,#8589,.T.);
#8591 = ORIENTED_EDGE('',*,*,#8590,.T.);
#8592 = DIRECTION('',(0.,0.,1.));
#8593 = VECTOR('',#8592,1.);
#8594 = LINE('',#8580,#8593);
#8595 = EDGE_CURVE('',#8581,#8579,#8594,.T.);
#8596 = ORIENTED_EDGE('',*,*,#8595,.F.);
#8597 = DIRECTION('',(0.,1.,0.));
#8598 = VECTOR('',#8597,1.);
#8599 = LINE('',#8574,#8598);
#8600 = EDGE_CURVE('',#8575,#8581,#8599,.T.);
#8601 = ORIENTED_EDGE('',*,*,#8600,.F.);
#8602 = CARTESIAN_POINT('',(0.7659999999999996,-0.504,0.));
#8603 = DIRECTION('',(-1.,0.,0.));
#8604 = DIRECTION('',(0.,0.,1.));
#8605 = AXIS2_PLACEMENT_3D('',#8602,#8603,#8604);
#8606 = PLANE('',#8605);
#8607 = EDGE_LOOP('',(#8586,#8591,#8596,#8601));
#8608 = FACE_OUTER_BOUND('',#8607,.T.);
#8609 = ADVANCED_FACE('',(#8608),#8606,.T.);
#8610 = CARTESIAN_POINT('',(1.7739999999999996,-0.504,0.));
#8611 = VERTEX_POINT('',#8610);
#8612 = CARTESIAN_POINT('',(1.7739999999999996,0.504,0.));
#8613 = VERTEX_POINT('',#8612);
#8614 = CARTESIAN_POINT('',(1.7739999999999996,0.504,0.504));
#8615 = VERTEX_POINT('',#8614);
#8616 = CARTESIAN_POINT('',(1.7739999999999996,-0.504,0.504));
#8617 = VERTEX_POINT('',#8616);
#8618 = DIRECTION('',(0.,1.,0.));
#8619 = VECTOR('',#8618,1.);
#8620 = LINE('',#8610,#8619);
#8621 = EDGE_CURVE('',#8611,#8613,#8620,.T.);
#8622 = ORIENTED_EDGE('',*,*,#8621,.T.);
#8623 = DIRECTION('',(0.,0.,1.));
#8624 = VECTOR('',#8623,1.);
#8625 = LINE('',#8612,#8624);
#8626 = EDGE_CURVE('',#8613,#8615,#8625,.T.);
#8627 = ORIENTED_EDGE('',*,*,#8626,.T.);
#8628 = DIRECTION('',(0.,1.,0.));
#8629 = VECTOR('',#8628,1.);
#8630 = LINE('',#8616,#8629);
#8631 = EDGE_CURVE('',#8617,#8615,#8630,.T.);
#8632 = ORIENTED_EDGE('',*,*,#8631,.F.);
#8633 = DIRECTION('',(0.,0.,1.));
#8634 = VECTOR('',#8633,1.);
#8635 = LINE('',#8610,#8634);
#8636 = EDGE_CURVE('',#8611,#8617,#8635,.T.);
#8637 = ORIENTED_EDGE('',*,*,#8636,.F.);
#8638 = CARTESIAN_POINT('',(1.7739999999999996,-0.504,0.));
#8639 = DIRECTION('',(1.,0.,0.));
#8640 = DIRECTION('',(0.,1.,0.));
#8641 = AXIS2_PLACEMENT_3D('',#8638,#8639,#8640);
#8642 = PLANE('',#8641);
#8643 = EDGE_LOOP('',(#8622,#8627,#8632,#8637));
#8644 = FACE_OUTER_BOUND('',#8643,.T.);
#8645 = ADVANCED_FACE('',(#8644),#8642,.T.);
#8646 = DIRECTION('',(1.,0.,0.));
#8647 = VECTOR('',#8646,1.);
#8648 = LINE('',#8574,#8647);
#8649 = EDGE_CURVE('',#8575,#8611,#8648,.T.);
#8650 = ORIENTED_EDGE('',*,*,#8649,.T.);
#8651 = ORIENTED_EDGE('',*,*,#8636,.T.);
#8652 = DIRECTION('',(1.,0.,0.));
#8653 = VECTOR('',#8652,1.);
#8654 = LINE('',#8576,#8653);
#8655 = EDGE_CURVE('',#8577,#8617,#8654,.T.);
#8656 = ORIENTED_EDGE('',*,*,#8655,.F.);
#8657 = ORIENTED_EDGE('',*,*,#8585,.F.);
#8658 = CARTESIAN_POINT('',(0.7659999999999996,-0.504,0.));
#8659 = DIRECTION('',(0.,-1.,0.));
#8660 = DIRECTION('',(1.,0.,0.));
#8661 = AXIS2_PLACEMENT_3D('',#8658,#8659,#8660);
#8662 = PLANE('',#8661);
#8663 = EDGE_LOOP('',(#8650,#8651,#8656,#8657));
#8664 = FACE_OUTER_BOUND('',#8663,.T.);
#8665 = ADVANCED_FACE('',(#8664),#8662,.T.);
#8666 = ORIENTED_EDGE('',*,*,#8595,.T.);
#8667 = DIRECTION('',(1.,0.,0.));
#8668 = VECTOR('',#8667,1.);
#8669 = LINE('',#8578,#8668);
#8670 = EDGE_CURVE('',#8579,#8615,#8669,.T.);
#8671 = ORIENTED_EDGE('',*,*,#8670,.T.);
#8672 = ORIENTED_EDGE('',*,*,#8626,.F.);
#8673 = DIRECTION('',(1.,0.,0.));
#8674 = VECTOR('',#8673,1.);
#8675 = LINE('',#8580,#8674);
#8676 = EDGE_CURVE('',#8581,#8613,#8675,.T.);
#8677 = ORIENTED_EDGE('',*,*,#8676,.F.);
#8678 = CARTESIAN_POINT('',(0.7659999999999996,0.504,0.));
#8679 = DIRECTION('',(0.,1.,0.));
#8680 = DIRECTION('',(0.,0.,1.));
#8681 = AXIS2_PLACEMENT_3D('',#8678,#8679,#8680);
#8682 = PLANE('',#8681);
#8683 = EDGE_LOOP('',(#8666,#8671,#8672,#8677));
#8684 = FACE_OUTER_BOUND('',#8683,.T.);
#8685 = ADVANCED_FACE('',(#8684),#8682,.T.);
#8686 = ORIENTED_EDGE('',*,*,#8600,.T.);
#8687 = ORIENTED_EDGE('',*,*,#8676,.T.);
#8688 = ORIENTED_EDGE('',*,*,#8621,.F.);
#8689 = ORIENTED_EDGE('',*,*,#8649,.F.);
#8690 = CARTESIAN_POINT('',(0.7659999999999996,-0.504,0.));
#8691 = DIRECTION('',(0.,0.,-1.));
#8692 = DIRECTION('',(0.,1.,0.));
#8693 = AXIS2_PLACEMENT_3D('',#8690,#8691,#8692);
#8694 = PLANE('',#8693);
#8695 = EDGE_LOOP('',(#8686,#8687,#8688,#8689));
#8696 = FACE_OUTER_BOUND('',#8695,.T.);
#8697 = ADVANCED_FACE('',(#8696),#8694,.T.);
#8698 = ORIENTED_EDGE('',*,*,#8655,.T.);
#8699 = ORIENTED_EDGE('',*,*,#8631,.T.);
#8700 = ORIENTED_EDGE('',*,*,#8670,.F.);
#8701 = ORIENTED_EDGE('',*,*,#8590,.F.);
#8702 = CARTESIAN_POINT('',(0.7659999999999996,-0.504,0.504));
#8703 = DIRECTION('',(0.,0.,1.));
#8704 = DIRECTION('',(1.,0.,0.));
#8705 = AXIS2_PLACEMENT_3D('',#8702,#8703,#8704);
#8706 = PLANE('',#8705);
#8707 = EDGE_LOOP('',(#8698,#8699,#8700,#8701));
#8708 = FACE_OUTER_BOUND('',#8707,.T.);
#8709 = ADVANCED_FACE('',(#8708),#8706,.T.);
#8710 = CLOSED_SHELL('',(#8609,#8645,#8665,#8685,#8697,#8709));
#8711 = MANIFOLD_SOLID_BREP('',#8710);
#8712 = CARTESIAN_POINT('',(2.5399999999999987,-1.27,0.));
#8713 = VERTEX_POINT('',#8712);
#8714 = CARTESIAN_POINT('',(2.5399999999999987,-1.27,5.));
#8715 = VERTEX_POINT('',#8714);
#8716 = CARTESIAN_POINT('',(2.5399999999999987,-0.8504999999999999,5.));
#8717 = VERTEX_POINT('',#8716);
#8718 = CARTESIAN_POINT('',(2.5399999999999987,0.8504999999999999,5.));
#8719 = VERTEX_POINT('',#8718);
#8720 = CARTESIAN_POINT('',(2.5399999999999987,1.27,5.));
#8721 = VERTEX_POINT('',#8720);
#8722 = CARTESIAN_POINT('',(2.5399999999999987,1.27,0.));
#8723 = VERTEX_POINT('',#8722);
#8724 = CARTESIAN_POINT('',(2.5399999999999987,0.4724999999999999,0.));
#8725 = VERTEX_POINT('',#8724);
#8726 = CARTESIAN_POINT('',(2.5399999999999987,-0.4724999999999999,0.));
#8727 = VERTEX_POINT('',#8726);
#8728 = DIRECTION('',(0.,0.,1.));
#8729 = VECTOR('',#8728,1.);
#8730 = LINE('',#8712,#8729);
#8731 = EDGE_CURVE('',#8713,#8715,#8730,.T.);
#8732 = ORIENTED_EDGE('',*,*,#8731,.T.);
#8733 = DIRECTION('',(0.,-1.,0.));
#8734 = VECTOR('',#8733,1.);
#8735 = LINE('',#8716,#8734);
#8736 = EDGE_CURVE('',#8717,#8715,#8735,.T.);
#8737 = ORIENTED_EDGE('',*,*,#8736,.F.);
#8738 = DIRECTION('',(0.,1.,0.));
#8739 = VECTOR('',#8738,1.);
#8740 = LINE('',#8716,#8739);
#8741 = EDGE_CURVE('',#8717,#8719,#8740,.T.);
#8742 = ORIENTED_EDGE('',*,*,#8741,.T.);
#8743 = DIRECTION('',(0.,1.,0.));
#8744 = VECTOR('',#8743,1.);
#8745 = LINE('',#8718,#8744);
#8746 = EDGE_CURVE('',#8719,#8721,#8745,.T.);
#8747 = ORIENTED_EDGE('',*,*,#8746,.T.);
#8748 = DIRECTION('',(0.,0.,1.));
#8749 = VECTOR('',#8748,1.);
#8750 = LINE('',#8722,#8749);
#8751 = EDGE_CURVE('',#8723,#8721,#8750,.T.);
#8752 = ORIENTED_EDGE('',*,*,#8751,.F.);
#8753 = DIRECTION('',(0.,1.,0.));
#8754 = VECTOR('',#8753,1.);
#8755 = LINE('',#8724,#8754);
#8756 = EDGE_CURVE('',#8725,#8723,#8755,.T.);
#8757 = ORIENTED_EDGE('',*,*,#8756,.F.);
#8758 = DIRECTION('',(0.,1.,0.));
#8759 = VECTOR('',#8758,1.);
#8760 = LINE('',#8726,#8759);
#8761 = EDGE_CURVE('',#8727,#8725,#8760,.T.);
#8762 = ORIENTED_EDGE('',*,*,#8761,.F.);
#8763 = DIRECTION('',(0.,-1.,0.));
#8764 = VECTOR('',#8763,1.);
#8765 = LINE('',#8726,#8764);
#8766 = EDGE_CURVE('',#8727,#8713,#8765,.T.);
#8767 = ORIENTED_EDGE('',*,*,#8766,.T.);
#8768 = CARTESIAN_POINT('',(2.5399999999999987,-1.27,0.));
#8769 = DIRECTION('',(-1.,0.,0.));
#8770 = DIRECTION('',(0.,0.,1.));
#8771 = AXIS2_PLACEMENT_3D('',#8768,#8769,#8770);
#8772 = PLANE('',#8771);
#8773 = EDGE_LOOP('',(#8732,#8737,#8742,#8747,#8752,#8757,#8762,#8767));
#8774 = FACE_OUTER_BOUND('',#8773,.T.);
#8775 = ADVANCED_FACE('',(#8774),#8772,.T.);
#8776 = CARTESIAN_POINT('',(5.079999999999998,-1.27,0.));
#8777 = VERTEX_POINT('',#8776);
#8778 = CARTESIAN_POINT('',(5.079999999999998,-0.4724999999999999,0.));
#8779 = VERTEX_POINT('',#8778);
#8780 = CARTESIAN_POINT('',(5.079999999999998,0.4724999999999999,0.));
#8781 = VERTEX_POINT('',#8780);
#8782 = CARTESIAN_POINT('',(5.079999999999998,1.27,0.));
#8783 = VERTEX_POINT('',#8782);
#8784 = CARTESIAN_POINT('',(5.079999999999998,1.27,5.));
#8785 = VERTEX_POINT('',#8784);
#8786 = CARTESIAN_POINT('',(5.079999999999998,0.8504999999999999,5.));
#8787 = VERTEX_POINT('',#8786);
#8788 = CARTESIAN_POINT('',(5.079999999999998,-0.8504999999999999,5.));
#8789 = VERTEX_POINT('',#8788);
#8790 = CARTESIAN_POINT('',(5.079999999999998,-1.27,5.));
#8791 = VERTEX_POINT('',#8790);
#8792 = DIRECTION('',(0.,-1.,0.));
#8793 = VECTOR('',#8792,1.);
#8794 = LINE('',#8778,#8793);
#8795 = EDGE_CURVE('',#8779,#8777,#8794,.T.);
#8796 = ORIENTED_EDGE('',*,*,#8795,.F.);
#8797 = DIRECTION('',(0.,1.,0.));
#8798 = VECTOR('',#8797,1.);
#8799 = LINE('',#8778,#8798);
#8800 = EDGE_CURVE('',#8779,#8781,#8799,.T.);
#8801 = ORIENTED_EDGE('',*,*,#8800,.T.);
#8802 = DIRECTION('',(0.,1.,0.));
#8803 = VECTOR('',#8802,1.);
#8804 = LINE('',#8780,#8803);
#8805 = EDGE_CURVE('',#8781,#8783,#8804,.T.);
#8806 = ORIENTED_EDGE('',*,*,#8805,.T.);
#8807 = DIRECTION('',(0.,0.,1.));
#8808 = VECTOR('',#8807,1.);
#8809 = LINE('',#8782,#8808);
#8810 = EDGE_CURVE('',#8783,#8785,#8809,.T.);
#8811 = ORIENTED_EDGE('',*,*,#8810,.T.);
#8812 = DIRECTION('',(0.,1.,0.));
#8813 = VECTOR('',#8812,1.);
#8814 = LINE('',#8786,#8813);
#8815 = EDGE_CURVE('',#8787,#8785,#8814,.T.);
#8816 = ORIENTED_EDGE('',*,*,#8815,.F.);
#8817 = DIRECTION('',(0.,1.,0.));
#8818 = VECTOR('',#8817,1.);
#8819 = LINE('',#8788,#8818);
#8820 = EDGE_CURVE('',#8789,#8787,#8819,.T.);
#8821 = ORIENTED_EDGE('',*,*,#8820,.F.);
#8822 = DIRECTION('',(0.,-1.,0.));
#8823 = VECTOR('',#8822,1.);
#8824 = LINE('',#8788,#8823);
#8825 = EDGE_CURVE('',#8789,#8791,#8824,.T.);
#8826 = ORIENTED_EDGE('',*,*,#8825,.T.);
#8827 = DIRECTION('',(0.,0.,1.));
#8828 = VECTOR('',#8827,1.);
#8829 = LINE('',#8776,#8828);
#8830 = EDGE_CURVE('',#8777,#8791,#8829,.T.);
#8831 = ORIENTED_EDGE('',*,*,#8830,.F.);
#8832 = CARTESIAN_POINT('',(5.079999999999998,-1.27,0.));
#8833 = DIRECTION('',(1.,0.,0.));
#8834 = DIRECTION('',(0.,1.,0.));
#8835 = AXIS2_PLACEMENT_3D('',#8832,#8833,#8834);
#8836 = PLANE('',#8835);
#8837 = EDGE_LOOP('',(#8796,#8801,#8806,#8811,#8816,#8821,#8826,#8831));
#8838 = FACE_OUTER_BOUND('',#8837,.T.);
#8839 = ADVANCED_FACE('',(#8838),#8836,.T.);
#8840 = DIRECTION('',(1.,0.,0.));
#8841 = VECTOR('',#8840,1.);
#8842 = LINE('',#8712,#8841);
#8843 = EDGE_CURVE('',#8713,#8777,#8842,.T.);
#8844 = ORIENTED_EDGE('',*,*,#8843,.T.);
#8845 = ORIENTED_EDGE('',*,*,#8830,.T.);
#8846 = DIRECTION('',(1.,0.,0.));
#8847 = VECTOR('',#8846,1.);
#8848 = LINE('',#8714,#8847);
#8849 = EDGE_CURVE('',#8715,#8791,#8848,.T.);
#8850 = ORIENTED_EDGE('',*,*,#8849,.F.);
#8851 = ORIENTED_EDGE('',*,*,#8731,.F.);
#8852 = CARTESIAN_POINT('',(2.5399999999999987,-1.27,0.));
#8853 = DIRECTION('',(0.,-1.,0.));
#8854 = DIRECTION('',(1.,0.,0.));
#8855 = AXIS2_PLACEMENT_3D('',#8852,#8853,#8854);
#8856 = PLANE('',#8855);
#8857 = EDGE_LOOP('',(#8844,#8845,#8850,#8851));
#8858 = FACE_OUTER_BOUND('',#8857,.T.);
#8859 = ADVANCED_FACE('',(#8858),#8856,.T.);
#8860 = ORIENTED_EDGE('',*,*,#8751,.T.);
#8861 = DIRECTION('',(1.,0.,0.));
#8862 = VECTOR('',#8861,1.);
#8863 = LINE('',#8720,#8862);
#8864 = EDGE_CURVE('',#8721,#8785,#8863,.T.);
#8865 = ORIENTED_EDGE('',*,*,#8864,.T.);
#8866 = ORIENTED_EDGE('',*,*,#8810,.F.);
#8867 = DIRECTION('',(1.,0.,0.));
#8868 = VECTOR('',#8867,1.);
#8869 = LINE('',#8722,#8868);
#8870 = EDGE_CURVE('',#8723,#8783,#8869,.T.);
#8871 = ORIENTED_EDGE('',*,*,#8870,.F.);
#8872 = CARTESIAN_POINT('',(2.5399999999999987,1.27,0.));
#8873 = DIRECTION('',(0.,1.,0.));
#8874 = DIRECTION('',(0.,0.,1.));
#8875 = AXIS2_PLACEMENT_3D('',#8872,#8873,#8874);
#8876 = PLANE('',#8875);
#8877 = EDGE_LOOP('',(#8860,#8865,#8866,#8871));
#8878 = FACE_OUTER_BOUND('',#8877,.T.);
#8879 = ADVANCED_FACE('',(#8878),#8876,.T.);
#8880 = CARTESIAN_POINT('',(4.282499999999999,0.4725,0.));
#8881 = VERTEX_POINT('',#8880);
#8882 = CARTESIAN_POINT('',(3.3374999999999986,0.4725,0.));
#8883 = VERTEX_POINT('',#8882);
#8884 = ORIENTED_EDGE('',*,*,#8805,.F.);
#8885 = DIRECTION('',(1.,0.,0.));
#8886 = VECTOR('',#8885,1.);
#8887 = LINE('',#8880,#8886);
#8888 = EDGE_CURVE('',#8881,#8781,#8887,.T.);
#8889 = ORIENTED_EDGE('',*,*,#8888,.F.);
#8890 = DIRECTION('',(1.,0.,0.));
#8891 = VECTOR('',#8890,1.);
#8892 = LINE('',#8882,#8891);
#8893 = EDGE_CURVE('',#8883,#8881,#8892,.T.);
#8894 = ORIENTED_EDGE('',*,*,#8893,.F.);
#8895 = DIRECTION('',(1.,0.,0.));
#8896 = VECTOR('',#8895,1.);
#8897 = LINE('',#8724,#8896);
#8898 = EDGE_CURVE('',#8725,#8883,#8897,.T.);
#8899 = ORIENTED_EDGE('',*,*,#8898,.F.);
#8900 = ORIENTED_EDGE('',*,*,#8756,.T.);
#8901 = ORIENTED_EDGE('',*,*,#8870,.T.);
#8902 = CARTESIAN_POINT('',(5.079999999999998,1.27,0.));
#8903 = DIRECTION('',(0.,0.,-1.));
#8904 = DIRECTION('',(0.,-1.,0.));
#8905 = AXIS2_PLACEMENT_3D('',#8902,#8903,#8904);
#8906 = PLANE('',#8905);
#8907 = EDGE_LOOP('',(#8884,#8889,#8894,#8899,#8900,#8901));
#8908 = FACE_OUTER_BOUND('',#8907,.T.);
#8909 = ADVANCED_FACE('',(#8908),#8906,.T.);
#8910 = CARTESIAN_POINT('',(3.3374999999999986,-0.4724999999999999,0.));
#8911 = VERTEX_POINT('',#8910);
#8912 = DIRECTION('',(0.,1.,0.));
#8913 = VECTOR('',#8912,1.);
#8914 = LINE('',#8910,#8913);
#8915 = EDGE_CURVE('',#8911,#8883,#8914,.T.);
#8916 = ORIENTED_EDGE('',*,*,#8915,.F.);
#8917 = DIRECTION('',(1.,0.,0.));
#8918 = VECTOR('',#8917,1.);
#8919 = LINE('',#8726,#8918);
#8920 = EDGE_CURVE('',#8727,#8911,#8919,.T.);
#8921 = ORIENTED_EDGE('',*,*,#8920,.F.);
#8922 = ORIENTED_EDGE('',*,*,#8761,.T.);
#8923 = ORIENTED_EDGE('',*,*,#8898,.T.);
#8924 = CARTESIAN_POINT('',(3.3374999999999986,0.4724999999999999,0.));
#8925 = DIRECTION('',(0.,0.,-1.));
#8926 = DIRECTION('',(0.,-1.,0.));
#8927 = AXIS2_PLACEMENT_3D('',#8924,#8925,#8926);
#8928 = PLANE('',#8927);
#8929 = EDGE_LOOP('',(#8916,#8921,#8922,#8923));
#8930 = FACE_OUTER_BOUND('',#8929,.T.);
#8931 = ADVANCED_FACE('',(#8930),#8928,.T.);
#8932 = CARTESIAN_POINT('',(4.282499999999999,-0.4724999999999999,0.));
#8933 = VERTEX_POINT('',#8932);
#8934 = ORIENTED_EDGE('',*,*,#8800,.F.);
#8935 = DIRECTION('',(1.,0.,0.));
#8936 = VECTOR('',#8935,1.);
#8937 = LINE('',#8932,#8936);
#8938 = EDGE_CURVE('',#8933,#8779,#8937,.T.);
#8939 = ORIENTED_EDGE('',*,*,#8938,.F.);
#8940 = DIRECTION('',(0.,1.,0.));
#8941 = VECTOR('',#8940,1.);
#8942 = LINE('',#8932,#8941);
#8943 = EDGE_CURVE('',#8933,#8881,#8942,.T.);
#8944 = ORIENTED_EDGE('',*,*,#8943,.T.);
#8945 = ORIENTED_EDGE('',*,*,#8888,.T.);
#8946 = CARTESIAN_POINT('',(5.079999999999998,0.4724999999999999,0.));
#8947 = DIRECTION('',(0.,0.,-1.));
#8948 = DIRECTION('',(0.,-1.,0.));
#8949 = AXIS2_PLACEMENT_3D('',#8946,#8947,#8948);
#8950 = PLANE('',#8949);
#8951 = EDGE_LOOP('',(#8934,#8939,#8944,#8945));
#8952 = FACE_OUTER_BOUND('',#8951,.T.);
#8953 = ADVANCED_FACE('',(#8952),#8950,.T.);
#8954 = ORIENTED_EDGE('',*,*,#8795,.T.);
#8955 = ORIENTED_EDGE('',*,*,#8843,.F.);
#8956 = ORIENTED_EDGE('',*,*,#8766,.F.);
#8957 = ORIENTED_EDGE('',*,*,#8920,.T.);
#8958 = DIRECTION('',(1.,0.,0.));
#8959 = VECTOR('',#8958,1.);
#8960 = LINE('',#8910,#8959);
#8961 = EDGE_CURVE('',#8911,#8933,#8960,.T.);
#8962 = ORIENTED_EDGE('',*,*,#8961,.T.);
#8963 = ORIENTED_EDGE('',*,*,#8938,.T.);
#8964 = CARTESIAN_POINT('',(5.079999999999998,-0.4724999999999999,0.));
#8965 = DIRECTION('',(0.,0.,-1.));
#8966 = DIRECTION('',(0.,-1.,0.));
#8967 = AXIS2_PLACEMENT_3D('',#8964,#8965,#8966);
#8968 = PLANE('',#8967);
#8969 = EDGE_LOOP('',(#8954,#8955,#8956,#8957,#8962,#8963));
#8970 = FACE_OUTER_BOUND('',#8969,.T.);
#8971 = ADVANCED_FACE('',(#8970),#8968,.T.);
#8972 = CARTESIAN_POINT('',(2.959499999999999,-0.8504999999999999,4.995));
#8973 = VERTEX_POINT('',#8972);
#8974 = CARTESIAN_POINT('',(4.660499999999999,-0.8504999999999999,4.995));
#8975 = VERTEX_POINT('',#8974);
#8976 = CARTESIAN_POINT('',(4.282499999999999,-0.4725,4.3854));
#8977 = VERTEX_POINT('',#8976);
#8978 = CARTESIAN_POINT('',(3.3374999999999986,-0.4725,4.3854));
#8979 = VERTEX_POINT('',#8978);
#8980 = DIRECTION('',(1.,0.,0.));
#8981 = VECTOR('',#8980,1.);
#8982 = LINE('',#8972,#8981);
#8983 = EDGE_CURVE('',#8973,#8975,#8982,.T.);
#8984 = ORIENTED_EDGE('',*,*,#8983,.T.);
#8985 = DIRECTION('',(0.46621205975657015,-0.46621205975656993,0.7518594487502784));
#8986 = VECTOR('',#8985,1.);
#8987 = LINE('',#8976,#8986);
#8988 = EDGE_CURVE('',#8977,#8975,#8987,.T.);
#8989 = ORIENTED_EDGE('',*,*,#8988,.F.);
#8990 = DIRECTION('',(1.,0.,0.));
#8991 = VECTOR('',#8990,1.);
#8992 = LINE('',#8978,#8991);
#8993 = EDGE_CURVE('',#8979,#8977,#8992,.T.);
#8994 = ORIENTED_EDGE('',*,*,#8993,.F.);
#8995 = DIRECTION('',(0.46621205975656976,0.4662120597565701,-0.7518594487502787));
#8996 = VECTOR('',#8995,1.);
#8997 = LINE('',#8972,#8996);
#8998 = EDGE_CURVE('',#8973,#8979,#8997,.T.);
#8999 = ORIENTED_EDGE('',*,*,#8998,.F.);
#9000 = CARTESIAN_POINT('',(2.959499999999999,-0.8504999999999999,4.995));
#9001 = DIRECTION('',(0.,0.8498727207846388,0.5269880059983485));
#9002 = DIRECTION('',(1.,0.,0.));
#9003 = AXIS2_PLACEMENT_3D('',#9000,#9001,#9002);
#9004 = PLANE('',#9003);
#9005 = EDGE_LOOP('',(#8984,#8989,#8994,#8999));
#9006 = FACE_OUTER_BOUND('',#9005,.T.);
#9007 = ADVANCED_FACE('',(#9006),#9004,.T.);
#9008 = CARTESIAN_POINT('',(3.3374999999999986,0.4725,4.3854));
#9009 = VERTEX_POINT('',#9008);
#9010 = CARTESIAN_POINT('',(2.959499999999999,0.8504999999999999,4.995));
#9011 = VERTEX_POINT('',#9010);
#9012 = DIRECTION('',(0.46621205975656976,-0.4662120597565701,-0.7518594487502787));
#9013 = VECTOR('',#9012,1.);
#9014 = LINE('',#9010,#9013);
#9015 = EDGE_CURVE('',#9011,#9009,#9014,.T.);
#9016 = ORIENTED_EDGE('',*,*,#9015,.F.);
#9017 = DIRECTION('',(0.,1.,0.));
#9018 = VECTOR('',#9017,1.);
#9019 = LINE('',#8972,#9018);
#9020 = EDGE_CURVE('',#8973,#9011,#9019,.T.);
#9021 = ORIENTED_EDGE('',*,*,#9020,.F.);
#9022 = ORIENTED_EDGE('',*,*,#8998,.T.);
#9023 = DIRECTION('',(0.,1.,0.));
#9024 = VECTOR('',#9023,1.);
#9025 = LINE('',#8978,#9024);
#9026 = EDGE_CURVE('',#8979,#9009,#9025,.T.);
#9027 = ORIENTED_EDGE('',*,*,#9026,.T.);
#9028 = CARTESIAN_POINT('',(3.3374999999999986,0.4725,4.3854));
#9029 = DIRECTION('',(0.8498727207846388,0.,0.5269880059983483));
#9030 = DIRECTION('',(-0.46621205975656976,0.4662120597565701,0.7518594487502787));
#9031 = AXIS2_PLACEMENT_3D('',#9028,#9029,#9030);
#9032 = PLANE('',#9031);
#9033 = EDGE_LOOP('',(#9016,#9021,#9022,#9027));
#9034 = FACE_OUTER_BOUND('',#9033,.T.);
#9035 = ADVANCED_FACE('',(#9034),#9032,.T.);
#9036 = CARTESIAN_POINT('',(4.660499999999999,0.8504999999999999,4.995));
#9037 = VERTEX_POINT('',#9036);
#9038 = CARTESIAN_POINT('',(4.282499999999999,0.4725,4.3854));
#9039 = VERTEX_POINT('',#9038);
#9040 = DIRECTION('',(1.,0.,0.));
#9041 = VECTOR('',#9040,1.);
#9042 = LINE('',#9010,#9041);
#9043 = EDGE_CURVE('',#9011,#9037,#9042,.T.);
#9044 = ORIENTED_EDGE('',*,*,#9043,.F.);
#9045 = ORIENTED_EDGE('',*,*,#9015,.T.);
#9046 = DIRECTION('',(1.,0.,0.));
#9047 = VECTOR('',#9046,1.);
#9048 = LINE('',#9008,#9047);
#9049 = EDGE_CURVE('',#9009,#9039,#9048,.T.);
#9050 = ORIENTED_EDGE('',*,*,#9049,.T.);
#9051 = DIRECTION('',(0.46621205975657015,0.46621205975656993,0.7518594487502784));
#9052 = VECTOR('',#9051,1.);
#9053 = LINE('',#9038,#9052);
#9054 = EDGE_CURVE('',#9039,#9037,#9053,.T.);
#9055 = ORIENTED_EDGE('',*,*,#9054,.T.);
#9056 = CARTESIAN_POINT('',(4.660499999999999,0.8504999999999999,4.995));
#9057 = DIRECTION('',(0.,-0.8498727207846388,0.5269880059983484));
#9058 = DIRECTION('',(-1.,0.,0.));
#9059 = AXIS2_PLACEMENT_3D('',#9056,#9057,#9058);
#9060 = PLANE('',#9059);
#9061 = EDGE_LOOP('',(#9044,#9045,#9050,#9055));
#9062 = FACE_OUTER_BOUND('',#9061,.T.);
#9063 = ADVANCED_FACE('',(#9062),#9060,.T.);
#9064 = ORIENTED_EDGE('',*,*,#8988,.T.);
#9065 = DIRECTION('',(0.,1.,0.));
#9066 = VECTOR('',#9065,1.);
#9067 = LINE('',#8974,#9066);
#9068 = EDGE_CURVE('',#8975,#9037,#9067,.T.);
#9069 = ORIENTED_EDGE('',*,*,#9068,.T.);
#9070 = ORIENTED_EDGE('',*,*,#9054,.F.);
#9071 = DIRECTION('',(0.,1.,0.));
#9072 = VECTOR('',#9071,1.);
#9073 = LINE('',#8976,#9072);
#9074 = EDGE_CURVE('',#8977,#9039,#9073,.T.);
#9075 = ORIENTED_EDGE('',*,*,#9074,.F.);
#9076 = CARTESIAN_POINT('',(4.282499999999999,-0.4725,4.3854));
#9077 = DIRECTION('',(-0.8498727207846386,0.,0.5269880059983487));
#9078 = DIRECTION('',(0.46621205975657015,-0.46621205975656993,0.7518594487502784));
#9079 = AXIS2_PLACEMENT_3D('',#9076,#9077,#9078);
#9080 = PLANE('',#9079);
#9081 = EDGE_LOOP('',(#9064,#9069,#9070,#9075));
#9082 = FACE_OUTER_BOUND('',#9081,.T.);
#9083 = ADVANCED_FACE('',(#9082),#9080,.T.);
#9084 = CARTESIAN_POINT('',(4.660499999999999,-0.8504999999999999,5.));
#9085 = VERTEX_POINT('',#9084);
#9086 = CARTESIAN_POINT('',(2.959499999999999,-0.8504999999999999,5.));
#9087 = VERTEX_POINT('',#9086);
#9088 = DIRECTION('',(0.,0.,1.));
#9089 = VECTOR('',#9088,1.);
#9090 = LINE('',#8974,#9089);
#9091 = EDGE_CURVE('',#8975,#9085,#9090,.T.);
#9092 = ORIENTED_EDGE('',*,*,#9091,.F.);
#9093 = ORIENTED_EDGE('',*,*,#8983,.F.);
#9094 = DIRECTION('',(0.,0.,1.));
#9095 = VECTOR('',#9094,1.);
#9096 = LINE('',#8972,#9095);
#9097 = EDGE_CURVE('',#8973,#9087,#9096,.T.);
#9098 = ORIENTED_EDGE('',*,*,#9097,.T.);
#9099 = DIRECTION('',(1.,0.,0.));
#9100 = VECTOR('',#9099,1.);
#9101 = LINE('',#9086,#9100);
#9102 = EDGE_CURVE('',#9087,#9085,#9101,.T.);
#9103 = ORIENTED_EDGE('',*,*,#9102,.T.);
#9104 = CARTESIAN_POINT('',(4.660499999999999,-0.8504999999999999,5.));
#9105 = DIRECTION('',(0.,1.,0.));
#9106 = DIRECTION('',(0.,0.,-1.));
#9107 = AXIS2_PLACEMENT_3D('',#9104,#9105,#9106);
#9108 = PLANE('',#9107);
#9109 = EDGE_LOOP('',(#9092,#9093,#9098,#9103));
#9110 = FACE_OUTER_BOUND('',#9109,.T.);
#9111 = ADVANCED_FACE('',(#9110),#9108,.T.);
#9112 = CARTESIAN_POINT('',(2.959499999999999,0.8504999999999999,5.));
#9113 = VERTEX_POINT('',#9112);
#9114 = ORIENTED_EDGE('',*,*,#9097,.F.);
#9115 = ORIENTED_EDGE('',*,*,#9020,.T.);
#9116 = DIRECTION('',(0.,0.,1.));
#9117 = VECTOR('',#9116,1.);
#9118 = LINE('',#9010,#9117);
#9119 = EDGE_CURVE('',#9011,#9113,#9118,.T.);
#9120 = ORIENTED_EDGE('',*,*,#9119,.T.);
#9121 = DIRECTION('',(0.,1.,0.));
#9122 = VECTOR('',#9121,1.);
#9123 = LINE('',#9086,#9122);
#9124 = EDGE_CURVE('',#9087,#9113,#9123,.T.);
#9125 = ORIENTED_EDGE('',*,*,#9124,.F.);
#9126 = CARTESIAN_POINT('',(2.959499999999999,-0.8504999999999999,5.));
#9127 = DIRECTION('',(1.,0.,0.));
#9128 = DIRECTION('',(0.,0.,-1.));
#9129 = AXIS2_PLACEMENT_3D('',#9126,#9127,#9128);
#9130 = PLANE('',#9129);
#9131 = EDGE_LOOP('',(#9114,#9115,#9120,#9125));
#9132 = FACE_OUTER_BOUND('',#9131,.T.);
#9133 = ADVANCED_FACE('',(#9132),#9130,.T.);
#9134 = CARTESIAN_POINT('',(4.660499999999999,0.8504999999999999,5.));
#9135 = VERTEX_POINT('',#9134);
#9136 = DIRECTION('',(0.,0.,1.));
#9137 = VECTOR('',#9136,1.);
#9138 = LINE('',#9036,#9137);
#9139 = EDGE_CURVE('',#9037,#9135,#9138,.T.);
#9140 = ORIENTED_EDGE('',*,*,#9139,.F.);
#9141 = ORIENTED_EDGE('',*,*,#9068,.F.);
#9142 = ORIENTED_EDGE('',*,*,#9091,.T.);
#9143 = DIRECTION('',(0.,1.,0.));
#9144 = VECTOR('',#9143,1.);
#9145 = LINE('',#9084,#9144);
#9146 = EDGE_CURVE('',#9085,#9135,#9145,.T.);
#9147 = ORIENTED_EDGE('',*,*,#9146,.T.);
#9148 = CARTESIAN_POINT('',(4.660499999999999,0.8504999999999999,5.));
#9149 = DIRECTION('',(-1.,0.,0.));
#9150 = DIRECTION('',(0.,0.,-1.));
#9151 = AXIS2_PLACEMENT_3D('',#9148,#9149,#9150);
#9152 = PLANE('',#9151);
#9153 = EDGE_LOOP('',(#9140,#9141,#9142,#9147));
#9154 = FACE_OUTER_BOUND('',#9153,.T.);
#9155 = ADVANCED_FACE('',(#9154),#9152,.T.);
#9156 = ORIENTED_EDGE('',*,*,#9119,.F.);
#9157 = ORIENTED_EDGE('',*,*,#9043,.T.);
#9158 = ORIENTED_EDGE('',*,*,#9139,.T.);
#9159 = DIRECTION('',(1.,0.,0.));
#9160 = VECTOR('',#9159,1.);
#9161 = LINE('',#9112,#9160);
#9162 = EDGE_CURVE('',#9113,#9135,#9161,.T.);
#9163 = ORIENTED_EDGE('',*,*,#9162,.F.);
#9164 = CARTESIAN_POINT('',(2.959499999999999,0.8504999999999999,5.));
#9165 = DIRECTION('',(0.,-1.,0.));
#9166 = DIRECTION('',(0.,0.,-1.));
#9167 = AXIS2_PLACEMENT_3D('',#9164,#9165,#9166);
#9168 = PLANE('',#9167);
#9169 = EDGE_LOOP('',(#9156,#9157,#9158,#9163));
#9170 = FACE_OUTER_BOUND('',#9169,.T.);
#9171 = ADVANCED_FACE('',(#9170),#9168,.T.);
#9172 = DIRECTION('',(0.,0.,1.));
#9173 = VECTOR('',#9172,1.);
#9174 = LINE('',#8910,#9173);
#9175 = EDGE_CURVE('',#8911,#8979,#9174,.T.);
#9176 = ORIENTED_EDGE('',*,*,#9175,.F.);
#9177 = ORIENTED_EDGE('',*,*,#8915,.T.);
#9178 = DIRECTION('',(0.,0.,1.));
#9179 = VECTOR('',#9178,1.);
#9180 = LINE('',#8882,#9179);
#9181 = EDGE_CURVE('',#8883,#9009,#9180,.T.);
#9182 = ORIENTED_EDGE('',*,*,#9181,.T.);
#9183 = ORIENTED_EDGE('',*,*,#9026,.F.);
#9184 = CARTESIAN_POINT('',(3.3374999999999986,-0.4725,4.385399999999999));
#9185 = DIRECTION('',(1.,0.,0.));
#9186 = DIRECTION('',(0.,0.,-1.));
#9187 = AXIS2_PLACEMENT_3D('',#9184,#9185,#9186);
#9188 = PLANE('',#9187);
#9189 = EDGE_LOOP('',(#9176,#9177,#9182,#9183));
#9190 = FACE_OUTER_BOUND('',#9189,.T.);
#9191 = ADVANCED_FACE('',(#9190),#9188,.T.);
#9192 = ORIENTED_EDGE('',*,*,#9074,.T.);
#9193 = DIRECTION('',(0.,0.,1.));
#9194 = VECTOR('',#9193,1.);
#9195 = LINE('',#8880,#9194);
#9196 = EDGE_CURVE('',#8881,#9039,#9195,.T.);
#9197 = ORIENTED_EDGE('',*,*,#9196,.F.);
#9198 = ORIENTED_EDGE('',*,*,#8943,.F.);
#9199 = DIRECTION('',(0.,0.,1.));
#9200 = VECTOR('',#9199,1.);
#9201 = LINE('',#8932,#9200);
#9202 = EDGE_CURVE('',#8933,#8977,#9201,.T.);
#9203 = ORIENTED_EDGE('',*,*,#9202,.T.);
#9204 = CARTESIAN_POINT('',(4.282499999999999,-0.4725,4.385399999999999));
#9205 = DIRECTION('',(-1.,0.,0.));
#9206 = DIRECTION('',(0.,1.,0.));
#9207 = AXIS2_PLACEMENT_3D('',#9204,#9205,#9206);
#9208 = PLANE('',#9207);
#9209 = EDGE_LOOP('',(#9192,#9197,#9198,#9203));
#9210 = FACE_OUTER_BOUND('',#9209,.T.);
#9211 = ADVANCED_FACE('',(#9210),#9208,.T.);
#9212 = ORIENTED_EDGE('',*,*,#9202,.F.);
#9213 = ORIENTED_EDGE('',*,*,#8961,.F.);
#9214 = ORIENTED_EDGE('',*,*,#9175,.T.);
#9215 = ORIENTED_EDGE('',*,*,#8993,.T.);
#9216 = CARTESIAN_POINT('',(4.282499999999999,-0.4725,4.385399999999999));
#9217 = DIRECTION('',(0.,1.,0.));
#9218 = DIRECTION('',(0.,0.,-1.));
#9219 = AXIS2_PLACEMENT_3D('',#9216,#9217,#9218);
#9220 = PLANE('',#9219);
#9221 = EDGE_LOOP('',(#9212,#9213,#9214,#9215));
#9222 = FACE_OUTER_BOUND('',#9221,.T.);
#9223 = ADVANCED_FACE('',(#9222),#9220,.T.);
#9224 = ORIENTED_EDGE('',*,*,#9181,.F.);
#9225 = ORIENTED_EDGE('',*,*,#8893,.T.);
#9226 = ORIENTED_EDGE('',*,*,#9196,.T.);
#9227 = ORIENTED_EDGE('',*,*,#9049,.F.);
#9228 = CARTESIAN_POINT('',(3.3374999999999986,0.4725,4.385399999999999));
#9229 = DIRECTION('',(0.,-1.,0.));
#9230 = DIRECTION('',(0.,0.,-1.));
#9231 = AXIS2_PLACEMENT_3D('',#9228,#9229,#9230);
#9232 = PLANE('',#9231);
#9233 = EDGE_LOOP('',(#9224,#9225,#9226,#9227));
#9234 = FACE_OUTER_BOUND('',#9233,.T.);
#9235 = ADVANCED_FACE('',(#9234),#9232,.T.);
#9236 = ORIENTED_EDGE('',*,*,#8746,.F.);
#9237 = DIRECTION('',(1.,0.,0.));
#9238 = VECTOR('',#9237,1.);
#9239 = LINE('',#8718,#9238);
#9240 = EDGE_CURVE('',#8719,#9113,#9239,.T.);
#9241 = ORIENTED_EDGE('',*,*,#9240,.T.);
#9242 = ORIENTED_EDGE('',*,*,#9162,.T.);
#9243 = DIRECTION('',(1.,0.,0.));
#9244 = VECTOR('',#9243,1.);
#9245 = LINE('',#9134,#9244);
#9246 = EDGE_CURVE('',#9135,#8787,#9245,.T.);
#9247 = ORIENTED_EDGE('',*,*,#9246,.T.);
#9248 = ORIENTED_EDGE('',*,*,#8815,.T.);
#9249 = ORIENTED_EDGE('',*,*,#8864,.F.);
#9250 = CARTESIAN_POINT('',(2.5399999999999987,1.27,5.));
#9251 = DIRECTION('',(0.,0.,1.));
#9252 = DIRECTION('',(0.,-1.,0.));
#9253 = AXIS2_PLACEMENT_3D('',#9250,#9251,#9252);
#9254 = PLANE('',#9253);
#9255 = EDGE_LOOP('',(#9236,#9241,#9242,#9247,#9248,#9249));
#9256 = FACE_OUTER_BOUND('',#9255,.T.);
#9257 = ADVANCED_FACE('',(#9256),#9254,.T.);
#9258 = ORIENTED_EDGE('',*,*,#9146,.F.);
#9259 = DIRECTION('',(1.,0.,0.));
#9260 = VECTOR('',#9259,1.);
#9261 = LINE('',#9084,#9260);
#9262 = EDGE_CURVE('',#9085,#8789,#9261,.T.);
#9263 = ORIENTED_EDGE('',*,*,#9262,.T.);
#9264 = ORIENTED_EDGE('',*,*,#8820,.T.);
#9265 = ORIENTED_EDGE('',*,*,#9246,.F.);
#9266 = CARTESIAN_POINT('',(4.660499999999999,0.8504999999999999,5.));
#9267 = DIRECTION('',(0.,0.,1.));
#9268 = DIRECTION('',(0.,-1.,0.));
#9269 = AXIS2_PLACEMENT_3D('',#9266,#9267,#9268);
#9270 = PLANE('',#9269);
#9271 = EDGE_LOOP('',(#9258,#9263,#9264,#9265));
#9272 = FACE_OUTER_BOUND('',#9271,.T.);
#9273 = ADVANCED_FACE('',(#9272),#9270,.T.);
#9274 = ORIENTED_EDGE('',*,*,#8741,.F.);
#9275 = DIRECTION('',(1.,0.,0.));
#9276 = VECTOR('',#9275,1.);
#9277 = LINE('',#8716,#9276);
#9278 = EDGE_CURVE('',#8717,#9087,#9277,.T.);
#9279 = ORIENTED_EDGE('',*,*,#9278,.T.);
#9280 = ORIENTED_EDGE('',*,*,#9124,.T.);
#9281 = ORIENTED_EDGE('',*,*,#9240,.F.);
#9282 = CARTESIAN_POINT('',(2.5399999999999987,0.8504999999999999,5.));
#9283 = DIRECTION('',(0.,0.,1.));
#9284 = DIRECTION('',(0.,-1.,0.));
#9285 = AXIS2_PLACEMENT_3D('',#9282,#9283,#9284);
#9286 = PLANE('',#9285);
#9287 = EDGE_LOOP('',(#9274,#9279,#9280,#9281));
#9288 = FACE_OUTER_BOUND('',#9287,.T.);
#9289 = ADVANCED_FACE('',(#9288),#9286,.T.);
#9290 = ORIENTED_EDGE('',*,*,#8736,.T.);
#9291 = ORIENTED_EDGE('',*,*,#8849,.T.);
#9292 = ORIENTED_EDGE('',*,*,#8825,.F.);
#9293 = ORIENTED_EDGE('',*,*,#9262,.F.);
#9294 = ORIENTED_EDGE('',*,*,#9102,.F.);
#9295 = ORIENTED_EDGE('',*,*,#9278,.F.);
#9296 = CARTESIAN_POINT('',(2.5399999999999987,-0.8504999999999999,5.));
#9297 = DIRECTION('',(0.,0.,1.));
#9298 = DIRECTION('',(0.,-1.,0.));
#9299 = AXIS2_PLACEMENT_3D('',#9296,#9297,#9298);
#9300 = PLANE('',#9299);
#9301 = EDGE_LOOP('',(#9290,#9291,#9292,#9293,#9294,#9295));
#9302 = FACE_OUTER_BOUND('',#9301,.T.);
#9303 = ADVANCED_FACE('',(#9302),#9300,.T.);
#9304 = CLOSED_SHELL('',(#8775,#8839,#8859,#8879,#8909,#8931,#8953,#8971,#9007,#9035,#9063,#9083,#9111,#9133,#9155,#9171,#9191,#9211,#9223,#9235,#9257,#9273,#9289,#9303));
#9305 = MANIFOLD_SOLID_BREP('',#9304);
#9306 = COLOUR_RGB('',0.10196078431372549,0.10196078431372549,0.10196078431372549);
#9307 = FILL_AREA_STYLE_COLOUR('',#9306);
#9308 = FILL_AREA_STYLE('',(#9307));
#9309 = SURFACE_STYLE_FILL_AREA(#9308);
#9310 = SURFACE_SIDE_STYLE('',(#9309));
#9311 = SURFACE_STYLE_USAGE(.BOTH.,#9310);
#9312 = PRESENTATION_STYLE_ASSIGNMENT((#9311));
#9313 = STYLED_ITEM('',(#9312),#9305);
#9314 = CARTESIAN_POINT('',(4.124999999999999,-0.315,0.));
#9315 = VERTEX_POINT('',#9314);
#9316 = CARTESIAN_POINT('',(4.124999999999999,0.315,0.));
#9317 = VERTEX_POINT('',#9316);
#9318 = CARTESIAN_POINT('',(3.4949999999999988,0.315,0.));
#9319 = VERTEX_POINT('',#9318);
#9320 = CARTESIAN_POINT('',(3.4949999999999988,-0.315,0.));
#9321 = VERTEX_POINT('',#9320);
#9322 = DIRECTION('',(0.,1.,0.));
#9323 = VECTOR('',#9322,1.);
#9324 = LINE('',#9314,#9323);
#9325 = EDGE_CURVE('',#9315,#9317,#9324,.T.);
#9326 = ORIENTED_EDGE('',*,*,#9325,.T.);
#9327 = DIRECTION('',(1.,0.,0.));
#9328 = VECTOR('',#9327,1.);
#9329 = LINE('',#9318,#9328);
#9330 = EDGE_CURVE('',#9319,#9317,#9329,.T.);
#9331 = ORIENTED_EDGE('',*,*,#9330,.F.);
#9332 = DIRECTION('',(0.,1.,0.));
#9333 = VECTOR('',#9332,1.);
#9334 = LINE('',#9320,#9333);
#9335 = EDGE_CURVE('',#9321,#9319,#9334,.T.);
#9336 = ORIENTED_EDGE('',*,*,#9335,.F.);
#9337 = DIRECTION('',(1.,0.,0.));
#9338 = VECTOR('',#9337,1.);
#9339 = LINE('',#9320,#9338);
#9340 = EDGE_CURVE('',#9321,#9315,#9339,.T.);
#9341 = ORIENTED_EDGE('',*,*,#9340,.T.);
#9342 = CARTESIAN_POINT('',(4.124999999999999,-0.315,0.));
#9343 = DIRECTION('',(0.,0.,1.));
#9344 = DIRECTION('',(0.,1.,0.));
#9345 = AXIS2_PLACEMENT_3D('',#9342,#9343,#9344);
#9346 = PLANE('',#9345);
#9347 = EDGE_LOOP('',(#9326,#9331,#9336,#9341));
#9348 = FACE_OUTER_BOUND('',#9347,.T.);
#9349 = ADVANCED_FACE('',(#9348),#9346,.T.);
#9350 = CARTESIAN_POINT('',(3.4949999999999988,0.315,-2.7));
#9351 = VERTEX_POINT('',#9350);
#9352 = CARTESIAN_POINT('',(4.124999999999999,0.315,-2.7));
#9353 = VERTEX_POINT('',#9352);
#9354 = DIRECTION('',(0.,0.,1.));
#9355 = VECTOR('',#9354,1.);
#9356 = LINE('',#9350,#9355);
#9357 = EDGE_CURVE('',#9351,#9319,#9356,.T.);
#9358 = ORIENTED_EDGE('',*,*,#9357,.T.);
#9359 = ORIENTED_EDGE('',*,*,#9330,.T.);
#9360 = DIRECTION('',(0.,0.,1.));
#9361 = VECTOR('',#9360,1.);
#9362 = LINE('',#9352,#9361);
#9363 = EDGE_CURVE('',#9353,#9317,#9362,.T.);
#9364 = ORIENTED_EDGE('',*,*,#9363,.F.);
#9365 = DIRECTION('',(1.,0.,0.));
#9366 = VECTOR('',#9365,1.);
#9367 = LINE('',#9350,#9366);
#9368 = EDGE_CURVE('',#9351,#9353,#9367,.T.);
#9369 = ORIENTED_EDGE('',*,*,#9368,.F.);
#9370 = CARTESIAN_POINT('',(3.4949999999999988,0.315,-2.7));
#9371 = DIRECTION('',(0.,1.,0.));
#9372 = DIRECTION('',(0.,0.,1.));
#9373 = AXIS2_PLACEMENT_3D('',#9370,#9371,#9372);
#9374 = PLANE('',#9373);
#9375 = EDGE_LOOP('',(#9358,#9359,#9364,#9369));
#9376 = FACE_OUTER_BOUND('',#9375,.T.);
#9377 = ADVANCED_FACE('',(#9376),#9374,.T.);
#9378 = CARTESIAN_POINT('',(3.4949999999999988,-0.315,-2.7));
#9379 = VERTEX_POINT('',#9378);
#9380 = DIRECTION('',(0.,1.,0.));
#9381 = VECTOR('',#9380,1.);
#9382 = LINE('',#9378,#9381);
#9383 = EDGE_CURVE('',#9379,#9351,#9382,.T.);
#9384 = ORIENTED_EDGE('',*,*,#9383,.F.);
#9385 = DIRECTION('',(0.,0.,1.));
#9386 = VECTOR('',#9385,1.);
#9387 = LINE('',#9378,#9386);
#9388 = EDGE_CURVE('',#9379,#9321,#9387,.T.);
#9389 = ORIENTED_EDGE('',*,*,#9388,.T.);
#9390 = ORIENTED_EDGE('',*,*,#9335,.T.);
#9391 = ORIENTED_EDGE('',*,*,#9357,.F.);
#9392 = CARTESIAN_POINT('',(3.4949999999999988,0.315,-2.7));
#9393 = DIRECTION('',(-1.,0.,0.));
#9394 = DIRECTION('',(0.,-1.,0.));
#9395 = AXIS2_PLACEMENT_3D('',#9392,#9393,#9394);
#9396 = PLANE('',#9395);
#9397 = EDGE_LOOP('',(#9384,#9389,#9390,#9391));
#9398 = FACE_OUTER_BOUND('',#9397,.T.);
#9399 = ADVANCED_FACE('',(#9398),#9396,.T.);
#9400 = CARTESIAN_POINT('',(4.124999999999999,-0.315,-2.7));
#9401 = VERTEX_POINT('',#9400);
#9402 = DIRECTION('',(0.,1.,0.));
#9403 = VECTOR('',#9402,1.);
#9404 = LINE('',#9400,#9403);
#9405 = EDGE_CURVE('',#9401,#9353,#9404,.T.);
#9406 = ORIENTED_EDGE('',*,*,#9405,.T.);
#9407 = ORIENTED_EDGE('',*,*,#9363,.T.);
#9408 = ORIENTED_EDGE('',*,*,#9325,.F.);
#9409 = DIRECTION('',(0.,0.,1.));
#9410 = VECTOR('',#9409,1.);
#9411 = LINE('',#9400,#9410);
#9412 = EDGE_CURVE('',#9401,#9315,#9411,.T.);
#9413 = ORIENTED_EDGE('',*,*,#9412,.F.);
#9414 = CARTESIAN_POINT('',(4.124999999999999,-0.315,-2.7));
#9415 = DIRECTION('',(1.,0.,0.));
#9416 = DIRECTION('',(0.,1.,0.));
#9417 = AXIS2_PLACEMENT_3D('',#9414,#9415,#9416);
#9418 = PLANE('',#9417);
#9419 = EDGE_LOOP('',(#9406,#9407,#9408,#9413));
#9420 = FACE_OUTER_BOUND('',#9419,.T.);
#9421 = ADVANCED_FACE('',(#9420),#9418,.T.);
#9422 = ORIENTED_EDGE('',*,*,#9412,.T.);
#9423 = ORIENTED_EDGE('',*,*,#9340,.F.);
#9424 = ORIENTED_EDGE('',*,*,#9388,.F.);
#9425 = DIRECTION('',(1.,0.,0.));
#9426 = VECTOR('',#9425,1.);
#9427 = LINE('',#9378,#9426);
#9428 = EDGE_CURVE('',#9379,#9401,#9427,.T.);
#9429 = ORIENTED_EDGE('',*,*,#9428,.T.);
#9430 = CARTESIAN_POINT('',(4.124999999999999,-0.315,-2.7));
#9431 = DIRECTION('',(0.,-1.,0.));
#9432 = DIRECTION('',(0.,0.,1.));
#9433 = AXIS2_PLACEMENT_3D('',#9430,#9431,#9432);
#9434 = PLANE('',#9433);
#9435 = EDGE_LOOP('',(#9422,#9423,#9424,#9429));
#9436 = FACE_OUTER_BOUND('',#9435,.T.);
#9437 = ADVANCED_FACE('',(#9436),#9434,.T.);
#9438 = CARTESIAN_POINT('',(3.634999999999999,0.175,-3.));
#9439 = VERTEX_POINT('',#9438);
#9440 = CARTESIAN_POINT('',(3.9849999999999985,0.175,-3.));
#9441 = VERTEX_POINT('',#9440);
#9442 = DIRECTION('',(0.38949041885226054,-0.3894904188522602,-0.8346223261119856));
#9443 = VECTOR('',#9442,1.);
#9444 = LINE('',#9350,#9443);
#9445 = EDGE_CURVE('',#9351,#9439,#9444,.T.);
#9446 = ORIENTED_EDGE('',*,*,#9445,.F.);
#9447 = ORIENTED_EDGE('',*,*,#9368,.T.);
#9448 = DIRECTION('',(0.38949041885226154,0.38949041885226,0.8346223261119851));
#9449 = VECTOR('',#9448,1.);
#9450 = LINE('',#9440,#9449);
#9451 = EDGE_CURVE('',#9441,#9353,#9450,.T.);
#9452 = ORIENTED_EDGE('',*,*,#9451,.F.);
#9453 = DIRECTION('',(1.,0.,0.));
#9454 = VECTOR('',#9453,1.);
#9455 = LINE('',#9438,#9454);
#9456 = EDGE_CURVE('',#9439,#9441,#9455,.T.);
#9457 = ORIENTED_EDGE('',*,*,#9456,.F.);
#9458 = CARTESIAN_POINT('',(3.634999999999999,0.175,-3.));
#9459 = DIRECTION('',(0.,0.9061831399952656,-0.42288546533112387));
#9460 = DIRECTION('',(-0.38949041885226054,0.3894904188522602,0.8346223261119856));
#9461 = AXIS2_PLACEMENT_3D('',#9458,#9459,#9460);
#9462 = PLANE('',#9461);
#9463 = EDGE_LOOP('',(#9446,#9447,#9452,#9457));
#9464 = FACE_OUTER_BOUND('',#9463,.T.);
#9465 = ADVANCED_FACE('',(#9464),#9462,.T.);
#9466 = CARTESIAN_POINT('',(3.634999999999999,-0.175,-3.));
#9467 = VERTEX_POINT('',#9466);
#9468 = DIRECTION('',(0.,1.,0.));
#9469 = VECTOR('',#9468,1.);
#9470 = LINE('',#9466,#9469);
#9471 = EDGE_CURVE('',#9467,#9439,#9470,.T.);
#9472 = ORIENTED_EDGE('',*,*,#9471,.F.);
#9473 = DIRECTION('',(0.38949041885226054,0.3894904188522602,-0.8346223261119856));
#9474 = VECTOR('',#9473,1.);
#9475 = LINE('',#9378,#9474);
#9476 = EDGE_CURVE('',#9379,#9467,#9475,.T.);
#9477 = ORIENTED_EDGE('',*,*,#9476,.F.);
#9478 = ORIENTED_EDGE('',*,*,#9383,.T.);
#9479 = ORIENTED_EDGE('',*,*,#9445,.T.);
#9480 = CARTESIAN_POINT('',(3.634999999999999,0.175,-3.));
#9481 = DIRECTION('',(-0.9061831399952652,0.,-0.4228854653311246));
#9482 = DIRECTION('',(0.,-1.,0.));
#9483 = AXIS2_PLACEMENT_3D('',#9480,#9481,#9482);
#9484 = PLANE('',#9483);
#9485 = EDGE_LOOP('',(#9472,#9477,#9478,#9479));
#9486 = FACE_OUTER_BOUND('',#9485,.T.);
#9487 = ADVANCED_FACE('',(#9486),#9484,.T.);
#9488 = CARTESIAN_POINT('',(3.9849999999999985,-0.175,-3.));
#9489 = VERTEX_POINT('',#9488);
#9490 = DIRECTION('',(1.,0.,0.));
#9491 = VECTOR('',#9490,1.);
#9492 = LINE('',#9466,#9491);
#9493 = EDGE_CURVE('',#9467,#9489,#9492,.T.);
#9494 = ORIENTED_EDGE('',*,*,#9493,.F.);
#9495 = ORIENTED_EDGE('',*,*,#9471,.T.);
#9496 = ORIENTED_EDGE('',*,*,#9456,.T.);
#9497 = DIRECTION('',(0.,1.,0.));
#9498 = VECTOR('',#9497,1.);
#9499 = LINE('',#9488,#9498);
#9500 = EDGE_CURVE('',#9489,#9441,#9499,.T.);
#9501 = ORIENTED_EDGE('',*,*,#9500,.F.);
#9502 = CARTESIAN_POINT('',(3.9849999999999985,-0.175,-3.));
#9503 = DIRECTION('',(0.,0.,-1.));
#9504 = DIRECTION('',(-1.,0.,0.));
#9505 = AXIS2_PLACEMENT_3D('',#9502,#9503,#9504);
#9506 = PLANE('',#9505);
#9507 = EDGE_LOOP('',(#9494,#9495,#9496,#9501));
#9508 = FACE_OUTER_BOUND('',#9507,.T.);
#9509 = ADVANCED_FACE('',(#9508),#9506,.T.);
#9510 = ORIENTED_EDGE('',*,*,#9500,.T.);
#9511 = ORIENTED_EDGE('',*,*,#9451,.T.);
#9512 = ORIENTED_EDGE('',*,*,#9405,.F.);
#9513 = DIRECTION('',(0.38949041885226154,-0.38949041885226,0.8346223261119851));
#9514 = VECTOR('',#9513,1.);
#9515 = LINE('',#9488,#9514);
#9516 = EDGE_CURVE('',#9489,#9401,#9515,.T.);
#9517 = ORIENTED_EDGE('',*,*,#9516,.F.);
#9518 = CARTESIAN_POINT('',(3.9849999999999985,-0.175,-3.));
#9519 = DIRECTION('',(0.9061831399952646,0.,-0.4228854653311256));
#9520 = DIRECTION('',(0.,1.,0.));
#9521 = AXIS2_PLACEMENT_3D('',#9518,#9519,#9520);
#9522 = PLANE('',#9521);
#9523 = EDGE_LOOP('',(#9510,#9511,#9512,#9517));
#9524 = FACE_OUTER_BOUND('',#9523,.T.);
#9525 = ADVANCED_FACE('',(#9524),#9522,.T.);
#9526 = ORIENTED_EDGE('',*,*,#9516,.T.);
#9527 = ORIENTED_EDGE('',*,*,#9428,.F.);
#9528 = ORIENTED_EDGE('',*,*,#9476,.T.);
#9529 = ORIENTED_EDGE('',*,*,#9493,.T.);
#9530 = CARTESIAN_POINT('',(3.9849999999999985,-0.175,-3.));
#9531 = DIRECTION('',(0.,-0.9061831399952656,-0.42288546533112387));
#9532 = DIRECTION('',(0.38949041885226154,-0.38949041885226,0.8346223261119851));
#9533 = AXIS2_PLACEMENT_3D('',#9530,#9531,#9532);
#9534 = PLANE('',#9533);
#9535 = EDGE_LOOP('',(#9526,#9527,#9528,#9529));
#9536 = FACE_OUTER_BOUND('',#9535,.T.);
#9537 = ADVANCED_FACE('',(#9536),#9534,.T.);
#9538 = CLOSED_SHELL('',(#9349,#9377,#9399,#9421,#9437,#9465,#9487,#9509,#9525,#9537));
#9539 = MANIFOLD_SOLID_BREP('',#9538);
#9540 = CARTESIAN_POINT('',(3.3059999999999987,-0.504,0.));
#9541 = VERTEX_POINT('',#9540);
#9542 = CARTESIAN_POINT('',(3.3059999999999987,-0.504,0.504));
#9543 = VERTEX_POINT('',#9542);
#9544 = CARTESIAN_POINT('',(3.3059999999999987,0.504,0.504));
#9545 = VERTEX_POINT('',#9544);
#9546 = CARTESIAN_POINT('',(3.3059999999999987,0.504,0.));
#9547 = VERTEX_POINT('',#9546);
#9548 = DIRECTION('',(0.,0.,1.));
#9549 = VECTOR('',#9548,1.);
#9550 = LINE('',#9540,#9549);
#9551 = EDGE_CURVE('',#9541,#9543,#9550,.T.);
#9552 = ORIENTED_EDGE('',*,*,#9551,.T.);
#9553 = DIRECTION('',(0.,1.,0.));
#9554 = VECTOR('',#9553,1.);
#9555 = LINE('',#9542,#9554);
#9556 = EDGE_CURVE('',#9543,#9545,#9555,.T.);
#9557 = ORIENTED_EDGE('',*,*,#9556,.T.);
#9558 = DIRECTION('',(0.,0.,1.));
#9559 = VECTOR('',#9558,1.);
#9560 = LINE('',#9546,#9559);
#9561 = EDGE_CURVE('',#9547,#9545,#9560,.T.);
#9562 = ORIENTED_EDGE('',*,*,#9561,.F.);
#9563 = DIRECTION('',(0.,1.,0.));
#9564 = VECTOR('',#9563,1.);
#9565 = LINE('',#9540,#9564);
#9566 = EDGE_CURVE('',#9541,#9547,#9565,.T.);
#9567 = ORIENTED_EDGE('',*,*,#9566,.F.);
#9568 = CARTESIAN_POINT('',(3.3059999999999987,-0.504,0.));
#9569 = DIRECTION('',(-1.,0.,0.));
#9570 = DIRECTION('',(0.,0.,1.));
#9571 = AXIS2_PLACEMENT_3D('',#9568,#9569,#9570);
#9572 = PLANE('',#9571);
#9573 = EDGE_LOOP('',(#9552,#9557,#9562,#9567));
#9574 = FACE_OUTER_BOUND('',#9573,.T.);
#9575 = ADVANCED_FACE('',(#9574),#9572,.T.);
#9576 = CARTESIAN_POINT('',(4.313999999999998,-0.504,0.));
#9577 = VERTEX_POINT('',#9576);
#9578 = CARTESIAN_POINT('',(4.313999999999998,0.504,0.));
#9579 = VERTEX_POINT('',#9578);
#9580 = CARTESIAN_POINT('',(4.313999999999998,0.504,0.504));
#9581 = VERTEX_POINT('',#9580);
#9582 = CARTESIAN_POINT('',(4.313999999999998,-0.504,0.504));
#9583 = VERTEX_POINT('',#9582);
#9584 = DIRECTION('',(0.,1.,0.));
#9585 = VECTOR('',#9584,1.);
#9586 = LINE('',#9576,#9585);
#9587 = EDGE_CURVE('',#9577,#9579,#9586,.T.);
#9588 = ORIENTED_EDGE('',*,*,#9587,.T.);
#9589 = DIRECTION('',(0.,0.,1.));
#9590 = VECTOR('',#9589,1.);
#9591 = LINE('',#9578,#9590);
#9592 = EDGE_CURVE('',#9579,#9581,#9591,.T.);
#9593 = ORIENTED_EDGE('',*,*,#9592,.T.);
#9594 = DIRECTION('',(0.,1.,0.));
#9595 = VECTOR('',#9594,1.);
#9596 = LINE('',#9582,#9595);
#9597 = EDGE_CURVE('',#9583,#9581,#9596,.T.);
#9598 = ORIENTED_EDGE('',*,*,#9597,.F.);
#9599 = DIRECTION('',(0.,0.,1.));
#9600 = VECTOR('',#9599,1.);
#9601 = LINE('',#9576,#9600);
#9602 = EDGE_CURVE('',#9577,#9583,#9601,.T.);
#9603 = ORIENTED_EDGE('',*,*,#9602,.F.);
#9604 = CARTESIAN_POINT('',(4.313999999999998,-0.504,0.));
#9605 = DIRECTION('',(1.,0.,0.));
#9606 = DIRECTION('',(0.,1.,0.));
#9607 = AXIS2_PLACEMENT_3D('',#9604,#9605,#9606);
#9608 = PLANE('',#9607);
#9609 = EDGE_LOOP('',(#9588,#9593,#9598,#9603));
#9610 = FACE_OUTER_BOUND('',#9609,.T.);
#9611 = ADVANCED_FACE('',(#9610),#9608,.T.);
#9612 = DIRECTION('',(1.,0.,0.));
#9613 = VECTOR('',#9612,1.);
#9614 = LINE('',#9540,#9613);
#9615 = EDGE_CURVE('',#9541,#9577,#9614,.T.);
#9616 = ORIENTED_EDGE('',*,*,#9615,.T.);
#9617 = ORIENTED_EDGE('',*,*,#9602,.T.);
#9618 = DIRECTION('',(1.,0.,0.));
#9619 = VECTOR('',#9618,1.);
#9620 = LINE('',#9542,#9619);
#9621 = EDGE_CURVE('',#9543,#9583,#9620,.T.);
#9622 = ORIENTED_EDGE('',*,*,#9621,.F.);
#9623 = ORIENTED_EDGE('',*,*,#9551,.F.);
#9624 = CARTESIAN_POINT('',(3.3059999999999987,-0.504,0.));
#9625 = DIRECTION('',(0.,-1.,0.));
#9626 = DIRECTION('',(1.,0.,0.));
#9627 = AXIS2_PLACEMENT_3D('',#9624,#9625,#9626);
#9628 = PLANE('',#9627);
#9629 = EDGE_LOOP('',(#9616,#9617,#9622,#9623));
#9630 = FACE_OUTER_BOUND('',#9629,.T.);
#9631 = ADVANCED_FACE('',(#9630),#9628,.T.);
#9632 = ORIENTED_EDGE('',*,*,#9561,.T.);
#9633 = DIRECTION('',(1.,0.,0.));
#9634 = VECTOR('',#9633,1.);
#9635 = LINE('',#9544,#9634);
#9636 = EDGE_CURVE('',#9545,#9581,#9635,.T.);
#9637 = ORIENTED_EDGE('',*,*,#9636,.T.);
#9638 = ORIENTED_EDGE('',*,*,#9592,.F.);
#9639 = DIRECTION('',(1.,0.,0.));
#9640 = VECTOR('',#9639,1.);
#9641 = LINE('',#9546,#9640);
#9642 = EDGE_CURVE('',#9547,#9579,#9641,.T.);
#9643 = ORIENTED_EDGE('',*,*,#9642,.F.);
#9644 = CARTESIAN_POINT('',(3.3059999999999987,0.504,0.));
#9645 = DIRECTION('',(0.,1.,0.));
#9646 = DIRECTION('',(0.,0.,1.));
#9647 = AXIS2_PLACEMENT_3D('',#9644,#9645,#9646);
#9648 = PLANE('',#9647);
#9649 = EDGE_LOOP('',(#9632,#9637,#9638,#9643));
#9650 = FACE_OUTER_BOUND('',#9649,.T.);
#9651 = ADVANCED_FACE('',(#9650),#9648,.T.);
#9652 = ORIENTED_EDGE('',*,*,#9566,.T.);
#9653 = ORIENTED_EDGE('',*,*,#9642,.T.);
#9654 = ORIENTED_EDGE('',*,*,#9587,.F.);
#9655 = ORIENTED_EDGE('',*,*,#9615,.F.);
#9656 = CARTESIAN_POINT('',(3.3059999999999987,-0.504,0.));
#9657 = DIRECTION('',(0.,0.,-1.));
#9658 = DIRECTION('',(0.,1.,0.));
#9659 = AXIS2_PLACEMENT_3D('',#9656,#9657,#9658);
#9660 = PLANE('',#9659);
#9661 = EDGE_LOOP('',(#9652,#9653,#9654,#9655));
#9662 = FACE_OUTER_BOUND('',#9661,.T.);
#9663 = ADVANCED_FACE('',(#9662),#9660,.T.);
#9664 = ORIENTED_EDGE('',*,*,#9621,.T.);
#9665 = ORIENTED_EDGE('',*,*,#9597,.T.);
#9666 = ORIENTED_EDGE('',*,*,#9636,.F.);
#9667 = ORIENTED_EDGE('',*,*,#9556,.F.);
#9668 = CARTESIAN_POINT('',(3.3059999999999987,-0.504,0.504));
#9669 = DIRECTION('',(0.,0.,1.));
#9670 = DIRECTION('',(1.,0.,0.));
#9671 = AXIS2_PLACEMENT_3D('',#9668,#9669,#9670);
#9672 = PLANE('',#9671);
#9673 = EDGE_LOOP('',(#9664,#9665,#9666,#9667));
#9674 = FACE_OUTER_BOUND('',#9673,.T.);
#9675 = ADVANCED_FACE('',(#9674),#9672,.T.);
#9676 = CLOSED_SHELL('',(#9575,#9611,#9631,#9651,#9663,#9675));
#9677 = MANIFOLD_SOLID_BREP('',#9676);
#9678 = CARTESIAN_POINT('',(5.079999999999998,-1.27,0.));
#9679 = VERTEX_POINT('',#9678);
#9680 = CARTESIAN_POINT('',(5.079999999999998,-1.27,5.));
#9681 = VERTEX_POINT('',#9680);
#9682 = CARTESIAN_POINT('',(5.079999999999998,-0.8504999999999999,5.));
#9683 = VERTEX_POINT('',#9682);
#9684 = CARTESIAN_POINT('',(5.079999999999998,0.8504999999999999,5.));
#9685 = VERTEX_POINT('',#9684);
#9686 = CARTESIAN_POINT('',(5.079999999999998,1.27,5.));
#9687 = VERTEX_POINT('',#9686);
#9688 = CARTESIAN_POINT('',(5.079999999999998,1.27,0.));
#9689 = VERTEX_POINT('',#9688);
#9690 = CARTESIAN_POINT('',(5.079999999999998,0.4724999999999999,0.));
#9691 = VERTEX_POINT('',#9690);
#9692 = CARTESIAN_POINT('',(5.079999999999998,-0.4724999999999999,0.));
#9693 = VERTEX_POINT('',#9692);
#9694 = DIRECTION('',(0.,0.,1.));
#9695 = VECTOR('',#9694,1.);
#9696 = LINE('',#9678,#9695);
#9697 = EDGE_CURVE('',#9679,#9681,#9696,.T.);
#9698 = ORIENTED_EDGE('',*,*,#9697,.T.);
#9699 = DIRECTION('',(0.,-1.,0.));
#9700 = VECTOR('',#9699,1.);
#9701 = LINE('',#9682,#9700);
#9702 = EDGE_CURVE('',#9683,#9681,#9701,.T.);
#9703 = ORIENTED_EDGE('',*,*,#9702,.F.);
#9704 = DIRECTION('',(0.,1.,0.));
#9705 = VECTOR('',#9704,1.);
#9706 = LINE('',#9682,#9705);
#9707 = EDGE_CURVE('',#9683,#9685,#9706,.T.);
#9708 = ORIENTED_EDGE('',*,*,#9707,.T.);
#9709 = DIRECTION('',(0.,1.,0.));
#9710 = VECTOR('',#9709,1.);
#9711 = LINE('',#9684,#9710);
#9712 = EDGE_CURVE('',#9685,#9687,#9711,.T.);
#9713 = ORIENTED_EDGE('',*,*,#9712,.T.);
#9714 = DIRECTION('',(0.,0.,1.));
#9715 = VECTOR('',#9714,1.);
#9716 = LINE('',#9688,#9715);
#9717 = EDGE_CURVE('',#9689,#9687,#9716,.T.);
#9718 = ORIENTED_EDGE('',*,*,#9717,.F.);
#9719 = DIRECTION('',(0.,1.,0.));
#9720 = VECTOR('',#9719,1.);
#9721 = LINE('',#9690,#9720);
#9722 = EDGE_CURVE('',#9691,#9689,#9721,.T.);
#9723 = ORIENTED_EDGE('',*,*,#9722,.F.);
#9724 = DIRECTION('',(0.,1.,0.));
#9725 = VECTOR('',#9724,1.);
#9726 = LINE('',#9692,#9725);
#9727 = EDGE_CURVE('',#9693,#9691,#9726,.T.);
#9728 = ORIENTED_EDGE('',*,*,#9727,.F.);
#9729 = DIRECTION('',(0.,-1.,0.));
#9730 = VECTOR('',#9729,1.);
#9731 = LINE('',#9692,#9730);
#9732 = EDGE_CURVE('',#9693,#9679,#9731,.T.);
#9733 = ORIENTED_EDGE('',*,*,#9732,.T.);
#9734 = CARTESIAN_POINT('',(5.079999999999998,-1.27,0.));
#9735 = DIRECTION('',(-1.,0.,0.));
#9736 = DIRECTION('',(0.,0.,1.));
#9737 = AXIS2_PLACEMENT_3D('',#9734,#9735,#9736);
#9738 = PLANE('',#9737);
#9739 = EDGE_LOOP('',(#9698,#9703,#9708,#9713,#9718,#9723,#9728,#9733));
#9740 = FACE_OUTER_BOUND('',#9739,.T.);
#9741 = ADVANCED_FACE('',(#9740),#9738,.T.);
#9742 = CARTESIAN_POINT('',(7.619999999999997,-1.27,0.));
#9743 = VERTEX_POINT('',#9742);
#9744 = CARTESIAN_POINT('',(7.619999999999997,-0.4724999999999999,0.));
#9745 = VERTEX_POINT('',#9744);
#9746 = CARTESIAN_POINT('',(7.619999999999997,0.4724999999999999,0.));
#9747 = VERTEX_POINT('',#9746);
#9748 = CARTESIAN_POINT('',(7.619999999999997,1.27,0.));
#9749 = VERTEX_POINT('',#9748);
#9750 = CARTESIAN_POINT('',(7.619999999999997,1.27,5.));
#9751 = VERTEX_POINT('',#9750);
#9752 = CARTESIAN_POINT('',(7.619999999999997,0.8504999999999999,5.));
#9753 = VERTEX_POINT('',#9752);
#9754 = CARTESIAN_POINT('',(7.619999999999997,-0.8504999999999999,5.));
#9755 = VERTEX_POINT('',#9754);
#9756 = CARTESIAN_POINT('',(7.619999999999997,-1.27,5.));
#9757 = VERTEX_POINT('',#9756);
#9758 = DIRECTION('',(0.,-1.,0.));
#9759 = VECTOR('',#9758,1.);
#9760 = LINE('',#9744,#9759);
#9761 = EDGE_CURVE('',#9745,#9743,#9760,.T.);
#9762 = ORIENTED_EDGE('',*,*,#9761,.F.);
#9763 = DIRECTION('',(0.,1.,0.));
#9764 = VECTOR('',#9763,1.);
#9765 = LINE('',#9744,#9764);
#9766 = EDGE_CURVE('',#9745,#9747,#9765,.T.);
#9767 = ORIENTED_EDGE('',*,*,#9766,.T.);
#9768 = DIRECTION('',(0.,1.,0.));
#9769 = VECTOR('',#9768,1.);
#9770 = LINE('',#9746,#9769);
#9771 = EDGE_CURVE('',#9747,#9749,#9770,.T.);
#9772 = ORIENTED_EDGE('',*,*,#9771,.T.);
#9773 = DIRECTION('',(0.,0.,1.));
#9774 = VECTOR('',#9773,1.);
#9775 = LINE('',#9748,#9774);
#9776 = EDGE_CURVE('',#9749,#9751,#9775,.T.);
#9777 = ORIENTED_EDGE('',*,*,#9776,.T.);
#9778 = DIRECTION('',(0.,1.,0.));
#9779 = VECTOR('',#9778,1.);
#9780 = LINE('',#9752,#9779);
#9781 = EDGE_CURVE('',#9753,#9751,#9780,.T.);
#9782 = ORIENTED_EDGE('',*,*,#9781,.F.);
#9783 = DIRECTION('',(0.,1.,0.));
#9784 = VECTOR('',#9783,1.);
#9785 = LINE('',#9754,#9784);
#9786 = EDGE_CURVE('',#9755,#9753,#9785,.T.);
#9787 = ORIENTED_EDGE('',*,*,#9786,.F.);
#9788 = DIRECTION('',(0.,-1.,0.));
#9789 = VECTOR('',#9788,1.);
#9790 = LINE('',#9754,#9789);
#9791 = EDGE_CURVE('',#9755,#9757,#9790,.T.);
#9792 = ORIENTED_EDGE('',*,*,#9791,.T.);
#9793 = DIRECTION('',(0.,0.,1.));
#9794 = VECTOR('',#9793,1.);
#9795 = LINE('',#9742,#9794);
#9796 = EDGE_CURVE('',#9743,#9757,#9795,.T.);
#9797 = ORIENTED_EDGE('',*,*,#9796,.F.);
#9798 = CARTESIAN_POINT('',(7.619999999999997,-1.27,0.));
#9799 = DIRECTION('',(1.,0.,0.));
#9800 = DIRECTION('',(0.,1.,0.));
#9801 = AXIS2_PLACEMENT_3D('',#9798,#9799,#9800);
#9802 = PLANE('',#9801);
#9803 = EDGE_LOOP('',(#9762,#9767,#9772,#9777,#9782,#9787,#9792,#9797));
#9804 = FACE_OUTER_BOUND('',#9803,.T.);
#9805 = ADVANCED_FACE('',(#9804),#9802,.T.);
#9806 = DIRECTION('',(1.,0.,0.));
#9807 = VECTOR('',#9806,1.);
#9808 = LINE('',#9678,#9807);
#9809 = EDGE_CURVE('',#9679,#9743,#9808,.T.);
#9810 = ORIENTED_EDGE('',*,*,#9809,.T.);
#9811 = ORIENTED_EDGE('',*,*,#9796,.T.);
#9812 = DIRECTION('',(1.,0.,0.));
#9813 = VECTOR('',#9812,1.);
#9814 = LINE('',#9680,#9813);
#9815 = EDGE_CURVE('',#9681,#9757,#9814,.T.);
#9816 = ORIENTED_EDGE('',*,*,#9815,.F.);
#9817 = ORIENTED_EDGE('',*,*,#9697,.F.);
#9818 = CARTESIAN_POINT('',(5.079999999999998,-1.27,0.));
#9819 = DIRECTION('',(0.,-1.,0.));
#9820 = DIRECTION('',(1.,0.,0.));
#9821 = AXIS2_PLACEMENT_3D('',#9818,#9819,#9820);
#9822 = PLANE('',#9821);
#9823 = EDGE_LOOP('',(#9810,#9811,#9816,#9817));
#9824 = FACE_OUTER_BOUND('',#9823,.T.);
#9825 = ADVANCED_FACE('',(#9824),#9822,.T.);
#9826 = ORIENTED_EDGE('',*,*,#9717,.T.);
#9827 = DIRECTION('',(1.,0.,0.));
#9828 = VECTOR('',#9827,1.);
#9829 = LINE('',#9686,#9828);
#9830 = EDGE_CURVE('',#9687,#9751,#9829,.T.);
#9831 = ORIENTED_EDGE('',*,*,#9830,.T.);
#9832 = ORIENTED_EDGE('',*,*,#9776,.F.);
#9833 = DIRECTION('',(1.,0.,0.));
#9834 = VECTOR('',#9833,1.);
#9835 = LINE('',#9688,#9834);
#9836 = EDGE_CURVE('',#9689,#9749,#9835,.T.);
#9837 = ORIENTED_EDGE('',*,*,#9836,.F.);
#9838 = CARTESIAN_POINT('',(5.079999999999998,1.27,0.));
#9839 = DIRECTION('',(0.,1.,0.));
#9840 = DIRECTION('',(0.,0.,1.));
#9841 = AXIS2_PLACEMENT_3D('',#9838,#9839,#9840);
#9842 = PLANE('',#9841);
#9843 = EDGE_LOOP('',(#9826,#9831,#9832,#9837));
#9844 = FACE_OUTER_BOUND('',#9843,.T.);
#9845 = ADVANCED_FACE('',(#9844),#9842,.T.);
#9846 = CARTESIAN_POINT('',(6.822499999999998,0.4725,0.));
#9847 = VERTEX_POINT('',#9846);
#9848 = CARTESIAN_POINT('',(5.877499999999998,0.4725,0.));
#9849 = VERTEX_POINT('',#9848);
#9850 = ORIENTED_EDGE('',*,*,#9771,.F.);
#9851 = DIRECTION('',(1.,0.,0.));
#9852 = VECTOR('',#9851,1.);
#9853 = LINE('',#9846,#9852);
#9854 = EDGE_CURVE('',#9847,#9747,#9853,.T.);
#9855 = ORIENTED_EDGE('',*,*,#9854,.F.);
#9856 = DIRECTION('',(1.,0.,0.));
#9857 = VECTOR('',#9856,1.);
#9858 = LINE('',#9848,#9857);
#9859 = EDGE_CURVE('',#9849,#9847,#9858,.T.);
#9860 = ORIENTED_EDGE('',*,*,#9859,.F.);
#9861 = DIRECTION('',(1.,0.,0.));
#9862 = VECTOR('',#9861,1.);
#9863 = LINE('',#9690,#9862);
#9864 = EDGE_CURVE('',#9691,#9849,#9863,.T.);
#9865 = ORIENTED_EDGE('',*,*,#9864,.F.);
#9866 = ORIENTED_EDGE('',*,*,#9722,.T.);
#9867 = ORIENTED_EDGE('',*,*,#9836,.T.);
#9868 = CARTESIAN_POINT('',(7.619999999999997,1.27,0.));
#9869 = DIRECTION('',(0.,0.,-1.));
#9870 = DIRECTION('',(0.,-1.,0.));
#9871 = AXIS2_PLACEMENT_3D('',#9868,#9869,#9870);
#9872 = PLANE('',#9871);
#9873 = EDGE_LOOP('',(#9850,#9855,#9860,#9865,#9866,#9867));
#9874 = FACE_OUTER_BOUND('',#9873,.T.);
#9875 = ADVANCED_FACE('',(#9874),#9872,.T.);
#9876 = CARTESIAN_POINT('',(5.877499999999998,-0.4724999999999999,0.));
#9877 = VERTEX_POINT('',#9876);
#9878 = DIRECTION('',(0.,1.,0.));
#9879 = VECTOR('',#9878,1.);
#9880 = LINE('',#9876,#9879);
#9881 = EDGE_CURVE('',#9877,#9849,#9880,.T.);
#9882 = ORIENTED_EDGE('',*,*,#9881,.F.);
#9883 = DIRECTION('',(1.,0.,0.));
#9884 = VECTOR('',#9883,1.);
#9885 = LINE('',#9692,#9884);
#9886 = EDGE_CURVE('',#9693,#9877,#9885,.T.);
#9887 = ORIENTED_EDGE('',*,*,#9886,.F.);
#9888 = ORIENTED_EDGE('',*,*,#9727,.T.);
#9889 = ORIENTED_EDGE('',*,*,#9864,.T.);
#9890 = CARTESIAN_POINT('',(5.877499999999998,0.4724999999999999,0.));
#9891 = DIRECTION('',(0.,0.,-1.));
#9892 = DIRECTION('',(0.,-1.,0.));
#9893 = AXIS2_PLACEMENT_3D('',#9890,#9891,#9892);
#9894 = PLANE('',#9893);
#9895 = EDGE_LOOP('',(#9882,#9887,#9888,#9889));
#9896 = FACE_OUTER_BOUND('',#9895,.T.);
#9897 = ADVANCED_FACE('',(#9896),#9894,.T.);
#9898 = CARTESIAN_POINT('',(6.822499999999998,-0.4724999999999999,0.));
#9899 = VERTEX_POINT('',#9898);
#9900 = ORIENTED_EDGE('',*,*,#9766,.F.);
#9901 = DIRECTION('',(1.,0.,0.));
#9902 = VECTOR('',#9901,1.);
#9903 = LINE('',#9898,#9902);
#9904 = EDGE_CURVE('',#9899,#9745,#9903,.T.);
#9905 = ORIENTED_EDGE('',*,*,#9904,.F.);
#9906 = DIRECTION('',(0.,1.,0.));
#9907 = VECTOR('',#9906,1.);
#9908 = LINE('',#9898,#9907);
#9909 = EDGE_CURVE('',#9899,#9847,#9908,.T.);
#9910 = ORIENTED_EDGE('',*,*,#9909,.T.);
#9911 = ORIENTED_EDGE('',*,*,#9854,.T.);
#9912 = CARTESIAN_POINT('',(7.619999999999997,0.4724999999999999,0.));
#9913 = DIRECTION('',(0.,0.,-1.));
#9914 = DIRECTION('',(0.,-1.,0.));
#9915 = AXIS2_PLACEMENT_3D('',#9912,#9913,#9914);
#9916 = PLANE('',#9915);
#9917 = EDGE_LOOP('',(#9900,#9905,#9910,#9911));
#9918 = FACE_OUTER_BOUND('',#9917,.T.);
#9919 = ADVANCED_FACE('',(#9918),#9916,.T.);
#9920 = ORIENTED_EDGE('',*,*,#9761,.T.);
#9921 = ORIENTED_EDGE('',*,*,#9809,.F.);
#9922 = ORIENTED_EDGE('',*,*,#9732,.F.);
#9923 = ORIENTED_EDGE('',*,*,#9886,.T.);
#9924 = DIRECTION('',(1.,0.,0.));
#9925 = VECTOR('',#9924,1.);
#9926 = LINE('',#9876,#9925);
#9927 = EDGE_CURVE('',#9877,#9899,#9926,.T.);
#9928 = ORIENTED_EDGE('',*,*,#9927,.T.);
#9929 = ORIENTED_EDGE('',*,*,#9904,.T.);
#9930 = CARTESIAN_POINT('',(7.619999999999997,-0.4724999999999999,0.));
#9931 = DIRECTION('',(0.,0.,-1.));
#9932 = DIRECTION('',(0.,-1.,0.));
#9933 = AXIS2_PLACEMENT_3D('',#9930,#9931,#9932);
#9934 = PLANE('',#9933);
#9935 = EDGE_LOOP('',(#9920,#9921,#9922,#9923,#9928,#9929));
#9936 = FACE_OUTER_BOUND('',#9935,.T.);
#9937 = ADVANCED_FACE('',(#9936),#9934,.T.);
#9938 = CARTESIAN_POINT('',(5.499499999999998,-0.8504999999999999,4.995));
#9939 = VERTEX_POINT('',#9938);
#9940 = CARTESIAN_POINT('',(7.200499999999998,-0.8504999999999999,4.995));
#9941 = VERTEX_POINT('',#9940);
#9942 = CARTESIAN_POINT('',(6.822499999999998,-0.4725,4.3854));
#9943 = VERTEX_POINT('',#9942);
#9944 = CARTESIAN_POINT('',(5.877499999999998,-0.4725,4.3854));
#9945 = VERTEX_POINT('',#9944);
#9946 = DIRECTION('',(1.,0.,0.));
#9947 = VECTOR('',#9946,1.);
#9948 = LINE('',#9938,#9947);
#9949 = EDGE_CURVE('',#9939,#9941,#9948,.T.);
#9950 = ORIENTED_EDGE('',*,*,#9949,.T.);
#9951 = DIRECTION('',(0.46621205975657015,-0.46621205975656993,0.7518594487502784));
#9952 = VECTOR('',#9951,1.);
#9953 = LINE('',#9942,#9952);
#9954 = EDGE_CURVE('',#9943,#9941,#9953,.T.);
#9955 = ORIENTED_EDGE('',*,*,#9954,.F.);
#9956 = DIRECTION('',(1.,0.,0.));
#9957 = VECTOR('',#9956,1.);
#9958 = LINE('',#9944,#9957);
#9959 = EDGE_CURVE('',#9945,#9943,#9958,.T.);
#9960 = ORIENTED_EDGE('',*,*,#9959,.F.);
#9961 = DIRECTION('',(0.46621205975657015,0.46621205975656993,-0.7518594487502784));
#9962 = VECTOR('',#9961,1.);
#9963 = LINE('',#9938,#9962);
#9964 = EDGE_CURVE('',#9939,#9945,#9963,.T.);
#9965 = ORIENTED_EDGE('',*,*,#9964,.F.);
#9966 = CARTESIAN_POINT('',(5.499499999999998,-0.8504999999999999,4.995));
#9967 = DIRECTION('',(0.,0.8498727207846388,0.5269880059983485));
#9968 = DIRECTION('',(1.,0.,0.));
#9969 = AXIS2_PLACEMENT_3D('',#9966,#9967,#9968);
#9970 = PLANE('',#9969);
#9971 = EDGE_LOOP('',(#9950,#9955,#9960,#9965));
#9972 = FACE_OUTER_BOUND('',#9971,.T.);
#9973 = ADVANCED_FACE('',(#9972),#9970,.T.);
#9974 = CARTESIAN_POINT('',(5.877499999999998,0.4725,4.3854));
#9975 = VERTEX_POINT('',#9974);
#9976 = CARTESIAN_POINT('',(5.499499999999998,0.8504999999999999,4.995));
#9977 = VERTEX_POINT('',#9976);
#9978 = DIRECTION('',(0.46621205975657015,-0.46621205975656993,-0.7518594487502784));
#9979 = VECTOR('',#9978,1.);
#9980 = LINE('',#9976,#9979);
#9981 = EDGE_CURVE('',#9977,#9975,#9980,.T.);
#9982 = ORIENTED_EDGE('',*,*,#9981,.F.);
#9983 = DIRECTION('',(0.,1.,0.));
#9984 = VECTOR('',#9983,1.);
#9985 = LINE('',#9938,#9984);
#9986 = EDGE_CURVE('',#9939,#9977,#9985,.T.);
#9987 = ORIENTED_EDGE('',*,*,#9986,.F.);
#9988 = ORIENTED_EDGE('',*,*,#9964,.T.);
#9989 = DIRECTION('',(0.,1.,0.));
#9990 = VECTOR('',#9989,1.);
#9991 = LINE('',#9944,#9990);
#9992 = EDGE_CURVE('',#9945,#9975,#9991,.T.);
#9993 = ORIENTED_EDGE('',*,*,#9992,.T.);
#9994 = CARTESIAN_POINT('',(5.877499999999998,0.4725,4.3854));
#9995 = DIRECTION('',(0.8498727207846386,0.,0.5269880059983487));
#9996 = DIRECTION('',(-0.46621205975657015,0.46621205975656993,0.7518594487502784));
#9997 = AXIS2_PLACEMENT_3D('',#9994,#9995,#9996);
#9998 = PLANE('',#9997);
#9999 = EDGE_LOOP('',(#9982,#9987,#9988,#9993));
#10000 = FACE_OUTER_BOUND('',#9999,.T.);
#10001 = ADVANCED_FACE('',(#10000),#9998,.T.);
#10002 = CARTESIAN_POINT('',(7.200499999999998,0.8504999999999999,4.995));
#10003 = VERTEX_POINT('',#10002);
#10004 = CARTESIAN_POINT('',(6.822499999999998,0.4725,4.3854));
#10005 = VERTEX_POINT('',#10004);
#10006 = DIRECTION('',(1.,0.,0.));
#10007 = VECTOR('',#10006,1.);
#10008 = LINE('',#9976,#10007);
#10009 = EDGE_CURVE('',#9977,#10003,#10008,.T.);
#10010 = ORIENTED_EDGE('',*,*,#10009,.F.);
#10011 = ORIENTED_EDGE('',*,*,#9981,.T.);
#10012 = DIRECTION('',(1.,0.,0.));
#10013 = VECTOR('',#10012,1.);
#10014 = LINE('',#9974,#10013);
#10015 = EDGE_CURVE('',#9975,#10005,#10014,.T.);
#10016 = ORIENTED_EDGE('',*,*,#10015,.T.);
#10017 = DIRECTION('',(0.46621205975657015,0.46621205975656993,0.7518594487502784));
#10018 = VECTOR('',#10017,1.);
#10019 = LINE('',#10004,#10018);
#10020 = EDGE_CURVE('',#10005,#10003,#10019,.T.);
#10021 = ORIENTED_EDGE('',*,*,#10020,.T.);
#10022 = CARTESIAN_POINT('',(7.200499999999998,0.8504999999999999,4.995));
#10023 = DIRECTION('',(0.,-0.8498727207846388,0.5269880059983485));
#10024 = DIRECTION('',(-1.,0.,0.));
#10025 = AXIS2_PLACEMENT_3D('',#10022,#10023,#10024);
#10026 = PLANE('',#10025);
#10027 = EDGE_LOOP('',(#10010,#10011,#10016,#10021));
#10028 = FACE_OUTER_BOUND('',#10027,.T.);
#10029 = ADVANCED_FACE('',(#10028),#10026,.T.);
#10030 = ORIENTED_EDGE('',*,*,#9954,.T.);
#10031 = DIRECTION('',(0.,1.,0.));
#10032 = VECTOR('',#10031,1.);
#10033 = LINE('',#9940,#10032);
#10034 = EDGE_CURVE('',#9941,#10003,#10033,.T.);
#10035 = ORIENTED_EDGE('',*,*,#10034,.T.);
#10036 = ORIENTED_EDGE('',*,*,#10020,.F.);
#10037 = DIRECTION('',(0.,1.,0.));
#10038 = VECTOR('',#10037,1.);
#10039 = LINE('',#9942,#10038);
#10040 = EDGE_CURVE('',#9943,#10005,#10039,.T.);
#10041 = ORIENTED_EDGE('',*,*,#10040,.F.);
#10042 = CARTESIAN_POINT('',(6.822499999999998,-0.4725,4.3854));
#10043 = DIRECTION('',(-0.8498727207846386,0.,0.5269880059983487));
#10044 = DIRECTION('',(0.46621205975657015,-0.46621205975656993,0.7518594487502784));
#10045 = AXIS2_PLACEMENT_3D('',#10042,#10043,#10044);
#10046 = PLANE('',#10045);
#10047 = EDGE_LOOP('',(#10030,#10035,#10036,#10041));
#10048 = FACE_OUTER_BOUND('',#10047,.T.);
#10049 = ADVANCED_FACE('',(#10048),#10046,.T.);
#10050 = CARTESIAN_POINT('',(7.200499999999998,-0.8504999999999999,5.));
#10051 = VERTEX_POINT('',#10050);
#10052 = CARTESIAN_POINT('',(5.499499999999998,-0.8504999999999999,5.));
#10053 = VERTEX_POINT('',#10052);
#10054 = DIRECTION('',(0.,0.,1.));
#10055 = VECTOR('',#10054,1.);
#10056 = LINE('',#9940,#10055);
#10057 = EDGE_CURVE('',#9941,#10051,#10056,.T.);
#10058 = ORIENTED_EDGE('',*,*,#10057,.F.);
#10059 = ORIENTED_EDGE('',*,*,#9949,.F.);
#10060 = DIRECTION('',(0.,0.,1.));
#10061 = VECTOR('',#10060,1.);
#10062 = LINE('',#9938,#10061);
#10063 = EDGE_CURVE('',#9939,#10053,#10062,.T.);
#10064 = ORIENTED_EDGE('',*,*,#10063,.T.);
#10065 = DIRECTION('',(1.,0.,0.));
#10066 = VECTOR('',#10065,1.);
#10067 = LINE('',#10052,#10066);
#10068 = EDGE_CURVE('',#10053,#10051,#10067,.T.);
#10069 = ORIENTED_EDGE('',*,*,#10068,.T.);
#10070 = CARTESIAN_POINT('',(7.200499999999998,-0.8504999999999999,5.));
#10071 = DIRECTION('',(0.,1.,0.));
#10072 = DIRECTION('',(0.,0.,-1.));
#10073 = AXIS2_PLACEMENT_3D('',#10070,#10071,#10072);
#10074 = PLANE('',#10073);
#10075 = EDGE_LOOP('',(#10058,#10059,#10064,#10069));
#10076 = FACE_OUTER_BOUND('',#10075,.T.);
#10077 = ADVANCED_FACE('',(#10076),#10074,.T.);
#10078 = CARTESIAN_POINT('',(5.499499999999998,0.8504999999999999,5.));
#10079 = VERTEX_POINT('',#10078);
#10080 = ORIENTED_EDGE('',*,*,#10063,.F.);
#10081 = ORIENTED_EDGE('',*,*,#9986,.T.);
#10082 = DIRECTION('',(0.,0.,1.));
#10083 = VECTOR('',#10082,1.);
#10084 = LINE('',#9976,#10083);
#10085 = EDGE_CURVE('',#9977,#10079,#10084,.T.);
#10086 = ORIENTED_EDGE('',*,*,#10085,.T.);
#10087 = DIRECTION('',(0.,1.,0.));
#10088 = VECTOR('',#10087,1.);
#10089 = LINE('',#10052,#10088);
#10090 = EDGE_CURVE('',#10053,#10079,#10089,.T.);
#10091 = ORIENTED_EDGE('',*,*,#10090,.F.);
#10092 = CARTESIAN_POINT('',(5.499499999999998,-0.8504999999999999,5.));
#10093 = DIRECTION('',(1.,0.,0.));
#10094 = DIRECTION('',(0.,0.,-1.));
#10095 = AXIS2_PLACEMENT_3D('',#10092,#10093,#10094);
#10096 = PLANE('',#10095);
#10097 = EDGE_LOOP('',(#10080,#10081,#10086,#10091));
#10098 = FACE_OUTER_BOUND('',#10097,.T.);
#10099 = ADVANCED_FACE('',(#10098),#10096,.T.);
#10100 = CARTESIAN_POINT('',(7.200499999999998,0.8504999999999999,5.));
#10101 = VERTEX_POINT('',#10100);
#10102 = DIRECTION('',(0.,0.,1.));
#10103 = VECTOR('',#10102,1.);
#10104 = LINE('',#10002,#10103);
#10105 = EDGE_CURVE('',#10003,#10101,#10104,.T.);
#10106 = ORIENTED_EDGE('',*,*,#10105,.F.);
#10107 = ORIENTED_EDGE('',*,*,#10034,.F.);
#10108 = ORIENTED_EDGE('',*,*,#10057,.T.);
#10109 = DIRECTION('',(0.,1.,0.));
#10110 = VECTOR('',#10109,1.);
#10111 = LINE('',#10050,#10110);
#10112 = EDGE_CURVE('',#10051,#10101,#10111,.T.);
#10113 = ORIENTED_EDGE('',*,*,#10112,.T.);
#10114 = CARTESIAN_POINT('',(7.200499999999998,0.8504999999999999,5.));
#10115 = DIRECTION('',(-1.,0.,0.));
#10116 = DIRECTION('',(0.,0.,-1.));
#10117 = AXIS2_PLACEMENT_3D('',#10114,#10115,#10116);
#10118 = PLANE('',#10117);
#10119 = EDGE_LOOP('',(#10106,#10107,#10108,#10113));
#10120 = FACE_OUTER_BOUND('',#10119,.T.);
#10121 = ADVANCED_FACE('',(#10120),#10118,.T.);
#10122 = ORIENTED_EDGE('',*,*,#10085,.F.);
#10123 = ORIENTED_EDGE('',*,*,#10009,.T.);
#10124 = ORIENTED_EDGE('',*,*,#10105,.T.);
#10125 = DIRECTION('',(1.,0.,0.));
#10126 = VECTOR('',#10125,1.);
#10127 = LINE('',#10078,#10126);
#10128 = EDGE_CURVE('',#10079,#10101,#10127,.T.);
#10129 = ORIENTED_EDGE('',*,*,#10128,.F.);
#10130 = CARTESIAN_POINT('',(5.499499999999998,0.8504999999999999,5.));
#10131 = DIRECTION('',(0.,-1.,0.));
#10132 = DIRECTION('',(0.,0.,-1.));
#10133 = AXIS2_PLACEMENT_3D('',#10130,#10131,#10132);
#10134 = PLANE('',#10133);
#10135 = EDGE_LOOP('',(#10122,#10123,#10124,#10129));
#10136 = FACE_OUTER_BOUND('',#10135,.T.);
#10137 = ADVANCED_FACE('',(#10136),#10134,.T.);
#10138 = DIRECTION('',(0.,0.,1.));
#10139 = VECTOR('',#10138,1.);
#10140 = LINE('',#9876,#10139);
#10141 = EDGE_CURVE('',#9877,#9945,#10140,.T.);
#10142 = ORIENTED_EDGE('',*,*,#10141,.F.);
#10143 = ORIENTED_EDGE('',*,*,#9881,.T.);
#10144 = DIRECTION('',(0.,0.,1.));
#10145 = VECTOR('',#10144,1.);
#10146 = LINE('',#9848,#10145);
#10147 = EDGE_CURVE('',#9849,#9975,#10146,.T.);
#10148 = ORIENTED_EDGE('',*,*,#10147,.T.);
#10149 = ORIENTED_EDGE('',*,*,#9992,.F.);
#10150 = CARTESIAN_POINT('',(5.877499999999998,-0.4725,4.385399999999999));
#10151 = DIRECTION('',(1.,0.,0.));
#10152 = DIRECTION('',(0.,0.,-1.));
#10153 = AXIS2_PLACEMENT_3D('',#10150,#10151,#10152);
#10154 = PLANE('',#10153);
#10155 = EDGE_LOOP('',(#10142,#10143,#10148,#10149));
#10156 = FACE_OUTER_BOUND('',#10155,.T.);
#10157 = ADVANCED_FACE('',(#10156),#10154,.T.);
#10158 = ORIENTED_EDGE('',*,*,#10040,.T.);
#10159 = DIRECTION('',(0.,0.,1.));
#10160 = VECTOR('',#10159,1.);
#10161 = LINE('',#9846,#10160);
#10162 = EDGE_CURVE('',#9847,#10005,#10161,.T.);
#10163 = ORIENTED_EDGE('',*,*,#10162,.F.);
#10164 = ORIENTED_EDGE('',*,*,#9909,.F.);
#10165 = DIRECTION('',(0.,0.,1.));
#10166 = VECTOR('',#10165,1.);
#10167 = LINE('',#9898,#10166);
#10168 = EDGE_CURVE('',#9899,#9943,#10167,.T.);
#10169 = ORIENTED_EDGE('',*,*,#10168,.T.);
#10170 = CARTESIAN_POINT('',(6.822499999999998,-0.4725,4.385399999999999));
#10171 = DIRECTION('',(-1.,0.,0.));
#10172 = DIRECTION('',(0.,1.,0.));
#10173 = AXIS2_PLACEMENT_3D('',#10170,#10171,#10172);
#10174 = PLANE('',#10173);
#10175 = EDGE_LOOP('',(#10158,#10163,#10164,#10169));
#10176 = FACE_OUTER_BOUND('',#10175,.T.);
#10177 = ADVANCED_FACE('',(#10176),#10174,.T.);
#10178 = ORIENTED_EDGE('',*,*,#10168,.F.);
#10179 = ORIENTED_EDGE('',*,*,#9927,.F.);
#10180 = ORIENTED_EDGE('',*,*,#10141,.T.);
#10181 = ORIENTED_EDGE('',*,*,#9959,.T.);
#10182 = CARTESIAN_POINT('',(6.822499999999998,-0.4725,4.385399999999999));
#10183 = DIRECTION('',(0.,1.,0.));
#10184 = DIRECTION('',(0.,0.,-1.));
#10185 = AXIS2_PLACEMENT_3D('',#10182,#10183,#10184);
#10186 = PLANE('',#10185);
#10187 = EDGE_LOOP('',(#10178,#10179,#10180,#10181));
#10188 = FACE_OUTER_BOUND('',#10187,.T.);
#10189 = ADVANCED_FACE('',(#10188),#10186,.T.);
#10190 = ORIENTED_EDGE('',*,*,#10147,.F.);
#10191 = ORIENTED_EDGE('',*,*,#9859,.T.);
#10192 = ORIENTED_EDGE('',*,*,#10162,.T.);
#10193 = ORIENTED_EDGE('',*,*,#10015,.F.);
#10194 = CARTESIAN_POINT('',(5.877499999999998,0.4725,4.385399999999999));
#10195 = DIRECTION('',(0.,-1.,0.));
#10196 = DIRECTION('',(0.,0.,-1.));
#10197 = AXIS2_PLACEMENT_3D('',#10194,#10195,#10196);
#10198 = PLANE('',#10197);
#10199 = EDGE_LOOP('',(#10190,#10191,#10192,#10193));
#10200 = FACE_OUTER_BOUND('',#10199,.T.);
#10201 = ADVANCED_FACE('',(#10200),#10198,.T.);
#10202 = ORIENTED_EDGE('',*,*,#9712,.F.);
#10203 = DIRECTION('',(1.,0.,0.));
#10204 = VECTOR('',#10203,1.);
#10205 = LINE('',#9684,#10204);
#10206 = EDGE_CURVE('',#9685,#10079,#10205,.T.);
#10207 = ORIENTED_EDGE('',*,*,#10206,.T.);
#10208 = ORIENTED_EDGE('',*,*,#10128,.T.);
#10209 = DIRECTION('',(1.,0.,0.));
#10210 = VECTOR('',#10209,1.);
#10211 = LINE('',#10100,#10210);
#10212 = EDGE_CURVE('',#10101,#9753,#10211,.T.);
#10213 = ORIENTED_EDGE('',*,*,#10212,.T.);
#10214 = ORIENTED_EDGE('',*,*,#9781,.T.);
#10215 = ORIENTED_EDGE('',*,*,#9830,.F.);
#10216 = CARTESIAN_POINT('',(5.079999999999998,1.27,5.));
#10217 = DIRECTION('',(0.,0.,1.));
#10218 = DIRECTION('',(0.,-1.,0.));
#10219 = AXIS2_PLACEMENT_3D('',#10216,#10217,#10218);
#10220 = PLANE('',#10219);
#10221 = EDGE_LOOP('',(#10202,#10207,#10208,#10213,#10214,#10215));
#10222 = FACE_OUTER_BOUND('',#10221,.T.);
#10223 = ADVANCED_FACE('',(#10222),#10220,.T.);
#10224 = ORIENTED_EDGE('',*,*,#10112,.F.);
#10225 = DIRECTION('',(1.,0.,0.));
#10226 = VECTOR('',#10225,1.);
#10227 = LINE('',#10050,#10226);
#10228 = EDGE_CURVE('',#10051,#9755,#10227,.T.);
#10229 = ORIENTED_EDGE('',*,*,#10228,.T.);
#10230 = ORIENTED_EDGE('',*,*,#9786,.T.);
#10231 = ORIENTED_EDGE('',*,*,#10212,.F.);
#10232 = CARTESIAN_POINT('',(7.200499999999998,0.8504999999999999,5.));
#10233 = DIRECTION('',(0.,0.,1.));
#10234 = DIRECTION('',(0.,-1.,0.));
#10235 = AXIS2_PLACEMENT_3D('',#10232,#10233,#10234);
#10236 = PLANE('',#10235);
#10237 = EDGE_LOOP('',(#10224,#10229,#10230,#10231));
#10238 = FACE_OUTER_BOUND('',#10237,.T.);
#10239 = ADVANCED_FACE('',(#10238),#10236,.T.);
#10240 = ORIENTED_EDGE('',*,*,#9707,.F.);
#10241 = DIRECTION('',(1.,0.,0.));
#10242 = VECTOR('',#10241,1.);
#10243 = LINE('',#9682,#10242);
#10244 = EDGE_CURVE('',#9683,#10053,#10243,.T.);
#10245 = ORIENTED_EDGE('',*,*,#10244,.T.);
#10246 = ORIENTED_EDGE('',*,*,#10090,.T.);
#10247 = ORIENTED_EDGE('',*,*,#10206,.F.);
#10248 = CARTESIAN_POINT('',(5.079999999999998,0.8504999999999999,5.));
#10249 = DIRECTION('',(0.,0.,1.));
#10250 = DIRECTION('',(0.,-1.,0.));
#10251 = AXIS2_PLACEMENT_3D('',#10248,#10249,#10250);
#10252 = PLANE('',#10251);
#10253 = EDGE_LOOP('',(#10240,#10245,#10246,#10247));
#10254 = FACE_OUTER_BOUND('',#10253,.T.);
#10255 = ADVANCED_FACE('',(#10254),#10252,.T.);
#10256 = ORIENTED_EDGE('',*,*,#9702,.T.);
#10257 = ORIENTED_EDGE('',*,*,#9815,.T.);
#10258 = ORIENTED_EDGE('',*,*,#9791,.F.);
#10259 = ORIENTED_EDGE('',*,*,#10228,.F.);
#10260 = ORIENTED_EDGE('',*,*,#10068,.F.);
#10261 = ORIENTED_EDGE('',*,*,#10244,.F.);
#10262 = CARTESIAN_POINT('',(5.079999999999998,-0.8504999999999999,5.));
#10263 = DIRECTION('',(0.,0.,1.));
#10264 = DIRECTION('',(0.,-1.,0.));
#10265 = AXIS2_PLACEMENT_3D('',#10262,#10263,#10264);
#10266 = PLANE('',#10265);
#10267 = EDGE_LOOP('',(#10256,#10257,#10258,#10259,#10260,#10261));
#10268 = FACE_OUTER_BOUND('',#10267,.T.);
#10269 = ADVANCED_FACE('',(#10268),#10266,.T.);
#10270 = CLOSED_SHELL('',(#9741,#9805,#9825,#9845,#9875,#9897,#9919,#9937,#9973,#10001,#10029,#10049,#10077,#10099,#10121,#10137,#10157,#10177,#10189,#10201,#10223,#10239,#10255,#10269));
#10271 = MANIFOLD_SOLID_BREP('',#10270);
#10272 = COLOUR_RGB('',0.10196078431372549,0.10196078431372549,0.10196078431372549);
#10273 = FILL_AREA_STYLE_COLOUR('',#10272);
#10274 = FILL_AREA_STYLE('',(#10273));
#10275 = SURFACE_STYLE_FILL_AREA(#10274);
#10276 = SURFACE_SIDE_STYLE('',(#10275));
#10277 = SURFACE_STYLE_USAGE(.BOTH.,#10276);
#10278 = PRESENTATION_STYLE_ASSIGNMENT((#10277));
#10279 = STYLED_ITEM('',(#10278),#10271);
#10280 = CARTESIAN_POINT('',(6.664999999999998,-0.315,0.));
#10281 = VERTEX_POINT('',#10280);
#10282 = CARTESIAN_POINT('',(6.0349999999999975,-0.315,0.));
#10283 = VERTEX_POINT('',#10282);
#10284 = CARTESIAN_POINT('',(6.0349999999999975,-0.315,-2.7));
#10285 = VERTEX_POINT('',#10284);
#10286 = CARTESIAN_POINT('',(6.664999999999998,-0.315,-2.7));
#10287 = VERTEX_POINT('',#10286);
#10288 = DIRECTION('',(1.,0.,0.));
#10289 = VECTOR('',#10288,1.);
#10290 = LINE('',#10282,#10289);
#10291 = EDGE_CURVE('',#10283,#10281,#10290,.T.);
#10292 = ORIENTED_EDGE('',*,*,#10291,.F.);
#10293 = DIRECTION('',(0.,0.,1.));
#10294 = VECTOR('',#10293,1.);
#10295 = LINE('',#10284,#10294);
#10296 = EDGE_CURVE('',#10285,#10283,#10295,.T.);
#10297 = ORIENTED_EDGE('',*,*,#10296,.F.);
#10298 = DIRECTION('',(1.,0.,0.));
#10299 = VECTOR('',#10298,1.);
#10300 = LINE('',#10284,#10299);
#10301 = EDGE_CURVE('',#10285,#10287,#10300,.T.);
#10302 = ORIENTED_EDGE('',*,*,#10301,.T.);
#10303 = DIRECTION('',(0.,0.,1.));
#10304 = VECTOR('',#10303,1.);
#10305 = LINE('',#10286,#10304);
#10306 = EDGE_CURVE('',#10287,#10281,#10305,.T.);
#10307 = ORIENTED_EDGE('',*,*,#10306,.T.);
#10308 = CARTESIAN_POINT('',(6.664999999999998,-0.315,0.));
#10309 = DIRECTION('',(0.,-1.,0.));
#10310 = DIRECTION('',(-1.,0.,0.));
#10311 = AXIS2_PLACEMENT_3D('',#10308,#10309,#10310);
#10312 = PLANE('',#10311);
#10313 = EDGE_LOOP('',(#10292,#10297,#10302,#10307));
#10314 = FACE_OUTER_BOUND('',#10313,.T.);
#10315 = ADVANCED_FACE('',(#10314),#10312,.T.);
#10316 = CARTESIAN_POINT('',(6.664999999999998,0.315,-2.7));
#10317 = VERTEX_POINT('',#10316);
#10318 = CARTESIAN_POINT('',(6.664999999999998,0.315,0.));
#10319 = VERTEX_POINT('',#10318);
#10320 = ORIENTED_EDGE('',*,*,#10306,.F.);
#10321 = DIRECTION('',(0.,1.,0.));
#10322 = VECTOR('',#10321,1.);
#10323 = LINE('',#10286,#10322);
#10324 = EDGE_CURVE('',#10287,#10317,#10323,.T.);
#10325 = ORIENTED_EDGE('',*,*,#10324,.T.);
#10326 = DIRECTION('',(0.,0.,1.));
#10327 = VECTOR('',#10326,1.);
#10328 = LINE('',#10316,#10327);
#10329 = EDGE_CURVE('',#10317,#10319,#10328,.T.);
#10330 = ORIENTED_EDGE('',*,*,#10329,.T.);
#10331 = DIRECTION('',(0.,1.,0.));
#10332 = VECTOR('',#10331,1.);
#10333 = LINE('',#10280,#10332);
#10334 = EDGE_CURVE('',#10281,#10319,#10333,.T.);
#10335 = ORIENTED_EDGE('',*,*,#10334,.F.);
#10336 = CARTESIAN_POINT('',(6.664999999999998,-0.315,0.));
#10337 = DIRECTION('',(1.,0.,0.));
#10338 = DIRECTION('',(0.,0.,-1.));
#10339 = AXIS2_PLACEMENT_3D('',#10336,#10337,#10338);
#10340 = PLANE('',#10339);
#10341 = EDGE_LOOP('',(#10320,#10325,#10330,#10335));
#10342 = FACE_OUTER_BOUND('',#10341,.T.);
#10343 = ADVANCED_FACE('',(#10342),#10340,.T.);
#10344 = CARTESIAN_POINT('',(6.524999999999998,-0.175,-3.));
#10345 = VERTEX_POINT('',#10344);
#10346 = CARTESIAN_POINT('',(6.174999999999998,-0.175,-3.));
#10347 = VERTEX_POINT('',#10346);
#10348 = DIRECTION('',(0.38949041885226154,-0.38949041885226,0.8346223261119851));
#10349 = VECTOR('',#10348,1.);
#10350 = LINE('',#10344,#10349);
#10351 = EDGE_CURVE('',#10345,#10287,#10350,.T.);
#10352 = ORIENTED_EDGE('',*,*,#10351,.T.);
#10353 = ORIENTED_EDGE('',*,*,#10301,.F.);
#10354 = DIRECTION('',(0.38949041885226154,0.38949041885226,-0.8346223261119851));
#10355 = VECTOR('',#10354,1.);
#10356 = LINE('',#10284,#10355);
#10357 = EDGE_CURVE('',#10285,#10347,#10356,.T.);
#10358 = ORIENTED_EDGE('',*,*,#10357,.T.);
#10359 = DIRECTION('',(1.,0.,0.));
#10360 = VECTOR('',#10359,1.);
#10361 = LINE('',#10346,#10360);
#10362 = EDGE_CURVE('',#10347,#10345,#10361,.T.);
#10363 = ORIENTED_EDGE('',*,*,#10362,.T.);
#10364 = CARTESIAN_POINT('',(6.524999999999998,-0.175,-3.));
#10365 = DIRECTION('',(0.,-0.9061831399952652,-0.4228854653311245));
#10366 = DIRECTION('',(0.38949041885226154,-0.38949041885226,0.8346223261119851));
#10367 = AXIS2_PLACEMENT_3D('',#10364,#10365,#10366);
#10368 = PLANE('',#10367);
#10369 = EDGE_LOOP('',(#10352,#10353,#10358,#10363));
#10370 = FACE_OUTER_BOUND('',#10369,.T.);
#10371 = ADVANCED_FACE('',(#10370),#10368,.T.);
#10372 = CARTESIAN_POINT('',(6.0349999999999975,0.315,0.));
#10373 = VERTEX_POINT('',#10372);
#10374 = CARTESIAN_POINT('',(6.0349999999999975,0.315,-2.7));
#10375 = VERTEX_POINT('',#10374);
#10376 = DIRECTION('',(1.,0.,0.));
#10377 = VECTOR('',#10376,1.);
#10378 = LINE('',#10372,#10377);
#10379 = EDGE_CURVE('',#10373,#10319,#10378,.T.);
#10380 = ORIENTED_EDGE('',*,*,#10379,.T.);
#10381 = ORIENTED_EDGE('',*,*,#10329,.F.);
#10382 = DIRECTION('',(1.,0.,0.));
#10383 = VECTOR('',#10382,1.);
#10384 = LINE('',#10374,#10383);
#10385 = EDGE_CURVE('',#10375,#10317,#10384,.T.);
#10386 = ORIENTED_EDGE('',*,*,#10385,.F.);
#10387 = DIRECTION('',(0.,0.,1.));
#10388 = VECTOR('',#10387,1.);
#10389 = LINE('',#10374,#10388);
#10390 = EDGE_CURVE('',#10375,#10373,#10389,.T.);
#10391 = ORIENTED_EDGE('',*,*,#10390,.T.);
#10392 = CARTESIAN_POINT('',(6.0349999999999975,0.315,0.));
#10393 = DIRECTION('',(0.,1.,0.));
#10394 = DIRECTION('',(1.,0.,0.));
#10395 = AXIS2_PLACEMENT_3D('',#10392,#10393,#10394);
#10396 = PLANE('',#10395);
#10397 = EDGE_LOOP('',(#10380,#10381,#10386,#10391));
#10398 = FACE_OUTER_BOUND('',#10397,.T.);
#10399 = ADVANCED_FACE('',(#10398),#10396,.T.);
#10400 = ORIENTED_EDGE('',*,*,#10390,.F.);
#10401 = DIRECTION('',(0.,1.,0.));
#10402 = VECTOR('',#10401,1.);
#10403 = LINE('',#10284,#10402);
#10404 = EDGE_CURVE('',#10285,#10375,#10403,.T.);
#10405 = ORIENTED_EDGE('',*,*,#10404,.F.);
#10406 = ORIENTED_EDGE('',*,*,#10296,.T.);
#10407 = DIRECTION('',(0.,1.,0.));
#10408 = VECTOR('',#10407,1.);
#10409 = LINE('',#10282,#10408);
#10410 = EDGE_CURVE('',#10283,#10373,#10409,.T.);
#10411 = ORIENTED_EDGE('',*,*,#10410,.T.);
#10412 = CARTESIAN_POINT('',(6.0349999999999975,0.315,0.));
#10413 = DIRECTION('',(-1.,0.,0.));
#10414 = DIRECTION('',(0.,0.,-1.));
#10415 = AXIS2_PLACEMENT_3D('',#10412,#10413,#10414);
#10416 = PLANE('',#10415);
#10417 = EDGE_LOOP('',(#10400,#10405,#10406,#10411));
#10418 = FACE_OUTER_BOUND('',#10417,.T.);
#10419 = ADVANCED_FACE('',(#10418),#10416,.T.);
#10420 = ORIENTED_EDGE('',*,*,#10410,.F.);
#10421 = ORIENTED_EDGE('',*,*,#10291,.T.);
#10422 = ORIENTED_EDGE('',*,*,#10334,.T.);
#10423 = ORIENTED_EDGE('',*,*,#10379,.F.);
#10424 = CARTESIAN_POINT('',(6.0349999999999975,0.315,0.));
#10425 = DIRECTION('',(0.,0.,1.));
#10426 = DIRECTION('',(0.,-1.,0.));
#10427 = AXIS2_PLACEMENT_3D('',#10424,#10425,#10426);
#10428 = PLANE('',#10427);
#10429 = EDGE_LOOP('',(#10420,#10421,#10422,#10423));
#10430 = FACE_OUTER_BOUND('',#10429,.T.);
#10431 = ADVANCED_FACE('',(#10430),#10428,.T.);
#10432 = CARTESIAN_POINT('',(6.524999999999998,0.175,-3.));
#10433 = VERTEX_POINT('',#10432);
#10434 = DIRECTION('',(0.38949041885226154,0.38949041885226,0.8346223261119851));
#10435 = VECTOR('',#10434,1.);
#10436 = LINE('',#10432,#10435);
#10437 = EDGE_CURVE('',#10433,#10317,#10436,.T.);
#10438 = ORIENTED_EDGE('',*,*,#10437,.T.);
#10439 = ORIENTED_EDGE('',*,*,#10324,.F.);
#10440 = ORIENTED_EDGE('',*,*,#10351,.F.);
#10441 = DIRECTION('',(0.,1.,0.));
#10442 = VECTOR('',#10441,1.);
#10443 = LINE('',#10344,#10442);
#10444 = EDGE_CURVE('',#10345,#10433,#10443,.T.);
#10445 = ORIENTED_EDGE('',*,*,#10444,.T.);
#10446 = CARTESIAN_POINT('',(6.524999999999998,0.175,-3.));
#10447 = DIRECTION('',(0.9061831399952646,0.,-0.4228854653311257));
#10448 = DIRECTION('',(0.38949041885226154,0.38949041885226,0.8346223261119851));
#10449 = AXIS2_PLACEMENT_3D('',#10446,#10447,#10448);
#10450 = PLANE('',#10449);
#10451 = EDGE_LOOP('',(#10438,#10439,#10440,#10445));
#10452 = FACE_OUTER_BOUND('',#10451,.T.);
#10453 = ADVANCED_FACE('',(#10452),#10450,.T.);
#10454 = CARTESIAN_POINT('',(6.174999999999998,0.175,-3.));
#10455 = VERTEX_POINT('',#10454);
#10456 = DIRECTION('',(0.38949041885226154,-0.38949041885226,-0.8346223261119851));
#10457 = VECTOR('',#10456,1.);
#10458 = LINE('',#10374,#10457);
#10459 = EDGE_CURVE('',#10375,#10455,#10458,.T.);
#10460 = ORIENTED_EDGE('',*,*,#10459,.F.);
#10461 = ORIENTED_EDGE('',*,*,#10385,.T.);
#10462 = ORIENTED_EDGE('',*,*,#10437,.F.);
#10463 = DIRECTION('',(1.,0.,0.));
#10464 = VECTOR('',#10463,1.);
#10465 = LINE('',#10454,#10464);
#10466 = EDGE_CURVE('',#10455,#10433,#10465,.T.);
#10467 = ORIENTED_EDGE('',*,*,#10466,.F.);
#10468 = CARTESIAN_POINT('',(6.174999999999998,0.175,-3.));
#10469 = DIRECTION('',(0.,0.9061831399952652,-0.4228854653311245));
#10470 = DIRECTION('',(-0.38949041885226154,0.38949041885226,0.8346223261119851));
#10471 = AXIS2_PLACEMENT_3D('',#10468,#10469,#10470);
#10472 = PLANE('',#10471);
#10473 = EDGE_LOOP('',(#10460,#10461,#10462,#10467));
#10474 = FACE_OUTER_BOUND('',#10473,.T.);
#10475 = ADVANCED_FACE('',(#10474),#10472,.T.);
#10476 = ORIENTED_EDGE('',*,*,#10466,.T.);
#10477 = ORIENTED_EDGE('',*,*,#10444,.F.);
#10478 = ORIENTED_EDGE('',*,*,#10362,.F.);
#10479 = DIRECTION('',(0.,1.,0.));
#10480 = VECTOR('',#10479,1.);
#10481 = LINE('',#10346,#10480);
#10482 = EDGE_CURVE('',#10347,#10455,#10481,.T.);
#10483 = ORIENTED_EDGE('',*,*,#10482,.T.);
#10484 = CARTESIAN_POINT('',(6.174999999999998,0.175,-3.));
#10485 = DIRECTION('',(0.,0.,-1.));
#10486 = DIRECTION('',(1.,0.,0.));
#10487 = AXIS2_PLACEMENT_3D('',#10484,#10485,#10486);
#10488 = PLANE('',#10487);
#10489 = EDGE_LOOP('',(#10476,#10477,#10478,#10483));
#10490 = FACE_OUTER_BOUND('',#10489,.T.);
#10491 = ADVANCED_FACE('',(#10490),#10488,.T.);
#10492 = ORIENTED_EDGE('',*,*,#10482,.F.);
#10493 = ORIENTED_EDGE('',*,*,#10357,.F.);
#10494 = ORIENTED_EDGE('',*,*,#10404,.T.);
#10495 = ORIENTED_EDGE('',*,*,#10459,.T.);
#10496 = CARTESIAN_POINT('',(6.174999999999998,0.175,-3.));
#10497 = DIRECTION('',(-0.9061831399952646,0.,-0.4228854653311256));
#10498 = DIRECTION('',(0.,-1.,0.));
#10499 = AXIS2_PLACEMENT_3D('',#10496,#10497,#10498);
#10500 = PLANE('',#10499);
#10501 = EDGE_LOOP('',(#10492,#10493,#10494,#10495));
#10502 = FACE_OUTER_BOUND('',#10501,.T.);
#10503 = ADVANCED_FACE('',(#10502),#10500,.T.);
#10504 = CLOSED_SHELL('',(#10315,#10343,#10371,#10399,#10419,#10431,#10453,#10475,#10491,#10503));
#10505 = MANIFOLD_SOLID_BREP('',#10504);
#10506 = CARTESIAN_POINT('',(5.845999999999998,-0.504,0.));
#10507 = VERTEX_POINT('',#10506);
#10508 = CARTESIAN_POINT('',(5.845999999999998,-0.504,0.504));
#10509 = VERTEX_POINT('',#10508);
#10510 = CARTESIAN_POINT('',(5.845999999999998,0.504,0.504));
#10511 = VERTEX_POINT('',#10510);
#10512 = CARTESIAN_POINT('',(5.845999999999998,0.504,0.));
#10513 = VERTEX_POINT('',#10512);
#10514 = DIRECTION('',(0.,0.,1.));
#10515 = VECTOR('',#10514,1.);
#10516 = LINE('',#10506,#10515);
#10517 = EDGE_CURVE('',#10507,#10509,#10516,.T.);
#10518 = ORIENTED_EDGE('',*,*,#10517,.T.);
#10519 = DIRECTION('',(0.,1.,0.));
#10520 = VECTOR('',#10519,1.);
#10521 = LINE('',#10508,#10520);
#10522 = EDGE_CURVE('',#10509,#10511,#10521,.T.);
#10523 = ORIENTED_EDGE('',*,*,#10522,.T.);
#10524 = DIRECTION('',(0.,0.,1.));
#10525 = VECTOR('',#10524,1.);
#10526 = LINE('',#10512,#10525);
#10527 = EDGE_CURVE('',#10513,#10511,#10526,.T.);
#10528 = ORIENTED_EDGE('',*,*,#10527,.F.);
#10529 = DIRECTION('',(0.,1.,0.));
#10530 = VECTOR('',#10529,1.);
#10531 = LINE('',#10506,#10530);
#10532 = EDGE_CURVE('',#10507,#10513,#10531,.T.);
#10533 = ORIENTED_EDGE('',*,*,#10532,.F.);
#10534 = CARTESIAN_POINT('',(5.845999999999998,-0.504,0.));
#10535 = DIRECTION('',(-1.,0.,0.));
#10536 = DIRECTION('',(0.,0.,1.));
#10537 = AXIS2_PLACEMENT_3D('',#10534,#10535,#10536);
#10538 = PLANE('',#10537);
#10539 = EDGE_LOOP('',(#10518,#10523,#10528,#10533));
#10540 = FACE_OUTER_BOUND('',#10539,.T.);
#10541 = ADVANCED_FACE('',(#10540),#10538,.T.);
#10542 = CARTESIAN_POINT('',(6.853999999999997,-0.504,0.));
#10543 = VERTEX_POINT('',#10542);
#10544 = CARTESIAN_POINT('',(6.853999999999997,0.504,0.));
#10545 = VERTEX_POINT('',#10544);
#10546 = CARTESIAN_POINT('',(6.853999999999997,0.504,0.504));
#10547 = VERTEX_POINT('',#10546);
#10548 = CARTESIAN_POINT('',(6.853999999999997,-0.504,0.504));
#10549 = VERTEX_POINT('',#10548);
#10550 = DIRECTION('',(0.,1.,0.));
#10551 = VECTOR('',#10550,1.);
#10552 = LINE('',#10542,#10551);
#10553 = EDGE_CURVE('',#10543,#10545,#10552,.T.);
#10554 = ORIENTED_EDGE('',*,*,#10553,.T.);
#10555 = DIRECTION('',(0.,0.,1.));
#10556 = VECTOR('',#10555,1.);
#10557 = LINE('',#10544,#10556);
#10558 = EDGE_CURVE('',#10545,#10547,#10557,.T.);
#10559 = ORIENTED_EDGE('',*,*,#10558,.T.);
#10560 = DIRECTION('',(0.,1.,0.));
#10561 = VECTOR('',#10560,1.);
#10562 = LINE('',#10548,#10561);
#10563 = EDGE_CURVE('',#10549,#10547,#10562,.T.);
#10564 = ORIENTED_EDGE('',*,*,#10563,.F.);
#10565 = DIRECTION('',(0.,0.,1.));
#10566 = VECTOR('',#10565,1.);
#10567 = LINE('',#10542,#10566);
#10568 = EDGE_CURVE('',#10543,#10549,#10567,.T.);
#10569 = ORIENTED_EDGE('',*,*,#10568,.F.);
#10570 = CARTESIAN_POINT('',(6.853999999999997,-0.504,0.));
#10571 = DIRECTION('',(1.,0.,0.));
#10572 = DIRECTION('',(0.,1.,0.));
#10573 = AXIS2_PLACEMENT_3D('',#10570,#10571,#10572);
#10574 = PLANE('',#10573);
#10575 = EDGE_LOOP('',(#10554,#10559,#10564,#10569));
#10576 = FACE_OUTER_BOUND('',#10575,.T.);
#10577 = ADVANCED_FACE('',(#10576),#10574,.T.);
#10578 = DIRECTION('',(1.,0.,0.));
#10579 = VECTOR('',#10578,1.);
#10580 = LINE('',#10506,#10579);
#10581 = EDGE_CURVE('',#10507,#10543,#10580,.T.);
#10582 = ORIENTED_EDGE('',*,*,#10581,.T.);
#10583 = ORIENTED_EDGE('',*,*,#10568,.T.);
#10584 = DIRECTION('',(1.,0.,0.));
#10585 = VECTOR('',#10584,1.);
#10586 = LINE('',#10508,#10585);
#10587 = EDGE_CURVE('',#10509,#10549,#10586,.T.);
#10588 = ORIENTED_EDGE('',*,*,#10587,.F.);
#10589 = ORIENTED_EDGE('',*,*,#10517,.F.);
#10590 = CARTESIAN_POINT('',(5.845999999999998,-0.504,0.));
#10591 = DIRECTION('',(0.,-1.,0.));
#10592 = DIRECTION('',(1.,0.,0.));
#10593 = AXIS2_PLACEMENT_3D('',#10590,#10591,#10592);
#10594 = PLANE('',#10593);
#10595 = EDGE_LOOP('',(#10582,#10583,#10588,#10589));
#10596 = FACE_OUTER_BOUND('',#10595,.T.);
#10597 = ADVANCED_FACE('',(#10596),#10594,.T.);
#10598 = ORIENTED_EDGE('',*,*,#10527,.T.);
#10599 = DIRECTION('',(1.,0.,0.));
#10600 = VECTOR('',#10599,1.);
#10601 = LINE('',#10510,#10600);
#10602 = EDGE_CURVE('',#10511,#10547,#10601,.T.);
#10603 = ORIENTED_EDGE('',*,*,#10602,.T.);
#10604 = ORIENTED_EDGE('',*,*,#10558,.F.);
#10605 = DIRECTION('',(1.,0.,0.));
#10606 = VECTOR('',#10605,1.);
#10607 = LINE('',#10512,#10606);
#10608 = EDGE_CURVE('',#10513,#10545,#10607,.T.);
#10609 = ORIENTED_EDGE('',*,*,#10608,.F.);
#10610 = CARTESIAN_POINT('',(5.845999999999998,0.504,0.));
#10611 = DIRECTION('',(0.,1.,0.));
#10612 = DIRECTION('',(0.,0.,1.));
#10613 = AXIS2_PLACEMENT_3D('',#10610,#10611,#10612);
#10614 = PLANE('',#10613);
#10615 = EDGE_LOOP('',(#10598,#10603,#10604,#10609));
#10616 = FACE_OUTER_BOUND('',#10615,.T.);
#10617 = ADVANCED_FACE('',(#10616),#10614,.T.);
#10618 = ORIENTED_EDGE('',*,*,#10532,.T.);
#10619 = ORIENTED_EDGE('',*,*,#10608,.T.);
#10620 = ORIENTED_EDGE('',*,*,#10553,.F.);
#10621 = ORIENTED_EDGE('',*,*,#10581,.F.);
#10622 = CARTESIAN_POINT('',(5.845999999999998,-0.504,0.));
#10623 = DIRECTION('',(0.,0.,-1.));
#10624 = DIRECTION('',(0.,1.,0.));
#10625 = AXIS2_PLACEMENT_3D('',#10622,#10623,#10624);
#10626 = PLANE('',#10625);
#10627 = EDGE_LOOP('',(#10618,#10619,#10620,#10621));
#10628 = FACE_OUTER_BOUND('',#10627,.T.);
#10629 = ADVANCED_FACE('',(#10628),#10626,.T.);
#10630 = ORIENTED_EDGE('',*,*,#10587,.T.);
#10631 = ORIENTED_EDGE('',*,*,#10563,.T.);
#10632 = ORIENTED_EDGE('',*,*,#10602,.F.);
#10633 = ORIENTED_EDGE('',*,*,#10522,.F.);
#10634 = CARTESIAN_POINT('',(5.845999999999998,-0.504,0.504));
#10635 = DIRECTION('',(0.,0.,1.));
#10636 = DIRECTION('',(1.,0.,0.));
#10637 = AXIS2_PLACEMENT_3D('',#10634,#10635,#10636);
#10638 = PLANE('',#10637);
#10639 = EDGE_LOOP('',(#10630,#10631,#10632,#10633));
#10640 = FACE_OUTER_BOUND('',#10639,.T.);
#10641 = ADVANCED_FACE('',(#10640),#10638,.T.);
#10642 = CLOSED_SHELL('',(#10541,#10577,#10597,#10617,#10629,#10641));
#10643 = MANIFOLD_SOLID_BREP('',#10642);
#10644 = CARTESIAN_POINT('',(7.620000000000001,-1.27,0.));
#10645 = VERTEX_POINT('',#10644);
#10646 = CARTESIAN_POINT('',(7.620000000000001,-1.27,5.));
#10647 = VERTEX_POINT('',#10646);
#10648 = CARTESIAN_POINT('',(7.620000000000001,-0.8504999999999999,5.));
#10649 = VERTEX_POINT('',#10648);
#10650 = CARTESIAN_POINT('',(7.620000000000001,0.8504999999999999,5.));
#10651 = VERTEX_POINT('',#10650);
#10652 = CARTESIAN_POINT('',(7.620000000000001,1.27,5.));
#10653 = VERTEX_POINT('',#10652);
#10654 = CARTESIAN_POINT('',(7.620000000000001,1.27,0.));
#10655 = VERTEX_POINT('',#10654);
#10656 = CARTESIAN_POINT('',(7.620000000000001,0.4724999999999999,0.));
#10657 = VERTEX_POINT('',#10656);
#10658 = CARTESIAN_POINT('',(7.620000000000001,-0.4724999999999999,0.));
#10659 = VERTEX_POINT('',#10658);
#10660 = DIRECTION('',(0.,0.,1.));
#10661 = VECTOR('',#10660,1.);
#10662 = LINE('',#10644,#10661);
#10663 = EDGE_CURVE('',#10645,#10647,#10662,.T.);
#10664 = ORIENTED_EDGE('',*,*,#10663,.T.);
#10665 = DIRECTION('',(0.,-1.,0.));
#10666 = VECTOR('',#10665,1.);
#10667 = LINE('',#10648,#10666);
#10668 = EDGE_CURVE('',#10649,#10647,#10667,.T.);
#10669 = ORIENTED_EDGE('',*,*,#10668,.F.);
#10670 = DIRECTION('',(0.,1.,0.));
#10671 = VECTOR('',#10670,1.);
#10672 = LINE('',#10648,#10671);
#10673 = EDGE_CURVE('',#10649,#10651,#10672,.T.);
#10674 = ORIENTED_EDGE('',*,*,#10673,.T.);
#10675 = DIRECTION('',(0.,1.,0.));
#10676 = VECTOR('',#10675,1.);
#10677 = LINE('',#10650,#10676);
#10678 = EDGE_CURVE('',#10651,#10653,#10677,.T.);
#10679 = ORIENTED_EDGE('',*,*,#10678,.T.);
#10680 = DIRECTION('',(0.,0.,1.));
#10681 = VECTOR('',#10680,1.);
#10682 = LINE('',#10654,#10681);
#10683 = EDGE_CURVE('',#10655,#10653,#10682,.T.);
#10684 = ORIENTED_EDGE('',*,*,#10683,.F.);
#10685 = DIRECTION('',(0.,1.,0.));
#10686 = VECTOR('',#10685,1.);
#10687 = LINE('',#10656,#10686);
#10688 = EDGE_CURVE('',#10657,#10655,#10687,.T.);
#10689 = ORIENTED_EDGE('',*,*,#10688,.F.);
#10690 = DIRECTION('',(0.,1.,0.));
#10691 = VECTOR('',#10690,1.);
#10692 = LINE('',#10658,#10691);
#10693 = EDGE_CURVE('',#10659,#10657,#10692,.T.);
#10694 = ORIENTED_EDGE('',*,*,#10693,.F.);
#10695 = DIRECTION('',(0.,-1.,0.));
#10696 = VECTOR('',#10695,1.);
#10697 = LINE('',#10658,#10696);
#10698 = EDGE_CURVE('',#10659,#10645,#10697,.T.);
#10699 = ORIENTED_EDGE('',*,*,#10698,.T.);
#10700 = CARTESIAN_POINT('',(7.620000000000001,-1.27,0.));
#10701 = DIRECTION('',(-1.,0.,0.));
#10702 = DIRECTION('',(0.,0.,1.));
#10703 = AXIS2_PLACEMENT_3D('',#10700,#10701,#10702);
#10704 = PLANE('',#10703);
#10705 = EDGE_LOOP('',(#10664,#10669,#10674,#10679,#10684,#10689,#10694,#10699));
#10706 = FACE_OUTER_BOUND('',#10705,.T.);
#10707 = ADVANCED_FACE('',(#10706),#10704,.T.);
#10708 = CARTESIAN_POINT('',(10.16,-1.27,0.));
#10709 = VERTEX_POINT('',#10708);
#10710 = CARTESIAN_POINT('',(10.16,-0.4724999999999999,0.));
#10711 = VERTEX_POINT('',#10710);
#10712 = CARTESIAN_POINT('',(10.16,0.4724999999999999,0.));
#10713 = VERTEX_POINT('',#10712);
#10714 = CARTESIAN_POINT('',(10.16,1.27,0.));
#10715 = VERTEX_POINT('',#10714);
#10716 = CARTESIAN_POINT('',(10.16,1.27,5.));
#10717 = VERTEX_POINT('',#10716);
#10718 = CARTESIAN_POINT('',(10.16,0.8504999999999999,5.));
#10719 = VERTEX_POINT('',#10718);
#10720 = CARTESIAN_POINT('',(10.16,-0.8504999999999999,5.));
#10721 = VERTEX_POINT('',#10720);
#10722 = CARTESIAN_POINT('',(10.16,-1.27,5.));
#10723 = VERTEX_POINT('',#10722);
#10724 = DIRECTION('',(0.,-1.,0.));
#10725 = VECTOR('',#10724,1.);
#10726 = LINE('',#10710,#10725);
#10727 = EDGE_CURVE('',#10711,#10709,#10726,.T.);
#10728 = ORIENTED_EDGE('',*,*,#10727,.F.);
#10729 = DIRECTION('',(0.,1.,0.));
#10730 = VECTOR('',#10729,1.);
#10731 = LINE('',#10710,#10730);
#10732 = EDGE_CURVE('',#10711,#10713,#10731,.T.);
#10733 = ORIENTED_EDGE('',*,*,#10732,.T.);
#10734 = DIRECTION('',(0.,1.,0.));
#10735 = VECTOR('',#10734,1.);
#10736 = LINE('',#10712,#10735);
#10737 = EDGE_CURVE('',#10713,#10715,#10736,.T.);
#10738 = ORIENTED_EDGE('',*,*,#10737,.T.);
#10739 = DIRECTION('',(0.,0.,1.));
#10740 = VECTOR('',#10739,1.);
#10741 = LINE('',#10714,#10740);
#10742 = EDGE_CURVE('',#10715,#10717,#10741,.T.);
#10743 = ORIENTED_EDGE('',*,*,#10742,.T.);
#10744 = DIRECTION('',(0.,1.,0.));
#10745 = VECTOR('',#10744,1.);
#10746 = LINE('',#10718,#10745);
#10747 = EDGE_CURVE('',#10719,#10717,#10746,.T.);
#10748 = ORIENTED_EDGE('',*,*,#10747,.F.);
#10749 = DIRECTION('',(0.,1.,0.));
#10750 = VECTOR('',#10749,1.);
#10751 = LINE('',#10720,#10750);
#10752 = EDGE_CURVE('',#10721,#10719,#10751,.T.);
#10753 = ORIENTED_EDGE('',*,*,#10752,.F.);
#10754 = DIRECTION('',(0.,-1.,0.));
#10755 = VECTOR('',#10754,1.);
#10756 = LINE('',#10720,#10755);
#10757 = EDGE_CURVE('',#10721,#10723,#10756,.T.);
#10758 = ORIENTED_EDGE('',*,*,#10757,.T.);
#10759 = DIRECTION('',(0.,0.,1.));
#10760 = VECTOR('',#10759,1.);
#10761 = LINE('',#10708,#10760);
#10762 = EDGE_CURVE('',#10709,#10723,#10761,.T.);
#10763 = ORIENTED_EDGE('',*,*,#10762,.F.);
#10764 = CARTESIAN_POINT('',(10.16,-1.27,0.));
#10765 = DIRECTION('',(1.,0.,0.));
#10766 = DIRECTION('',(0.,1.,0.));
#10767 = AXIS2_PLACEMENT_3D('',#10764,#10765,#10766);
#10768 = PLANE('',#10767);
#10769 = EDGE_LOOP('',(#10728,#10733,#10738,#10743,#10748,#10753,#10758,#10763));
#10770 = FACE_OUTER_BOUND('',#10769,.T.);
#10771 = ADVANCED_FACE('',(#10770),#10768,.T.);
#10772 = DIRECTION('',(-1.,0.,0.));
#10773 = VECTOR('',#10772,1.);
#10774 = LINE('',#10708,#10773);
#10775 = EDGE_CURVE('',#10709,#10645,#10774,.T.);
#10776 = ORIENTED_EDGE('',*,*,#10775,.F.);
#10777 = ORIENTED_EDGE('',*,*,#10762,.T.);
#10778 = DIRECTION('',(-1.,0.,0.));
#10779 = VECTOR('',#10778,1.);
#10780 = LINE('',#10722,#10779);
#10781 = EDGE_CURVE('',#10723,#10647,#10780,.T.);
#10782 = ORIENTED_EDGE('',*,*,#10781,.T.);
#10783 = ORIENTED_EDGE('',*,*,#10663,.F.);
#10784 = CARTESIAN_POINT('',(7.620000000000001,-1.27,0.));
#10785 = DIRECTION('',(0.,-1.,0.));
#10786 = DIRECTION('',(1.,0.,0.));
#10787 = AXIS2_PLACEMENT_3D('',#10784,#10785,#10786);
#10788 = PLANE('',#10787);
#10789 = EDGE_LOOP('',(#10776,#10777,#10782,#10783));
#10790 = FACE_OUTER_BOUND('',#10789,.T.);
#10791 = ADVANCED_FACE('',(#10790),#10788,.T.);
#10792 = ORIENTED_EDGE('',*,*,#10683,.T.);
#10793 = DIRECTION('',(-1.,0.,0.));
#10794 = VECTOR('',#10793,1.);
#10795 = LINE('',#10716,#10794);
#10796 = EDGE_CURVE('',#10717,#10653,#10795,.T.);
#10797 = ORIENTED_EDGE('',*,*,#10796,.F.);
#10798 = ORIENTED_EDGE('',*,*,#10742,.F.);
#10799 = DIRECTION('',(-1.,0.,0.));
#10800 = VECTOR('',#10799,1.);
#10801 = LINE('',#10714,#10800);
#10802 = EDGE_CURVE('',#10715,#10655,#10801,.T.);
#10803 = ORIENTED_EDGE('',*,*,#10802,.T.);
#10804 = CARTESIAN_POINT('',(7.620000000000001,1.27,0.));
#10805 = DIRECTION('',(0.,1.,0.));
#10806 = DIRECTION('',(0.,0.,1.));
#10807 = AXIS2_PLACEMENT_3D('',#10804,#10805,#10806);
#10808 = PLANE('',#10807);
#10809 = EDGE_LOOP('',(#10792,#10797,#10798,#10803));
#10810 = FACE_OUTER_BOUND('',#10809,.T.);
#10811 = ADVANCED_FACE('',(#10810),#10808,.T.);
#10812 = CARTESIAN_POINT('',(9.3625,0.4725,0.));
#10813 = VERTEX_POINT('',#10812);
#10814 = CARTESIAN_POINT('',(8.4175,0.4725,0.));
#10815 = VERTEX_POINT('',#10814);
#10816 = ORIENTED_EDGE('',*,*,#10737,.F.);
#10817 = DIRECTION('',(-1.,0.,0.));
#10818 = VECTOR('',#10817,1.);
#10819 = LINE('',#10712,#10818);
#10820 = EDGE_CURVE('',#10713,#10813,#10819,.T.);
#10821 = ORIENTED_EDGE('',*,*,#10820,.T.);
#10822 = DIRECTION('',(1.,0.,0.));
#10823 = VECTOR('',#10822,1.);
#10824 = LINE('',#10814,#10823);
#10825 = EDGE_CURVE('',#10815,#10813,#10824,.T.);
#10826 = ORIENTED_EDGE('',*,*,#10825,.F.);
#10827 = DIRECTION('',(1.,0.,0.));
#10828 = VECTOR('',#10827,1.);
#10829 = LINE('',#10656,#10828);
#10830 = EDGE_CURVE('',#10657,#10815,#10829,.T.);
#10831 = ORIENTED_EDGE('',*,*,#10830,.F.);
#10832 = ORIENTED_EDGE('',*,*,#10688,.T.);
#10833 = ORIENTED_EDGE('',*,*,#10802,.F.);
#10834 = CARTESIAN_POINT('',(10.16,1.27,0.));
#10835 = DIRECTION('',(0.,0.,-1.));
#10836 = DIRECTION('',(0.,-1.,0.));
#10837 = AXIS2_PLACEMENT_3D('',#10834,#10835,#10836);
#10838 = PLANE('',#10837);
#10839 = EDGE_LOOP('',(#10816,#10821,#10826,#10831,#10832,#10833));
#10840 = FACE_OUTER_BOUND('',#10839,.T.);
#10841 = ADVANCED_FACE('',(#10840),#10838,.T.);
#10842 = CARTESIAN_POINT('',(8.4175,-0.4724999999999999,0.));
#10843 = VERTEX_POINT('',#10842);
#10844 = DIRECTION('',(0.,1.,0.));
#10845 = VECTOR('',#10844,1.);
#10846 = LINE('',#10842,#10845);
#10847 = EDGE_CURVE('',#10843,#10815,#10846,.T.);
#10848 = ORIENTED_EDGE('',*,*,#10847,.F.);
#10849 = DIRECTION('',(1.,0.,0.));
#10850 = VECTOR('',#10849,1.);
#10851 = LINE('',#10658,#10850);
#10852 = EDGE_CURVE('',#10659,#10843,#10851,.T.);
#10853 = ORIENTED_EDGE('',*,*,#10852,.F.);
#10854 = ORIENTED_EDGE('',*,*,#10693,.T.);
#10855 = ORIENTED_EDGE('',*,*,#10830,.T.);
#10856 = CARTESIAN_POINT('',(8.4175,0.4724999999999999,0.));
#10857 = DIRECTION('',(0.,0.,-1.));
#10858 = DIRECTION('',(0.,-1.,0.));
#10859 = AXIS2_PLACEMENT_3D('',#10856,#10857,#10858);
#10860 = PLANE('',#10859);
#10861 = EDGE_LOOP('',(#10848,#10853,#10854,#10855));
#10862 = FACE_OUTER_BOUND('',#10861,.T.);
#10863 = ADVANCED_FACE('',(#10862),#10860,.T.);
#10864 = CARTESIAN_POINT('',(9.3625,-0.4724999999999999,0.));
#10865 = VERTEX_POINT('',#10864);
#10866 = ORIENTED_EDGE('',*,*,#10732,.F.);
#10867 = DIRECTION('',(-1.,0.,0.));
#10868 = VECTOR('',#10867,1.);
#10869 = LINE('',#10710,#10868);
#10870 = EDGE_CURVE('',#10711,#10865,#10869,.T.);
#10871 = ORIENTED_EDGE('',*,*,#10870,.T.);
#10872 = DIRECTION('',(0.,1.,0.));
#10873 = VECTOR('',#10872,1.);
#10874 = LINE('',#10864,#10873);
#10875 = EDGE_CURVE('',#10865,#10813,#10874,.T.);
#10876 = ORIENTED_EDGE('',*,*,#10875,.T.);
#10877 = ORIENTED_EDGE('',*,*,#10820,.F.);
#10878 = CARTESIAN_POINT('',(10.16,0.4724999999999999,0.));
#10879 = DIRECTION('',(0.,0.,-1.));
#10880 = DIRECTION('',(0.,-1.,0.));
#10881 = AXIS2_PLACEMENT_3D('',#10878,#10879,#10880);
#10882 = PLANE('',#10881);
#10883 = EDGE_LOOP('',(#10866,#10871,#10876,#10877));
#10884 = FACE_OUTER_BOUND('',#10883,.T.);
#10885 = ADVANCED_FACE('',(#10884),#10882,.T.);
#10886 = ORIENTED_EDGE('',*,*,#10727,.T.);
#10887 = ORIENTED_EDGE('',*,*,#10775,.T.);
#10888 = ORIENTED_EDGE('',*,*,#10698,.F.);
#10889 = ORIENTED_EDGE('',*,*,#10852,.T.);
#10890 = DIRECTION('',(1.,0.,0.));
#10891 = VECTOR('',#10890,1.);
#10892 = LINE('',#10842,#10891);
#10893 = EDGE_CURVE('',#10843,#10865,#10892,.T.);
#10894 = ORIENTED_EDGE('',*,*,#10893,.T.);
#10895 = ORIENTED_EDGE('',*,*,#10870,.F.);
#10896 = CARTESIAN_POINT('',(10.16,-0.4724999999999999,0.));
#10897 = DIRECTION('',(0.,0.,-1.));
#10898 = DIRECTION('',(0.,-1.,0.));
#10899 = AXIS2_PLACEMENT_3D('',#10896,#10897,#10898);
#10900 = PLANE('',#10899);
#10901 = EDGE_LOOP('',(#10886,#10887,#10888,#10889,#10894,#10895));
#10902 = FACE_OUTER_BOUND('',#10901,.T.);
#10903 = ADVANCED_FACE('',(#10902),#10900,.T.);
#10904 = CARTESIAN_POINT('',(8.0395,-0.8504999999999999,4.995));
#10905 = VERTEX_POINT('',#10904);
#10906 = CARTESIAN_POINT('',(9.7405,-0.8504999999999999,4.995));
#10907 = VERTEX_POINT('',#10906);
#10908 = CARTESIAN_POINT('',(9.3625,-0.4725,4.3854));
#10909 = VERTEX_POINT('',#10908);
#10910 = CARTESIAN_POINT('',(8.4175,-0.4725,4.3854));
#10911 = VERTEX_POINT('',#10910);
#10912 = DIRECTION('',(1.,0.,0.));
#10913 = VECTOR('',#10912,1.);
#10914 = LINE('',#10904,#10913);
#10915 = EDGE_CURVE('',#10905,#10907,#10914,.T.);
#10916 = ORIENTED_EDGE('',*,*,#10915,.T.);
#10917 = DIRECTION('',(0.46621205975657015,-0.46621205975656993,0.7518594487502784));
#10918 = VECTOR('',#10917,1.);
#10919 = LINE('',#10908,#10918);
#10920 = EDGE_CURVE('',#10909,#10907,#10919,.T.);
#10921 = ORIENTED_EDGE('',*,*,#10920,.F.);
#10922 = DIRECTION('',(1.,0.,0.));
#10923 = VECTOR('',#10922,1.);
#10924 = LINE('',#10910,#10923);
#10925 = EDGE_CURVE('',#10911,#10909,#10924,.T.);
#10926 = ORIENTED_EDGE('',*,*,#10925,.F.);
#10927 = DIRECTION('',(0.46621205975657015,0.46621205975656993,-0.7518594487502784));
#10928 = VECTOR('',#10927,1.);
#10929 = LINE('',#10904,#10928);
#10930 = EDGE_CURVE('',#10905,#10911,#10929,.T.);
#10931 = ORIENTED_EDGE('',*,*,#10930,.F.);
#10932 = CARTESIAN_POINT('',(8.0395,-0.8504999999999999,4.995));
#10933 = DIRECTION('',(0.,0.849872720784639,0.5269880059983483));
#10934 = DIRECTION('',(1.,0.,0.));
#10935 = AXIS2_PLACEMENT_3D('',#10932,#10933,#10934);
#10936 = PLANE('',#10935);
#10937 = EDGE_LOOP('',(#10916,#10921,#10926,#10931));
#10938 = FACE_OUTER_BOUND('',#10937,.T.);
#10939 = ADVANCED_FACE('',(#10938),#10936,.T.);
#10940 = CARTESIAN_POINT('',(8.4175,0.4725,4.3854));
#10941 = VERTEX_POINT('',#10940);
#10942 = CARTESIAN_POINT('',(8.0395,0.8504999999999999,4.995));
#10943 = VERTEX_POINT('',#10942);
#10944 = DIRECTION('',(0.46621205975657015,-0.46621205975656993,-0.7518594487502784));
#10945 = VECTOR('',#10944,1.);
#10946 = LINE('',#10942,#10945);
#10947 = EDGE_CURVE('',#10943,#10941,#10946,.T.);
#10948 = ORIENTED_EDGE('',*,*,#10947,.F.);
#10949 = DIRECTION('',(0.,1.,0.));
#10950 = VECTOR('',#10949,1.);
#10951 = LINE('',#10904,#10950);
#10952 = EDGE_CURVE('',#10905,#10943,#10951,.T.);
#10953 = ORIENTED_EDGE('',*,*,#10952,.F.);
#10954 = ORIENTED_EDGE('',*,*,#10930,.T.);
#10955 = DIRECTION('',(0.,1.,0.));
#10956 = VECTOR('',#10955,1.);
#10957 = LINE('',#10910,#10956);
#10958 = EDGE_CURVE('',#10911,#10941,#10957,.T.);
#10959 = ORIENTED_EDGE('',*,*,#10958,.T.);
#10960 = CARTESIAN_POINT('',(8.4175,0.4725,4.3854));
#10961 = DIRECTION('',(0.8498727207846386,0.,0.5269880059983487));
#10962 = DIRECTION('',(-0.46621205975657015,0.46621205975656993,0.7518594487502784));
#10963 = AXIS2_PLACEMENT_3D('',#10960,#10961,#10962);
#10964 = PLANE('',#10963);
#10965 = EDGE_LOOP('',(#10948,#10953,#10954,#10959));
#10966 = FACE_OUTER_BOUND('',#10965,.T.);
#10967 = ADVANCED_FACE('',(#10966),#10964,.T.);
#10968 = CARTESIAN_POINT('',(9.7405,0.8504999999999999,4.995));
#10969 = VERTEX_POINT('',#10968);
#10970 = CARTESIAN_POINT('',(9.3625,0.4725,4.3854));
#10971 = VERTEX_POINT('',#10970);
#10972 = DIRECTION('',(1.,0.,0.));
#10973 = VECTOR('',#10972,1.);
#10974 = LINE('',#10942,#10973);
#10975 = EDGE_CURVE('',#10943,#10969,#10974,.T.);
#10976 = ORIENTED_EDGE('',*,*,#10975,.F.);
#10977 = ORIENTED_EDGE('',*,*,#10947,.T.);
#10978 = DIRECTION('',(1.,0.,0.));
#10979 = VECTOR('',#10978,1.);
#10980 = LINE('',#10940,#10979);
#10981 = EDGE_CURVE('',#10941,#10971,#10980,.T.);
#10982 = ORIENTED_EDGE('',*,*,#10981,.T.);
#10983 = DIRECTION('',(0.46621205975657015,0.46621205975656993,0.7518594487502784));
#10984 = VECTOR('',#10983,1.);
#10985 = LINE('',#10970,#10984);
#10986 = EDGE_CURVE('',#10971,#10969,#10985,.T.);
#10987 = ORIENTED_EDGE('',*,*,#10986,.T.);
#10988 = CARTESIAN_POINT('',(9.7405,0.8504999999999999,4.995));
#10989 = DIRECTION('',(0.,-0.849872720784639,0.5269880059983483));
#10990 = DIRECTION('',(-1.,0.,0.));
#10991 = AXIS2_PLACEMENT_3D('',#10988,#10989,#10990);
#10992 = PLANE('',#10991);
#10993 = EDGE_LOOP('',(#10976,#10977,#10982,#10987));
#10994 = FACE_OUTER_BOUND('',#10993,.T.);
#10995 = ADVANCED_FACE('',(#10994),#10992,.T.);
#10996 = ORIENTED_EDGE('',*,*,#10920,.T.);
#10997 = DIRECTION('',(0.,1.,0.));
#10998 = VECTOR('',#10997,1.);
#10999 = LINE('',#10906,#10998);
#11000 = EDGE_CURVE('',#10907,#10969,#10999,.T.);
#11001 = ORIENTED_EDGE('',*,*,#11000,.T.);
#11002 = ORIENTED_EDGE('',*,*,#10986,.F.);
#11003 = DIRECTION('',(0.,1.,0.));
#11004 = VECTOR('',#11003,1.);
#11005 = LINE('',#10908,#11004);
#11006 = EDGE_CURVE('',#10909,#10971,#11005,.T.);
#11007 = ORIENTED_EDGE('',*,*,#11006,.F.);
#11008 = CARTESIAN_POINT('',(9.3625,-0.4725,4.3854));
#11009 = DIRECTION('',(-0.8498727207846386,0.,0.5269880059983487));
#11010 = DIRECTION('',(0.46621205975657015,-0.46621205975656993,0.7518594487502784));
#11011 = AXIS2_PLACEMENT_3D('',#11008,#11009,#11010);
#11012 = PLANE('',#11011);
#11013 = EDGE_LOOP('',(#10996,#11001,#11002,#11007));
#11014 = FACE_OUTER_BOUND('',#11013,.T.);
#11015 = ADVANCED_FACE('',(#11014),#11012,.T.);
#11016 = CARTESIAN_POINT('',(9.7405,-0.8504999999999999,5.));
#11017 = VERTEX_POINT('',#11016);
#11018 = CARTESIAN_POINT('',(8.0395,-0.8504999999999999,5.));
#11019 = VERTEX_POINT('',#11018);
#11020 = DIRECTION('',(0.,0.,1.));
#11021 = VECTOR('',#11020,1.);
#11022 = LINE('',#10906,#11021);
#11023 = EDGE_CURVE('',#10907,#11017,#11022,.T.);
#11024 = ORIENTED_EDGE('',*,*,#11023,.F.);
#11025 = ORIENTED_EDGE('',*,*,#10915,.F.);
#11026 = DIRECTION('',(0.,0.,1.));
#11027 = VECTOR('',#11026,1.);
#11028 = LINE('',#10904,#11027);
#11029 = EDGE_CURVE('',#10905,#11019,#11028,.T.);
#11030 = ORIENTED_EDGE('',*,*,#11029,.T.);
#11031 = DIRECTION('',(1.,0.,0.));
#11032 = VECTOR('',#11031,1.);
#11033 = LINE('',#11018,#11032);
#11034 = EDGE_CURVE('',#11019,#11017,#11033,.T.);
#11035 = ORIENTED_EDGE('',*,*,#11034,.T.);
#11036 = CARTESIAN_POINT('',(9.7405,-0.8504999999999999,5.));
#11037 = DIRECTION('',(0.,1.,0.));
#11038 = DIRECTION('',(0.,0.,-1.));
#11039 = AXIS2_PLACEMENT_3D('',#11036,#11037,#11038);
#11040 = PLANE('',#11039);
#11041 = EDGE_LOOP('',(#11024,#11025,#11030,#11035));
#11042 = FACE_OUTER_BOUND('',#11041,.T.);
#11043 = ADVANCED_FACE('',(#11042),#11040,.T.);
#11044 = CARTESIAN_POINT('',(8.0395,0.8504999999999999,5.));
#11045 = VERTEX_POINT('',#11044);
#11046 = ORIENTED_EDGE('',*,*,#11029,.F.);
#11047 = ORIENTED_EDGE('',*,*,#10952,.T.);
#11048 = DIRECTION('',(0.,0.,1.));
#11049 = VECTOR('',#11048,1.);
#11050 = LINE('',#10942,#11049);
#11051 = EDGE_CURVE('',#10943,#11045,#11050,.T.);
#11052 = ORIENTED_EDGE('',*,*,#11051,.T.);
#11053 = DIRECTION('',(0.,1.,0.));
#11054 = VECTOR('',#11053,1.);
#11055 = LINE('',#11018,#11054);
#11056 = EDGE_CURVE('',#11019,#11045,#11055,.T.);
#11057 = ORIENTED_EDGE('',*,*,#11056,.F.);
#11058 = CARTESIAN_POINT('',(8.0395,-0.8504999999999999,5.));
#11059 = DIRECTION('',(1.,0.,0.));
#11060 = DIRECTION('',(0.,0.,-1.));
#11061 = AXIS2_PLACEMENT_3D('',#11058,#11059,#11060);
#11062 = PLANE('',#11061);
#11063 = EDGE_LOOP('',(#11046,#11047,#11052,#11057));
#11064 = FACE_OUTER_BOUND('',#11063,.T.);
#11065 = ADVANCED_FACE('',(#11064),#11062,.T.);
#11066 = CARTESIAN_POINT('',(9.7405,0.8504999999999999,5.));
#11067 = VERTEX_POINT('',#11066);
#11068 = DIRECTION('',(0.,0.,1.));
#11069 = VECTOR('',#11068,1.);
#11070 = LINE('',#10968,#11069);
#11071 = EDGE_CURVE('',#10969,#11067,#11070,.T.);
#11072 = ORIENTED_EDGE('',*,*,#11071,.F.);
#11073 = ORIENTED_EDGE('',*,*,#11000,.F.);
#11074 = ORIENTED_EDGE('',*,*,#11023,.T.);
#11075 = DIRECTION('',(0.,1.,0.));
#11076 = VECTOR('',#11075,1.);
#11077 = LINE('',#11016,#11076);
#11078 = EDGE_CURVE('',#11017,#11067,#11077,.T.);
#11079 = ORIENTED_EDGE('',*,*,#11078,.T.);
#11080 = CARTESIAN_POINT('',(9.7405,0.8504999999999999,5.));
#11081 = DIRECTION('',(-1.,0.,0.));
#11082 = DIRECTION('',(0.,0.,-1.));
#11083 = AXIS2_PLACEMENT_3D('',#11080,#11081,#11082);
#11084 = PLANE('',#11083);
#11085 = EDGE_LOOP('',(#11072,#11073,#11074,#11079));
#11086 = FACE_OUTER_BOUND('',#11085,.T.);
#11087 = ADVANCED_FACE('',(#11086),#11084,.T.);
#11088 = ORIENTED_EDGE('',*,*,#11051,.F.);
#11089 = ORIENTED_EDGE('',*,*,#10975,.T.);
#11090 = ORIENTED_EDGE('',*,*,#11071,.T.);
#11091 = DIRECTION('',(1.,0.,0.));
#11092 = VECTOR('',#11091,1.);
#11093 = LINE('',#11044,#11092);
#11094 = EDGE_CURVE('',#11045,#11067,#11093,.T.);
#11095 = ORIENTED_EDGE('',*,*,#11094,.F.);
#11096 = CARTESIAN_POINT('',(8.0395,0.8504999999999999,5.));
#11097 = DIRECTION('',(0.,-1.,0.));
#11098 = DIRECTION('',(0.,0.,-1.));
#11099 = AXIS2_PLACEMENT_3D('',#11096,#11097,#11098);
#11100 = PLANE('',#11099);
#11101 = EDGE_LOOP('',(#11088,#11089,#11090,#11095));
#11102 = FACE_OUTER_BOUND('',#11101,.T.);
#11103 = ADVANCED_FACE('',(#11102),#11100,.T.);
#11104 = DIRECTION('',(0.,0.,1.));
#11105 = VECTOR('',#11104,1.);
#11106 = LINE('',#10842,#11105);
#11107 = EDGE_CURVE('',#10843,#10911,#11106,.T.);
#11108 = ORIENTED_EDGE('',*,*,#11107,.F.);
#11109 = ORIENTED_EDGE('',*,*,#10847,.T.);
#11110 = DIRECTION('',(0.,0.,1.));
#11111 = VECTOR('',#11110,1.);
#11112 = LINE('',#10814,#11111);
#11113 = EDGE_CURVE('',#10815,#10941,#11112,.T.);
#11114 = ORIENTED_EDGE('',*,*,#11113,.T.);
#11115 = ORIENTED_EDGE('',*,*,#10958,.F.);
#11116 = CARTESIAN_POINT('',(8.4175,-0.4725,4.385399999999999));
#11117 = DIRECTION('',(1.,0.,0.));
#11118 = DIRECTION('',(0.,0.,-1.));
#11119 = AXIS2_PLACEMENT_3D('',#11116,#11117,#11118);
#11120 = PLANE('',#11119);
#11121 = EDGE_LOOP('',(#11108,#11109,#11114,#11115));
#11122 = FACE_OUTER_BOUND('',#11121,.T.);
#11123 = ADVANCED_FACE('',(#11122),#11120,.T.);
#11124 = ORIENTED_EDGE('',*,*,#11006,.T.);
#11125 = DIRECTION('',(0.,0.,1.));
#11126 = VECTOR('',#11125,1.);
#11127 = LINE('',#10812,#11126);
#11128 = EDGE_CURVE('',#10813,#10971,#11127,.T.);
#11129 = ORIENTED_EDGE('',*,*,#11128,.F.);
#11130 = ORIENTED_EDGE('',*,*,#10875,.F.);
#11131 = DIRECTION('',(0.,0.,1.));
#11132 = VECTOR('',#11131,1.);
#11133 = LINE('',#10864,#11132);
#11134 = EDGE_CURVE('',#10865,#10909,#11133,.T.);
#11135 = ORIENTED_EDGE('',*,*,#11134,.T.);
#11136 = CARTESIAN_POINT('',(9.3625,-0.4725,4.385399999999999));
#11137 = DIRECTION('',(-1.,0.,0.));
#11138 = DIRECTION('',(0.,1.,0.));
#11139 = AXIS2_PLACEMENT_3D('',#11136,#11137,#11138);
#11140 = PLANE('',#11139);
#11141 = EDGE_LOOP('',(#11124,#11129,#11130,#11135));
#11142 = FACE_OUTER_BOUND('',#11141,.T.);
#11143 = ADVANCED_FACE('',(#11142),#11140,.T.);
#11144 = ORIENTED_EDGE('',*,*,#11134,.F.);
#11145 = ORIENTED_EDGE('',*,*,#10893,.F.);
#11146 = ORIENTED_EDGE('',*,*,#11107,.T.);
#11147 = ORIENTED_EDGE('',*,*,#10925,.T.);
#11148 = CARTESIAN_POINT('',(9.3625,-0.4725,4.385399999999999));
#11149 = DIRECTION('',(0.,1.,0.));
#11150 = DIRECTION('',(0.,0.,-1.));
#11151 = AXIS2_PLACEMENT_3D('',#11148,#11149,#11150);
#11152 = PLANE('',#11151);
#11153 = EDGE_LOOP('',(#11144,#11145,#11146,#11147));
#11154 = FACE_OUTER_BOUND('',#11153,.T.);
#11155 = ADVANCED_FACE('',(#11154),#11152,.T.);
#11156 = ORIENTED_EDGE('',*,*,#11113,.F.);
#11157 = ORIENTED_EDGE('',*,*,#10825,.T.);
#11158 = ORIENTED_EDGE('',*,*,#11128,.T.);
#11159 = ORIENTED_EDGE('',*,*,#10981,.F.);
#11160 = CARTESIAN_POINT('',(8.4175,0.4725,4.385399999999999));
#11161 = DIRECTION('',(0.,-1.,0.));
#11162 = DIRECTION('',(0.,0.,-1.));
#11163 = AXIS2_PLACEMENT_3D('',#11160,#11161,#11162);
#11164 = PLANE('',#11163);
#11165 = EDGE_LOOP('',(#11156,#11157,#11158,#11159));
#11166 = FACE_OUTER_BOUND('',#11165,.T.);
#11167 = ADVANCED_FACE('',(#11166),#11164,.T.);
#11168 = ORIENTED_EDGE('',*,*,#10678,.F.);
#11169 = DIRECTION('',(1.,0.,0.));
#11170 = VECTOR('',#11169,1.);
#11171 = LINE('',#10650,#11170);
#11172 = EDGE_CURVE('',#10651,#11045,#11171,.T.);
#11173 = ORIENTED_EDGE('',*,*,#11172,.T.);
#11174 = ORIENTED_EDGE('',*,*,#11094,.T.);
#11175 = DIRECTION('',(-1.,0.,0.));
#11176 = VECTOR('',#11175,1.);
#11177 = LINE('',#10718,#11176);
#11178 = EDGE_CURVE('',#10719,#11067,#11177,.T.);
#11179 = ORIENTED_EDGE('',*,*,#11178,.F.);
#11180 = ORIENTED_EDGE('',*,*,#10747,.T.);
#11181 = ORIENTED_EDGE('',*,*,#10796,.T.);
#11182 = CARTESIAN_POINT('',(7.620000000000001,1.27,5.));
#11183 = DIRECTION('',(0.,0.,1.));
#11184 = DIRECTION('',(0.,-1.,0.));
#11185 = AXIS2_PLACEMENT_3D('',#11182,#11183,#11184);
#11186 = PLANE('',#11185);
#11187 = EDGE_LOOP('',(#11168,#11173,#11174,#11179,#11180,#11181));
#11188 = FACE_OUTER_BOUND('',#11187,.T.);
#11189 = ADVANCED_FACE('',(#11188),#11186,.T.);
#11190 = ORIENTED_EDGE('',*,*,#11078,.F.);
#11191 = DIRECTION('',(-1.,0.,0.));
#11192 = VECTOR('',#11191,1.);
#11193 = LINE('',#10720,#11192);
#11194 = EDGE_CURVE('',#10721,#11017,#11193,.T.);
#11195 = ORIENTED_EDGE('',*,*,#11194,.F.);
#11196 = ORIENTED_EDGE('',*,*,#10752,.T.);
#11197 = ORIENTED_EDGE('',*,*,#11178,.T.);
#11198 = CARTESIAN_POINT('',(9.7405,0.8504999999999999,5.));
#11199 = DIRECTION('',(0.,0.,1.));
#11200 = DIRECTION('',(0.,-1.,0.));
#11201 = AXIS2_PLACEMENT_3D('',#11198,#11199,#11200);
#11202 = PLANE('',#11201);
#11203 = EDGE_LOOP('',(#11190,#11195,#11196,#11197));
#11204 = FACE_OUTER_BOUND('',#11203,.T.);
#11205 = ADVANCED_FACE('',(#11204),#11202,.T.);
#11206 = ORIENTED_EDGE('',*,*,#10673,.F.);
#11207 = DIRECTION('',(1.,0.,0.));
#11208 = VECTOR('',#11207,1.);
#11209 = LINE('',#10648,#11208);
#11210 = EDGE_CURVE('',#10649,#11019,#11209,.T.);
#11211 = ORIENTED_EDGE('',*,*,#11210,.T.);
#11212 = ORIENTED_EDGE('',*,*,#11056,.T.);
#11213 = ORIENTED_EDGE('',*,*,#11172,.F.);
#11214 = CARTESIAN_POINT('',(7.620000000000001,0.8504999999999999,5.));
#11215 = DIRECTION('',(0.,0.,1.));
#11216 = DIRECTION('',(0.,-1.,0.));
#11217 = AXIS2_PLACEMENT_3D('',#11214,#11215,#11216);
#11218 = PLANE('',#11217);
#11219 = EDGE_LOOP('',(#11206,#11211,#11212,#11213));
#11220 = FACE_OUTER_BOUND('',#11219,.T.);
#11221 = ADVANCED_FACE('',(#11220),#11218,.T.);
#11222 = ORIENTED_EDGE('',*,*,#10668,.T.);
#11223 = ORIENTED_EDGE('',*,*,#10781,.F.);
#11224 = ORIENTED_EDGE('',*,*,#10757,.F.);
#11225 = ORIENTED_EDGE('',*,*,#11194,.T.);
#11226 = ORIENTED_EDGE('',*,*,#11034,.F.);
#11227 = ORIENTED_EDGE('',*,*,#11210,.F.);
#11228 = CARTESIAN_POINT('',(7.620000000000001,-0.8504999999999999,5.));
#11229 = DIRECTION('',(0.,0.,1.));
#11230 = DIRECTION('',(0.,-1.,0.));
#11231 = AXIS2_PLACEMENT_3D('',#11228,#11229,#11230);
#11232 = PLANE('',#11231);
#11233 = EDGE_LOOP('',(#11222,#11223,#11224,#11225,#11226,#11227));
#11234 = FACE_OUTER_BOUND('',#11233,.T.);
#11235 = ADVANCED_FACE('',(#11234),#11232,.T.);
#11236 = CLOSED_SHELL('',(#10707,#10771,#10791,#10811,#10841,#10863,#10885,#10903,#10939,#10967,#10995,#11015,#11043,#11065,#11087,#11103,#11123,#11143,#11155,#11167,#11189,#11205,#11221,#11235));
#11237 = MANIFOLD_SOLID_BREP('',#11236);
#11238 = COLOUR_RGB('',0.10196078431372549,0.10196078431372549,0.10196078431372549);
#11239 = FILL_AREA_STYLE_COLOUR('',#11238);
#11240 = FILL_AREA_STYLE('',(#11239));
#11241 = SURFACE_STYLE_FILL_AREA(#11240);
#11242 = SURFACE_SIDE_STYLE('',(#11241));
#11243 = SURFACE_STYLE_USAGE(.BOTH.,#11242);
#11244 = PRESENTATION_STYLE_ASSIGNMENT((#11243));
#11245 = STYLED_ITEM('',(#11244),#11237);
#11246 = CARTESIAN_POINT('',(9.205,-0.315,0.));
#11247 = VERTEX_POINT('',#11246);
#11248 = CARTESIAN_POINT('',(8.575000000000001,-0.315,0.));
#11249 = VERTEX_POINT('',#11248);
#11250 = CARTESIAN_POINT('',(8.575000000000001,-0.315,-2.7));
#11251 = VERTEX_POINT('',#11250);
#11252 = CARTESIAN_POINT('',(9.205,-0.315,-2.7));
#11253 = VERTEX_POINT('',#11252);
#11254 = DIRECTION('',(1.,0.,0.));
#11255 = VECTOR('',#11254,1.);
#11256 = LINE('',#11248,#11255);
#11257 = EDGE_CURVE('',#11249,#11247,#11256,.T.);
#11258 = ORIENTED_EDGE('',*,*,#11257,.F.);
#11259 = DIRECTION('',(0.,0.,1.));
#11260 = VECTOR('',#11259,1.);
#11261 = LINE('',#11250,#11260);
#11262 = EDGE_CURVE('',#11251,#11249,#11261,.T.);
#11263 = ORIENTED_EDGE('',*,*,#11262,.F.);
#11264 = DIRECTION('',(1.,0.,0.));
#11265 = VECTOR('',#11264,1.);
#11266 = LINE('',#11250,#11265);
#11267 = EDGE_CURVE('',#11251,#11253,#11266,.T.);
#11268 = ORIENTED_EDGE('',*,*,#11267,.T.);
#11269 = DIRECTION('',(0.,0.,1.));
#11270 = VECTOR('',#11269,1.);
#11271 = LINE('',#11252,#11270);
#11272 = EDGE_CURVE('',#11253,#11247,#11271,.T.);
#11273 = ORIENTED_EDGE('',*,*,#11272,.T.);
#11274 = CARTESIAN_POINT('',(9.205,-0.315,0.));
#11275 = DIRECTION('',(0.,-1.,0.));
#11276 = DIRECTION('',(-1.,0.,0.));
#11277 = AXIS2_PLACEMENT_3D('',#11274,#11275,#11276);
#11278 = PLANE('',#11277);
#11279 = EDGE_LOOP('',(#11258,#11263,#11268,#11273));
#11280 = FACE_OUTER_BOUND('',#11279,.T.);
#11281 = ADVANCED_FACE('',(#11280),#11278,.T.);
#11282 = CARTESIAN_POINT('',(9.205,0.315,-2.7));
#11283 = VERTEX_POINT('',#11282);
#11284 = CARTESIAN_POINT('',(9.205,0.315,0.));
#11285 = VERTEX_POINT('',#11284);
#11286 = ORIENTED_EDGE('',*,*,#11272,.F.);
#11287 = DIRECTION('',(0.,1.,0.));
#11288 = VECTOR('',#11287,1.);
#11289 = LINE('',#11252,#11288);
#11290 = EDGE_CURVE('',#11253,#11283,#11289,.T.);
#11291 = ORIENTED_EDGE('',*,*,#11290,.T.);
#11292 = DIRECTION('',(0.,0.,1.));
#11293 = VECTOR('',#11292,1.);
#11294 = LINE('',#11282,#11293);
#11295 = EDGE_CURVE('',#11283,#11285,#11294,.T.);
#11296 = ORIENTED_EDGE('',*,*,#11295,.T.);
#11297 = DIRECTION('',(0.,1.,0.));
#11298 = VECTOR('',#11297,1.);
#11299 = LINE('',#11246,#11298);
#11300 = EDGE_CURVE('',#11247,#11285,#11299,.T.);
#11301 = ORIENTED_EDGE('',*,*,#11300,.F.);
#11302 = CARTESIAN_POINT('',(9.205,-0.315,0.));
#11303 = DIRECTION('',(1.,0.,0.));
#11304 = DIRECTION('',(0.,0.,-1.));
#11305 = AXIS2_PLACEMENT_3D('',#11302,#11303,#11304);
#11306 = PLANE('',#11305);
#11307 = EDGE_LOOP('',(#11286,#11291,#11296,#11301));
#11308 = FACE_OUTER_BOUND('',#11307,.T.);
#11309 = ADVANCED_FACE('',(#11308),#11306,.T.);
#11310 = CARTESIAN_POINT('',(9.065000000000001,-0.175,-3.));
#11311 = VERTEX_POINT('',#11310);
#11312 = CARTESIAN_POINT('',(8.715,-0.175,-3.));
#11313 = VERTEX_POINT('',#11312);
#11314 = DIRECTION('',(0.3894904188522574,-0.38949041885226077,0.8346223261119867));
#11315 = VECTOR('',#11314,1.);
#11316 = LINE('',#11310,#11315);
#11317 = EDGE_CURVE('',#11311,#11253,#11316,.T.);
#11318 = ORIENTED_EDGE('',*,*,#11317,.T.);
#11319 = ORIENTED_EDGE('',*,*,#11267,.F.);
#11320 = DIRECTION('',(0.3894904188522574,0.38949041885226077,-0.8346223261119867));
#11321 = VECTOR('',#11320,1.);
#11322 = LINE('',#11250,#11321);
#11323 = EDGE_CURVE('',#11251,#11313,#11322,.T.);
#11324 = ORIENTED_EDGE('',*,*,#11323,.T.);
#11325 = DIRECTION('',(1.,0.,0.));
#11326 = VECTOR('',#11325,1.);
#11327 = LINE('',#11312,#11326);
#11328 = EDGE_CURVE('',#11313,#11311,#11327,.T.);
#11329 = ORIENTED_EDGE('',*,*,#11328,.T.);
#11330 = CARTESIAN_POINT('',(9.065000000000001,-0.175,-3.));
#11331 = DIRECTION('',(0.,-0.9061831399952663,-0.42288546533112226));
#11332 = DIRECTION('',(0.3894904188522574,-0.38949041885226077,0.8346223261119867));
#11333 = AXIS2_PLACEMENT_3D('',#11330,#11331,#11332);
#11334 = PLANE('',#11333);
#11335 = EDGE_LOOP('',(#11318,#11319,#11324,#11329));
#11336 = FACE_OUTER_BOUND('',#11335,.T.);
#11337 = ADVANCED_FACE('',(#11336),#11334,.T.);
#11338 = CARTESIAN_POINT('',(8.575000000000001,0.315,0.));
#11339 = VERTEX_POINT('',#11338);
#11340 = CARTESIAN_POINT('',(8.575000000000001,0.315,-2.7));
#11341 = VERTEX_POINT('',#11340);
#11342 = DIRECTION('',(1.,0.,0.));
#11343 = VECTOR('',#11342,1.);
#11344 = LINE('',#11338,#11343);
#11345 = EDGE_CURVE('',#11339,#11285,#11344,.T.);
#11346 = ORIENTED_EDGE('',*,*,#11345,.T.);
#11347 = ORIENTED_EDGE('',*,*,#11295,.F.);
#11348 = DIRECTION('',(1.,0.,0.));
#11349 = VECTOR('',#11348,1.);
#11350 = LINE('',#11340,#11349);
#11351 = EDGE_CURVE('',#11341,#11283,#11350,.T.);
#11352 = ORIENTED_EDGE('',*,*,#11351,.F.);
#11353 = DIRECTION('',(0.,0.,1.));
#11354 = VECTOR('',#11353,1.);
#11355 = LINE('',#11340,#11354);
#11356 = EDGE_CURVE('',#11341,#11339,#11355,.T.);
#11357 = ORIENTED_EDGE('',*,*,#11356,.T.);
#11358 = CARTESIAN_POINT('',(8.575000000000001,0.315,0.));
#11359 = DIRECTION('',(0.,1.,0.));
#11360 = DIRECTION('',(1.,0.,0.));
#11361 = AXIS2_PLACEMENT_3D('',#11358,#11359,#11360);
#11362 = PLANE('',#11361);
#11363 = EDGE_LOOP('',(#11346,#11347,#11352,#11357));
#11364 = FACE_OUTER_BOUND('',#11363,.T.);
#11365 = ADVANCED_FACE('',(#11364),#11362,.T.);
#11366 = ORIENTED_EDGE('',*,*,#11356,.F.);
#11367 = DIRECTION('',(0.,1.,0.));
#11368 = VECTOR('',#11367,1.);
#11369 = LINE('',#11250,#11368);
#11370 = EDGE_CURVE('',#11251,#11341,#11369,.T.);
#11371 = ORIENTED_EDGE('',*,*,#11370,.F.);
#11372 = ORIENTED_EDGE('',*,*,#11262,.T.);
#11373 = DIRECTION('',(0.,1.,0.));
#11374 = VECTOR('',#11373,1.);
#11375 = LINE('',#11248,#11374);
#11376 = EDGE_CURVE('',#11249,#11339,#11375,.T.);
#11377 = ORIENTED_EDGE('',*,*,#11376,.T.);
#11378 = CARTESIAN_POINT('',(8.575000000000001,0.315,0.));
#11379 = DIRECTION('',(-1.,0.,0.));
#11380 = DIRECTION('',(0.,0.,-1.));
#11381 = AXIS2_PLACEMENT_3D('',#11378,#11379,#11380);
#11382 = PLANE('',#11381);
#11383 = EDGE_LOOP('',(#11366,#11371,#11372,#11377));
#11384 = FACE_OUTER_BOUND('',#11383,.T.);
#11385 = ADVANCED_FACE('',(#11384),#11382,.T.);
#11386 = ORIENTED_EDGE('',*,*,#11376,.F.);
#11387 = ORIENTED_EDGE('',*,*,#11257,.T.);
#11388 = ORIENTED_EDGE('',*,*,#11300,.T.);
#11389 = ORIENTED_EDGE('',*,*,#11345,.F.);
#11390 = CARTESIAN_POINT('',(8.575000000000001,0.315,0.));
#11391 = DIRECTION('',(0.,0.,1.));
#11392 = DIRECTION('',(0.,-1.,0.));
#11393 = AXIS2_PLACEMENT_3D('',#11390,#11391,#11392);
#11394 = PLANE('',#11393);
#11395 = EDGE_LOOP('',(#11386,#11387,#11388,#11389));
#11396 = FACE_OUTER_BOUND('',#11395,.T.);
#11397 = ADVANCED_FACE('',(#11396),#11394,.T.);
#11398 = CARTESIAN_POINT('',(9.065000000000001,0.175,-3.));
#11399 = VERTEX_POINT('',#11398);
#11400 = DIRECTION('',(0.3894904188522574,0.38949041885226077,0.8346223261119867));
#11401 = VECTOR('',#11400,1.);
#11402 = LINE('',#11398,#11401);
#11403 = EDGE_CURVE('',#11399,#11283,#11402,.T.);
#11404 = ORIENTED_EDGE('',*,*,#11403,.T.);
#11405 = ORIENTED_EDGE('',*,*,#11290,.F.);
#11406 = ORIENTED_EDGE('',*,*,#11317,.F.);
#11407 = DIRECTION('',(0.,1.,0.));
#11408 = VECTOR('',#11407,1.);
#11409 = LINE('',#11310,#11408);
#11410 = EDGE_CURVE('',#11311,#11399,#11409,.T.);
#11411 = ORIENTED_EDGE('',*,*,#11410,.T.);
#11412 = CARTESIAN_POINT('',(9.065000000000001,0.175,-3.));
#11413 = DIRECTION('',(0.9061831399952666,0.,-0.42288546533112137));
#11414 = DIRECTION('',(0.3894904188522574,0.38949041885226077,0.8346223261119867));
#11415 = AXIS2_PLACEMENT_3D('',#11412,#11413,#11414);
#11416 = PLANE('',#11415);
#11417 = EDGE_LOOP('',(#11404,#11405,#11406,#11411));
#11418 = FACE_OUTER_BOUND('',#11417,.T.);
#11419 = ADVANCED_FACE('',(#11418),#11416,.T.);
#11420 = CARTESIAN_POINT('',(8.715,0.175,-3.));
#11421 = VERTEX_POINT('',#11420);
#11422 = DIRECTION('',(0.3894904188522574,-0.38949041885226077,-0.8346223261119867));
#11423 = VECTOR('',#11422,1.);
#11424 = LINE('',#11340,#11423);
#11425 = EDGE_CURVE('',#11341,#11421,#11424,.T.);
#11426 = ORIENTED_EDGE('',*,*,#11425,.F.);
#11427 = ORIENTED_EDGE('',*,*,#11351,.T.);
#11428 = ORIENTED_EDGE('',*,*,#11403,.F.);
#11429 = DIRECTION('',(1.,0.,0.));
#11430 = VECTOR('',#11429,1.);
#11431 = LINE('',#11420,#11430);
#11432 = EDGE_CURVE('',#11421,#11399,#11431,.T.);
#11433 = ORIENTED_EDGE('',*,*,#11432,.F.);
#11434 = CARTESIAN_POINT('',(8.715,0.175,-3.));
#11435 = DIRECTION('',(0.,0.9061831399952663,-0.42288546533112226));
#11436 = DIRECTION('',(-0.3894904188522574,0.38949041885226077,0.8346223261119867));
#11437 = AXIS2_PLACEMENT_3D('',#11434,#11435,#11436);
#11438 = PLANE('',#11437);
#11439 = EDGE_LOOP('',(#11426,#11427,#11428,#11433));
#11440 = FACE_OUTER_BOUND('',#11439,.T.);
#11441 = ADVANCED_FACE('',(#11440),#11438,.T.);
#11442 = ORIENTED_EDGE('',*,*,#11432,.T.);
#11443 = ORIENTED_EDGE('',*,*,#11410,.F.);
#11444 = ORIENTED_EDGE('',*,*,#11328,.F.);
#11445 = DIRECTION('',(0.,1.,0.));
#11446 = VECTOR('',#11445,1.);
#11447 = LINE('',#11312,#11446);
#11448 = EDGE_CURVE('',#11313,#11421,#11447,.T.);
#11449 = ORIENTED_EDGE('',*,*,#11448,.T.);
#11450 = CARTESIAN_POINT('',(8.715,0.175,-3.));
#11451 = DIRECTION('',(0.,0.,-1.));
#11452 = DIRECTION('',(1.,0.,0.));
#11453 = AXIS2_PLACEMENT_3D('',#11450,#11451,#11452);
#11454 = PLANE('',#11453);
#11455 = EDGE_LOOP('',(#11442,#11443,#11444,#11449));
#11456 = FACE_OUTER_BOUND('',#11455,.T.);
#11457 = ADVANCED_FACE('',(#11456),#11454,.T.);
#11458 = ORIENTED_EDGE('',*,*,#11448,.F.);
#11459 = ORIENTED_EDGE('',*,*,#11323,.F.);
#11460 = ORIENTED_EDGE('',*,*,#11370,.T.);
#11461 = ORIENTED_EDGE('',*,*,#11425,.T.);
#11462 = CARTESIAN_POINT('',(8.715,0.175,-3.));
#11463 = DIRECTION('',(-0.9061831399952666,0.,-0.4228854653311212));
#11464 = DIRECTION('',(0.,-1.,0.));
#11465 = AXIS2_PLACEMENT_3D('',#11462,#11463,#11464);
#11466 = PLANE('',#11465);
#11467 = EDGE_LOOP('',(#11458,#11459,#11460,#11461));
#11468 = FACE_OUTER_BOUND('',#11467,.T.);
#11469 = ADVANCED_FACE('',(#11468),#11466,.T.);
#11470 = CLOSED_SHELL('',(#11281,#11309,#11337,#11365,#11385,#11397,#11419,#11441,#11457,#11469));
#11471 = MANIFOLD_SOLID_BREP('',#11470);
#11472 = CARTESIAN_POINT('',(8.386000000000001,-0.504,0.));
#11473 = VERTEX_POINT('',#11472);
#11474 = CARTESIAN_POINT('',(8.386000000000001,-0.504,0.504));
#11475 = VERTEX_POINT('',#11474);
#11476 = CARTESIAN_POINT('',(8.386000000000001,0.504,0.504));
#11477 = VERTEX_POINT('',#11476);
#11478 = CARTESIAN_POINT('',(8.386000000000001,0.504,0.));
#11479 = VERTEX_POINT('',#11478);
#11480 = DIRECTION('',(0.,0.,1.));
#11481 = VECTOR('',#11480,1.);
#11482 = LINE('',#11472,#11481);
#11483 = EDGE_CURVE('',#11473,#11475,#11482,.T.);
#11484 = ORIENTED_EDGE('',*,*,#11483,.T.);
#11485 = DIRECTION('',(0.,1.,0.));
#11486 = VECTOR('',#11485,1.);
#11487 = LINE('',#11474,#11486);
#11488 = EDGE_CURVE('',#11475,#11477,#11487,.T.);
#11489 = ORIENTED_EDGE('',*,*,#11488,.T.);
#11490 = DIRECTION('',(0.,0.,1.));
#11491 = VECTOR('',#11490,1.);
#11492 = LINE('',#11478,#11491);
#11493 = EDGE_CURVE('',#11479,#11477,#11492,.T.);
#11494 = ORIENTED_EDGE('',*,*,#11493,.F.);
#11495 = DIRECTION('',(0.,1.,0.));
#11496 = VECTOR('',#11495,1.);
#11497 = LINE('',#11472,#11496);
#11498 = EDGE_CURVE('',#11473,#11479,#11497,.T.);
#11499 = ORIENTED_EDGE('',*,*,#11498,.F.);
#11500 = CARTESIAN_POINT('',(8.386000000000001,-0.504,0.));
#11501 = DIRECTION('',(-1.,0.,0.));
#11502 = DIRECTION('',(0.,0.,1.));
#11503 = AXIS2_PLACEMENT_3D('',#11500,#11501,#11502);
#11504 = PLANE('',#11503);
#11505 = EDGE_LOOP('',(#11484,#11489,#11494,#11499));
#11506 = FACE_OUTER_BOUND('',#11505,.T.);
#11507 = ADVANCED_FACE('',(#11506),#11504,.T.);
#11508 = CARTESIAN_POINT('',(9.394,-0.504,0.));
#11509 = VERTEX_POINT('',#11508);
#11510 = CARTESIAN_POINT('',(9.394,0.504,0.));
#11511 = VERTEX_POINT('',#11510);
#11512 = CARTESIAN_POINT('',(9.394,0.504,0.504));
#11513 = VERTEX_POINT('',#11512);
#11514 = CARTESIAN_POINT('',(9.394,-0.504,0.504));
#11515 = VERTEX_POINT('',#11514);
#11516 = DIRECTION('',(0.,1.,0.));
#11517 = VECTOR('',#11516,1.);
#11518 = LINE('',#11508,#11517);
#11519 = EDGE_CURVE('',#11509,#11511,#11518,.T.);
#11520 = ORIENTED_EDGE('',*,*,#11519,.T.);
#11521 = DIRECTION('',(0.,0.,1.));
#11522 = VECTOR('',#11521,1.);
#11523 = LINE('',#11510,#11522);
#11524 = EDGE_CURVE('',#11511,#11513,#11523,.T.);
#11525 = ORIENTED_EDGE('',*,*,#11524,.T.);
#11526 = DIRECTION('',(0.,1.,0.));
#11527 = VECTOR('',#11526,1.);
#11528 = LINE('',#11514,#11527);
#11529 = EDGE_CURVE('',#11515,#11513,#11528,.T.);
#11530 = ORIENTED_EDGE('',*,*,#11529,.F.);
#11531 = DIRECTION('',(0.,0.,1.));
#11532 = VECTOR('',#11531,1.);
#11533 = LINE('',#11508,#11532);
#11534 = EDGE_CURVE('',#11509,#11515,#11533,.T.);
#11535 = ORIENTED_EDGE('',*,*,#11534,.F.);
#11536 = CARTESIAN_POINT('',(9.394,-0.504,0.));
#11537 = DIRECTION('',(1.,0.,0.));
#11538 = DIRECTION('',(0.,1.,0.));
#11539 = AXIS2_PLACEMENT_3D('',#11536,#11537,#11538);
#11540 = PLANE('',#11539);
#11541 = EDGE_LOOP('',(#11520,#11525,#11530,#11535));
#11542 = FACE_OUTER_BOUND('',#11541,.T.);
#11543 = ADVANCED_FACE('',(#11542),#11540,.T.);
#11544 = DIRECTION('',(1.,0.,0.));
#11545 = VECTOR('',#11544,1.);
#11546 = LINE('',#11472,#11545);
#11547 = EDGE_CURVE('',#11473,#11509,#11546,.T.);
#11548 = ORIENTED_EDGE('',*,*,#11547,.T.);
#11549 = ORIENTED_EDGE('',*,*,#11534,.T.);
#11550 = DIRECTION('',(1.,0.,0.));
#11551 = VECTOR('',#11550,1.);
#11552 = LINE('',#11474,#11551);
#11553 = EDGE_CURVE('',#11475,#11515,#11552,.T.);
#11554 = ORIENTED_EDGE('',*,*,#11553,.F.);
#11555 = ORIENTED_EDGE('',*,*,#11483,.F.);
#11556 = CARTESIAN_POINT('',(8.386000000000001,-0.504,0.));
#11557 = DIRECTION('',(0.,-1.,0.));
#11558 = DIRECTION('',(1.,0.,0.));
#11559 = AXIS2_PLACEMENT_3D('',#11556,#11557,#11558);
#11560 = PLANE('',#11559);
#11561 = EDGE_LOOP('',(#11548,#11549,#11554,#11555));
#11562 = FACE_OUTER_BOUND('',#11561,.T.);
#11563 = ADVANCED_FACE('',(#11562),#11560,.T.);
#11564 = ORIENTED_EDGE('',*,*,#11493,.T.);
#11565 = DIRECTION('',(1.,0.,0.));
#11566 = VECTOR('',#11565,1.);
#11567 = LINE('',#11476,#11566);
#11568 = EDGE_CURVE('',#11477,#11513,#11567,.T.);
#11569 = ORIENTED_EDGE('',*,*,#11568,.T.);
#11570 = ORIENTED_EDGE('',*,*,#11524,.F.);
#11571 = DIRECTION('',(1.,0.,0.));
#11572 = VECTOR('',#11571,1.);
#11573 = LINE('',#11478,#11572);
#11574 = EDGE_CURVE('',#11479,#11511,#11573,.T.);
#11575 = ORIENTED_EDGE('',*,*,#11574,.F.);
#11576 = CARTESIAN_POINT('',(8.386000000000001,0.504,0.));
#11577 = DIRECTION('',(0.,1.,0.));
#11578 = DIRECTION('',(0.,0.,1.));
#11579 = AXIS2_PLACEMENT_3D('',#11576,#11577,#11578);
#11580 = PLANE('',#11579);
#11581 = EDGE_LOOP('',(#11564,#11569,#11570,#11575));
#11582 = FACE_OUTER_BOUND('',#11581,.T.);
#11583 = ADVANCED_FACE('',(#11582),#11580,.T.);
#11584 = ORIENTED_EDGE('',*,*,#11498,.T.);
#11585 = ORIENTED_EDGE('',*,*,#11574,.T.);
#11586 = ORIENTED_EDGE('',*,*,#11519,.F.);
#11587 = ORIENTED_EDGE('',*,*,#11547,.F.);
#11588 = CARTESIAN_POINT('',(8.386000000000001,-0.504,0.));
#11589 = DIRECTION('',(0.,0.,-1.));
#11590 = DIRECTION('',(0.,1.,0.));
#11591 = AXIS2_PLACEMENT_3D('',#11588,#11589,#11590);
#11592 = PLANE('',#11591);
#11593 = EDGE_LOOP('',(#11584,#11585,#11586,#11587));
#11594 = FACE_OUTER_BOUND('',#11593,.T.);
#11595 = ADVANCED_FACE('',(#11594),#11592,.T.);
#11596 = ORIENTED_EDGE('',*,*,#11553,.T.);
#11597 = ORIENTED_EDGE('',*,*,#11529,.T.);
#11598 = ORIENTED_EDGE('',*,*,#11568,.F.);
#11599 = ORIENTED_EDGE('',*,*,#11488,.F.);
#11600 = CARTESIAN_POINT('',(8.386000000000001,-0.504,0.504));
#11601 = DIRECTION('',(0.,0.,1.));
#11602 = DIRECTION('',(1.,0.,0.));
#11603 = AXIS2_PLACEMENT_3D('',#11600,#11601,#11602);
#11604 = PLANE('',#11603);
#11605 = EDGE_LOOP('',(#11596,#11597,#11598,#11599));
#11606 = FACE_OUTER_BOUND('',#11605,.T.);
#11607 = ADVANCED_FACE('',(#11606),#11604,.T.);
#11608 = CLOSED_SHELL('',(#11507,#11543,#11563,#11583,#11595,#11607));
#11609 = MANIFOLD_SOLID_BREP('',#11608);
#11610 = CARTESIAN_POINT('',(10.16,-1.27,0.));
#11611 = VERTEX_POINT('',#11610);
#11612 = CARTESIAN_POINT('',(10.16,-1.27,5.));
#11613 = VERTEX_POINT('',#11612);
#11614 = CARTESIAN_POINT('',(10.16,-0.8504999999999999,5.));
#11615 = VERTEX_POINT('',#11614);
#11616 = CARTESIAN_POINT('',(10.16,0.8504999999999999,5.));
#11617 = VERTEX_POINT('',#11616);
#11618 = CARTESIAN_POINT('',(10.16,1.27,5.));
#11619 = VERTEX_POINT('',#11618);
#11620 = CARTESIAN_POINT('',(10.16,1.27,0.));
#11621 = VERTEX_POINT('',#11620);
#11622 = CARTESIAN_POINT('',(10.16,0.4724999999999999,0.));
#11623 = VERTEX_POINT('',#11622);
#11624 = CARTESIAN_POINT('',(10.16,-0.4724999999999999,0.));
#11625 = VERTEX_POINT('',#11624);
#11626 = DIRECTION('',(0.,0.,1.));
#11627 = VECTOR('',#11626,1.);
#11628 = LINE('',#11610,#11627);
#11629 = EDGE_CURVE('',#11611,#11613,#11628,.T.);
#11630 = ORIENTED_EDGE('',*,*,#11629,.T.);
#11631 = DIRECTION('',(0.,-1.,0.));
#11632 = VECTOR('',#11631,1.);
#11633 = LINE('',#11614,#11632);
#11634 = EDGE_CURVE('',#11615,#11613,#11633,.T.);
#11635 = ORIENTED_EDGE('',*,*,#11634,.F.);
#11636 = DIRECTION('',(0.,1.,0.));
#11637 = VECTOR('',#11636,1.);
#11638 = LINE('',#11614,#11637);
#11639 = EDGE_CURVE('',#11615,#11617,#11638,.T.);
#11640 = ORIENTED_EDGE('',*,*,#11639,.T.);
#11641 = DIRECTION('',(0.,1.,0.));
#11642 = VECTOR('',#11641,1.);
#11643 = LINE('',#11616,#11642);
#11644 = EDGE_CURVE('',#11617,#11619,#11643,.T.);
#11645 = ORIENTED_EDGE('',*,*,#11644,.T.);
#11646 = DIRECTION('',(0.,0.,1.));
#11647 = VECTOR('',#11646,1.);
#11648 = LINE('',#11620,#11647);
#11649 = EDGE_CURVE('',#11621,#11619,#11648,.T.);
#11650 = ORIENTED_EDGE('',*,*,#11649,.F.);
#11651 = DIRECTION('',(0.,1.,0.));
#11652 = VECTOR('',#11651,1.);
#11653 = LINE('',#11622,#11652);
#11654 = EDGE_CURVE('',#11623,#11621,#11653,.T.);
#11655 = ORIENTED_EDGE('',*,*,#11654,.F.);
#11656 = DIRECTION('',(0.,1.,0.));
#11657 = VECTOR('',#11656,1.);
#11658 = LINE('',#11624,#11657);
#11659 = EDGE_CURVE('',#11625,#11623,#11658,.T.);
#11660 = ORIENTED_EDGE('',*,*,#11659,.F.);
#11661 = DIRECTION('',(0.,-1.,0.));
#11662 = VECTOR('',#11661,1.);
#11663 = LINE('',#11624,#11662);
#11664 = EDGE_CURVE('',#11625,#11611,#11663,.T.);
#11665 = ORIENTED_EDGE('',*,*,#11664,.T.);
#11666 = CARTESIAN_POINT('',(10.16,-1.27,0.));
#11667 = DIRECTION('',(-1.,0.,0.));
#11668 = DIRECTION('',(0.,0.,1.));
#11669 = AXIS2_PLACEMENT_3D('',#11666,#11667,#11668);
#11670 = PLANE('',#11669);
#11671 = EDGE_LOOP('',(#11630,#11635,#11640,#11645,#11650,#11655,#11660,#11665));
#11672 = FACE_OUTER_BOUND('',#11671,.T.);
#11673 = ADVANCED_FACE('',(#11672),#11670,.T.);
#11674 = CARTESIAN_POINT('',(12.7,-1.27,0.));
#11675 = VERTEX_POINT('',#11674);
#11676 = CARTESIAN_POINT('',(12.7,-0.4724999999999999,0.));
#11677 = VERTEX_POINT('',#11676);
#11678 = CARTESIAN_POINT('',(12.7,0.4724999999999999,0.));
#11679 = VERTEX_POINT('',#11678);
#11680 = CARTESIAN_POINT('',(12.7,1.27,0.));
#11681 = VERTEX_POINT('',#11680);
#11682 = CARTESIAN_POINT('',(12.7,1.27,5.));
#11683 = VERTEX_POINT('',#11682);
#11684 = CARTESIAN_POINT('',(12.7,0.8504999999999999,5.));
#11685 = VERTEX_POINT('',#11684);
#11686 = CARTESIAN_POINT('',(12.7,-0.8504999999999999,5.));
#11687 = VERTEX_POINT('',#11686);
#11688 = CARTESIAN_POINT('',(12.7,-1.27,5.));
#11689 = VERTEX_POINT('',#11688);
#11690 = DIRECTION('',(0.,-1.,0.));
#11691 = VECTOR('',#11690,1.);
#11692 = LINE('',#11676,#11691);
#11693 = EDGE_CURVE('',#11677,#11675,#11692,.T.);
#11694 = ORIENTED_EDGE('',*,*,#11693,.F.);
#11695 = DIRECTION('',(0.,1.,0.));
#11696 = VECTOR('',#11695,1.);
#11697 = LINE('',#11676,#11696);
#11698 = EDGE_CURVE('',#11677,#11679,#11697,.T.);
#11699 = ORIENTED_EDGE('',*,*,#11698,.T.);
#11700 = DIRECTION('',(0.,1.,0.));
#11701 = VECTOR('',#11700,1.);
#11702 = LINE('',#11678,#11701);
#11703 = EDGE_CURVE('',#11679,#11681,#11702,.T.);
#11704 = ORIENTED_EDGE('',*,*,#11703,.T.);
#11705 = DIRECTION('',(0.,0.,1.));
#11706 = VECTOR('',#11705,1.);
#11707 = LINE('',#11680,#11706);
#11708 = EDGE_CURVE('',#11681,#11683,#11707,.T.);
#11709 = ORIENTED_EDGE('',*,*,#11708,.T.);
#11710 = DIRECTION('',(0.,1.,0.));
#11711 = VECTOR('',#11710,1.);
#11712 = LINE('',#11684,#11711);
#11713 = EDGE_CURVE('',#11685,#11683,#11712,.T.);
#11714 = ORIENTED_EDGE('',*,*,#11713,.F.);
#11715 = DIRECTION('',(0.,1.,0.));
#11716 = VECTOR('',#11715,1.);
#11717 = LINE('',#11686,#11716);
#11718 = EDGE_CURVE('',#11687,#11685,#11717,.T.);
#11719 = ORIENTED_EDGE('',*,*,#11718,.F.);
#11720 = DIRECTION('',(0.,-1.,0.));
#11721 = VECTOR('',#11720,1.);
#11722 = LINE('',#11686,#11721);
#11723 = EDGE_CURVE('',#11687,#11689,#11722,.T.);
#11724 = ORIENTED_EDGE('',*,*,#11723,.T.);
#11725 = DIRECTION('',(0.,0.,1.));
#11726 = VECTOR('',#11725,1.);
#11727 = LINE('',#11674,#11726);
#11728 = EDGE_CURVE('',#11675,#11689,#11727,.T.);
#11729 = ORIENTED_EDGE('',*,*,#11728,.F.);
#11730 = CARTESIAN_POINT('',(12.7,-1.27,0.));
#11731 = DIRECTION('',(1.,0.,0.));
#11732 = DIRECTION('',(0.,1.,0.));
#11733 = AXIS2_PLACEMENT_3D('',#11730,#11731,#11732);
#11734 = PLANE('',#11733);
#11735 = EDGE_LOOP('',(#11694,#11699,#11704,#11709,#11714,#11719,#11724,#11729));
#11736 = FACE_OUTER_BOUND('',#11735,.T.);
#11737 = ADVANCED_FACE('',(#11736),#11734,.T.);
#11738 = DIRECTION('',(1.,0.,0.));
#11739 = VECTOR('',#11738,1.);
#11740 = LINE('',#11610,#11739);
#11741 = EDGE_CURVE('',#11611,#11675,#11740,.T.);
#11742 = ORIENTED_EDGE('',*,*,#11741,.T.);
#11743 = ORIENTED_EDGE('',*,*,#11728,.T.);
#11744 = DIRECTION('',(1.,0.,0.));
#11745 = VECTOR('',#11744,1.);
#11746 = LINE('',#11612,#11745);
#11747 = EDGE_CURVE('',#11613,#11689,#11746,.T.);
#11748 = ORIENTED_EDGE('',*,*,#11747,.F.);
#11749 = ORIENTED_EDGE('',*,*,#11629,.F.);
#11750 = CARTESIAN_POINT('',(10.16,-1.27,0.));
#11751 = DIRECTION('',(0.,-1.,0.));
#11752 = DIRECTION('',(1.,0.,0.));
#11753 = AXIS2_PLACEMENT_3D('',#11750,#11751,#11752);
#11754 = PLANE('',#11753);
#11755 = EDGE_LOOP('',(#11742,#11743,#11748,#11749));
#11756 = FACE_OUTER_BOUND('',#11755,.T.);
#11757 = ADVANCED_FACE('',(#11756),#11754,.T.);
#11758 = ORIENTED_EDGE('',*,*,#11649,.T.);
#11759 = DIRECTION('',(1.,0.,0.));
#11760 = VECTOR('',#11759,1.);
#11761 = LINE('',#11618,#11760);
#11762 = EDGE_CURVE('',#11619,#11683,#11761,.T.);
#11763 = ORIENTED_EDGE('',*,*,#11762,.T.);
#11764 = ORIENTED_EDGE('',*,*,#11708,.F.);
#11765 = DIRECTION('',(1.,0.,0.));
#11766 = VECTOR('',#11765,1.);
#11767 = LINE('',#11620,#11766);
#11768 = EDGE_CURVE('',#11621,#11681,#11767,.T.);
#11769 = ORIENTED_EDGE('',*,*,#11768,.F.);
#11770 = CARTESIAN_POINT('',(10.16,1.27,0.));
#11771 = DIRECTION('',(0.,1.,0.));
#11772 = DIRECTION('',(0.,0.,1.));
#11773 = AXIS2_PLACEMENT_3D('',#11770,#11771,#11772);
#11774 = PLANE('',#11773);
#11775 = EDGE_LOOP('',(#11758,#11763,#11764,#11769));
#11776 = FACE_OUTER_BOUND('',#11775,.T.);
#11777 = ADVANCED_FACE('',(#11776),#11774,.T.);
#11778 = CARTESIAN_POINT('',(11.9025,0.4725,0.));
#11779 = VERTEX_POINT('',#11778);
#11780 = CARTESIAN_POINT('',(10.9575,0.4725,0.));
#11781 = VERTEX_POINT('',#11780);
#11782 = ORIENTED_EDGE('',*,*,#11703,.F.);
#11783 = DIRECTION('',(1.,0.,0.));
#11784 = VECTOR('',#11783,1.);
#11785 = LINE('',#11778,#11784);
#11786 = EDGE_CURVE('',#11779,#11679,#11785,.T.);
#11787 = ORIENTED_EDGE('',*,*,#11786,.F.);
#11788 = DIRECTION('',(1.,0.,0.));
#11789 = VECTOR('',#11788,1.);
#11790 = LINE('',#11780,#11789);
#11791 = EDGE_CURVE('',#11781,#11779,#11790,.T.);
#11792 = ORIENTED_EDGE('',*,*,#11791,.F.);
#11793 = DIRECTION('',(1.,0.,0.));
#11794 = VECTOR('',#11793,1.);
#11795 = LINE('',#11622,#11794);
#11796 = EDGE_CURVE('',#11623,#11781,#11795,.T.);
#11797 = ORIENTED_EDGE('',*,*,#11796,.F.);
#11798 = ORIENTED_EDGE('',*,*,#11654,.T.);
#11799 = ORIENTED_EDGE('',*,*,#11768,.T.);
#11800 = CARTESIAN_POINT('',(12.7,1.27,0.));
#11801 = DIRECTION('',(0.,0.,-1.));
#11802 = DIRECTION('',(0.,-1.,0.));
#11803 = AXIS2_PLACEMENT_3D('',#11800,#11801,#11802);
#11804 = PLANE('',#11803);
#11805 = EDGE_LOOP('',(#11782,#11787,#11792,#11797,#11798,#11799));
#11806 = FACE_OUTER_BOUND('',#11805,.T.);
#11807 = ADVANCED_FACE('',(#11806),#11804,.T.);
#11808 = CARTESIAN_POINT('',(10.9575,-0.4724999999999999,0.));
#11809 = VERTEX_POINT('',#11808);
#11810 = DIRECTION('',(0.,1.,0.));
#11811 = VECTOR('',#11810,1.);
#11812 = LINE('',#11808,#11811);
#11813 = EDGE_CURVE('',#11809,#11781,#11812,.T.);
#11814 = ORIENTED_EDGE('',*,*,#11813,.F.);
#11815 = DIRECTION('',(1.,0.,0.));
#11816 = VECTOR('',#11815,1.);
#11817 = LINE('',#11624,#11816);
#11818 = EDGE_CURVE('',#11625,#11809,#11817,.T.);
#11819 = ORIENTED_EDGE('',*,*,#11818,.F.);
#11820 = ORIENTED_EDGE('',*,*,#11659,.T.);
#11821 = ORIENTED_EDGE('',*,*,#11796,.T.);
#11822 = CARTESIAN_POINT('',(10.9575,0.4724999999999999,0.));
#11823 = DIRECTION('',(0.,0.,-1.));
#11824 = DIRECTION('',(0.,-1.,0.));
#11825 = AXIS2_PLACEMENT_3D('',#11822,#11823,#11824);
#11826 = PLANE('',#11825);
#11827 = EDGE_LOOP('',(#11814,#11819,#11820,#11821));
#11828 = FACE_OUTER_BOUND('',#11827,.T.);
#11829 = ADVANCED_FACE('',(#11828),#11826,.T.);
#11830 = CARTESIAN_POINT('',(11.9025,-0.4724999999999999,0.));
#11831 = VERTEX_POINT('',#11830);
#11832 = ORIENTED_EDGE('',*,*,#11698,.F.);
#11833 = DIRECTION('',(1.,0.,0.));
#11834 = VECTOR('',#11833,1.);
#11835 = LINE('',#11830,#11834);
#11836 = EDGE_CURVE('',#11831,#11677,#11835,.T.);
#11837 = ORIENTED_EDGE('',*,*,#11836,.F.);
#11838 = DIRECTION('',(0.,1.,0.));
#11839 = VECTOR('',#11838,1.);
#11840 = LINE('',#11830,#11839);
#11841 = EDGE_CURVE('',#11831,#11779,#11840,.T.);
#11842 = ORIENTED_EDGE('',*,*,#11841,.T.);
#11843 = ORIENTED_EDGE('',*,*,#11786,.T.);
#11844 = CARTESIAN_POINT('',(12.7,0.4724999999999999,0.));
#11845 = DIRECTION('',(0.,0.,-1.));
#11846 = DIRECTION('',(0.,-1.,0.));
#11847 = AXIS2_PLACEMENT_3D('',#11844,#11845,#11846);
#11848 = PLANE('',#11847);
#11849 = EDGE_LOOP('',(#11832,#11837,#11842,#11843));
#11850 = FACE_OUTER_BOUND('',#11849,.T.);
#11851 = ADVANCED_FACE('',(#11850),#11848,.T.);
#11852 = ORIENTED_EDGE('',*,*,#11693,.T.);
#11853 = ORIENTED_EDGE('',*,*,#11741,.F.);
#11854 = ORIENTED_EDGE('',*,*,#11664,.F.);
#11855 = ORIENTED_EDGE('',*,*,#11818,.T.);
#11856 = DIRECTION('',(1.,0.,0.));
#11857 = VECTOR('',#11856,1.);
#11858 = LINE('',#11808,#11857);
#11859 = EDGE_CURVE('',#11809,#11831,#11858,.T.);
#11860 = ORIENTED_EDGE('',*,*,#11859,.T.);
#11861 = ORIENTED_EDGE('',*,*,#11836,.T.);
#11862 = CARTESIAN_POINT('',(12.7,-0.4724999999999999,0.));
#11863 = DIRECTION('',(0.,0.,-1.));
#11864 = DIRECTION('',(0.,-1.,0.));
#11865 = AXIS2_PLACEMENT_3D('',#11862,#11863,#11864);
#11866 = PLANE('',#11865);
#11867 = EDGE_LOOP('',(#11852,#11853,#11854,#11855,#11860,#11861));
#11868 = FACE_OUTER_BOUND('',#11867,.T.);
#11869 = ADVANCED_FACE('',(#11868),#11866,.T.);
#11870 = CARTESIAN_POINT('',(10.5795,-0.8504999999999999,4.995));
#11871 = VERTEX_POINT('',#11870);
#11872 = CARTESIAN_POINT('',(12.2805,-0.8504999999999999,4.995));
#11873 = VERTEX_POINT('',#11872);
#11874 = CARTESIAN_POINT('',(11.9025,-0.4725,4.3854));
#11875 = VERTEX_POINT('',#11874);
#11876 = CARTESIAN_POINT('',(10.9575,-0.4725,4.3854));
#11877 = VERTEX_POINT('',#11876);
#11878 = DIRECTION('',(1.,0.,0.));
#11879 = VECTOR('',#11878,1.);
#11880 = LINE('',#11870,#11879);
#11881 = EDGE_CURVE('',#11871,#11873,#11880,.T.);
#11882 = ORIENTED_EDGE('',*,*,#11881,.T.);
#11883 = DIRECTION('',(0.46621205975657015,-0.46621205975656993,0.7518594487502784));
#11884 = VECTOR('',#11883,1.);
#11885 = LINE('',#11874,#11884);
#11886 = EDGE_CURVE('',#11875,#11873,#11885,.T.);
#11887 = ORIENTED_EDGE('',*,*,#11886,.F.);
#11888 = DIRECTION('',(1.,0.,0.));
#11889 = VECTOR('',#11888,1.);
#11890 = LINE('',#11876,#11889);
#11891 = EDGE_CURVE('',#11877,#11875,#11890,.T.);
#11892 = ORIENTED_EDGE('',*,*,#11891,.F.);
#11893 = DIRECTION('',(0.46621205975657015,0.46621205975656993,-0.7518594487502784));
#11894 = VECTOR('',#11893,1.);
#11895 = LINE('',#11870,#11894);
#11896 = EDGE_CURVE('',#11871,#11877,#11895,.T.);
#11897 = ORIENTED_EDGE('',*,*,#11896,.F.);
#11898 = CARTESIAN_POINT('',(10.5795,-0.8504999999999999,4.995));
#11899 = DIRECTION('',(0.,0.849872720784639,0.5269880059983483));
#11900 = DIRECTION('',(1.,0.,0.));
#11901 = AXIS2_PLACEMENT_3D('',#11898,#11899,#11900);
#11902 = PLANE('',#11901);
#11903 = EDGE_LOOP('',(#11882,#11887,#11892,#11897));
#11904 = FACE_OUTER_BOUND('',#11903,.T.);
#11905 = ADVANCED_FACE('',(#11904),#11902,.T.);
#11906 = CARTESIAN_POINT('',(10.9575,0.4725,4.3854));
#11907 = VERTEX_POINT('',#11906);
#11908 = CARTESIAN_POINT('',(10.5795,0.8504999999999999,4.995));
#11909 = VERTEX_POINT('',#11908);
#11910 = DIRECTION('',(0.46621205975657015,-0.46621205975656993,-0.7518594487502784));
#11911 = VECTOR('',#11910,1.);
#11912 = LINE('',#11908,#11911);
#11913 = EDGE_CURVE('',#11909,#11907,#11912,.T.);
#11914 = ORIENTED_EDGE('',*,*,#11913,.F.);
#11915 = DIRECTION('',(0.,1.,0.));
#11916 = VECTOR('',#11915,1.);
#11917 = LINE('',#11870,#11916);
#11918 = EDGE_CURVE('',#11871,#11909,#11917,.T.);
#11919 = ORIENTED_EDGE('',*,*,#11918,.F.);
#11920 = ORIENTED_EDGE('',*,*,#11896,.T.);
#11921 = DIRECTION('',(0.,1.,0.));
#11922 = VECTOR('',#11921,1.);
#11923 = LINE('',#11876,#11922);
#11924 = EDGE_CURVE('',#11877,#11907,#11923,.T.);
#11925 = ORIENTED_EDGE('',*,*,#11924,.T.);
#11926 = CARTESIAN_POINT('',(10.9575,0.4725,4.3854));
#11927 = DIRECTION('',(0.8498727207846386,0.,0.5269880059983487));
#11928 = DIRECTION('',(-0.46621205975657015,0.46621205975656993,0.7518594487502784));
#11929 = AXIS2_PLACEMENT_3D('',#11926,#11927,#11928);
#11930 = PLANE('',#11929);
#11931 = EDGE_LOOP('',(#11914,#11919,#11920,#11925));
#11932 = FACE_OUTER_BOUND('',#11931,.T.);
#11933 = ADVANCED_FACE('',(#11932),#11930,.T.);
#11934 = CARTESIAN_POINT('',(12.2805,0.8504999999999999,4.995));
#11935 = VERTEX_POINT('',#11934);
#11936 = CARTESIAN_POINT('',(11.9025,0.4725,4.3854));
#11937 = VERTEX_POINT('',#11936);
#11938 = DIRECTION('',(1.,0.,0.));
#11939 = VECTOR('',#11938,1.);
#11940 = LINE('',#11908,#11939);
#11941 = EDGE_CURVE('',#11909,#11935,#11940,.T.);
#11942 = ORIENTED_EDGE('',*,*,#11941,.F.);
#11943 = ORIENTED_EDGE('',*,*,#11913,.T.);
#11944 = DIRECTION('',(1.,0.,0.));
#11945 = VECTOR('',#11944,1.);
#11946 = LINE('',#11906,#11945);
#11947 = EDGE_CURVE('',#11907,#11937,#11946,.T.);
#11948 = ORIENTED_EDGE('',*,*,#11947,.T.);
#11949 = DIRECTION('',(0.46621205975657015,0.46621205975656993,0.7518594487502784));
#11950 = VECTOR('',#11949,1.);
#11951 = LINE('',#11936,#11950);
#11952 = EDGE_CURVE('',#11937,#11935,#11951,.T.);
#11953 = ORIENTED_EDGE('',*,*,#11952,.T.);
#11954 = CARTESIAN_POINT('',(12.2805,0.8504999999999999,4.995));
#11955 = DIRECTION('',(0.,-0.849872720784639,0.5269880059983483));
#11956 = DIRECTION('',(-1.,0.,0.));
#11957 = AXIS2_PLACEMENT_3D('',#11954,#11955,#11956);
#11958 = PLANE('',#11957);
#11959 = EDGE_LOOP('',(#11942,#11943,#11948,#11953));
#11960 = FACE_OUTER_BOUND('',#11959,.T.);
#11961 = ADVANCED_FACE('',(#11960),#11958,.T.);
#11962 = ORIENTED_EDGE('',*,*,#11886,.T.);
#11963 = DIRECTION('',(0.,1.,0.));
#11964 = VECTOR('',#11963,1.);
#11965 = LINE('',#11872,#11964);
#11966 = EDGE_CURVE('',#11873,#11935,#11965,.T.);
#11967 = ORIENTED_EDGE('',*,*,#11966,.T.);
#11968 = ORIENTED_EDGE('',*,*,#11952,.F.);
#11969 = DIRECTION('',(0.,1.,0.));
#11970 = VECTOR('',#11969,1.);
#11971 = LINE('',#11874,#11970);
#11972 = EDGE_CURVE('',#11875,#11937,#11971,.T.);
#11973 = ORIENTED_EDGE('',*,*,#11972,.F.);
#11974 = CARTESIAN_POINT('',(11.9025,-0.4725,4.3854));
#11975 = DIRECTION('',(-0.8498727207846386,0.,0.5269880059983487));
#11976 = DIRECTION('',(0.46621205975657015,-0.46621205975656993,0.7518594487502784));
#11977 = AXIS2_PLACEMENT_3D('',#11974,#11975,#11976);
#11978 = PLANE('',#11977);
#11979 = EDGE_LOOP('',(#11962,#11967,#11968,#11973));
#11980 = FACE_OUTER_BOUND('',#11979,.T.);
#11981 = ADVANCED_FACE('',(#11980),#11978,.T.);
#11982 = CARTESIAN_POINT('',(12.2805,-0.8504999999999999,5.));
#11983 = VERTEX_POINT('',#11982);
#11984 = CARTESIAN_POINT('',(10.5795,-0.8504999999999999,5.));
#11985 = VERTEX_POINT('',#11984);
#11986 = DIRECTION('',(0.,0.,1.));
#11987 = VECTOR('',#11986,1.);
#11988 = LINE('',#11872,#11987);
#11989 = EDGE_CURVE('',#11873,#11983,#11988,.T.);
#11990 = ORIENTED_EDGE('',*,*,#11989,.F.);
#11991 = ORIENTED_EDGE('',*,*,#11881,.F.);
#11992 = DIRECTION('',(0.,0.,1.));
#11993 = VECTOR('',#11992,1.);
#11994 = LINE('',#11870,#11993);
#11995 = EDGE_CURVE('',#11871,#11985,#11994,.T.);
#11996 = ORIENTED_EDGE('',*,*,#11995,.T.);
#11997 = DIRECTION('',(1.,0.,0.));
#11998 = VECTOR('',#11997,1.);
#11999 = LINE('',#11984,#11998);
#12000 = EDGE_CURVE('',#11985,#11983,#11999,.T.);
#12001 = ORIENTED_EDGE('',*,*,#12000,.T.);
#12002 = CARTESIAN_POINT('',(12.2805,-0.8504999999999999,5.));
#12003 = DIRECTION('',(0.,1.,0.));
#12004 = DIRECTION('',(0.,0.,-1.));
#12005 = AXIS2_PLACEMENT_3D('',#12002,#12003,#12004);
#12006 = PLANE('',#12005);
#12007 = EDGE_LOOP('',(#11990,#11991,#11996,#12001));
#12008 = FACE_OUTER_BOUND('',#12007,.T.);
#12009 = ADVANCED_FACE('',(#12008),#12006,.T.);
#12010 = CARTESIAN_POINT('',(10.5795,0.8504999999999999,5.));
#12011 = VERTEX_POINT('',#12010);
#12012 = ORIENTED_EDGE('',*,*,#11995,.F.);
#12013 = ORIENTED_EDGE('',*,*,#11918,.T.);
#12014 = DIRECTION('',(0.,0.,1.));
#12015 = VECTOR('',#12014,1.);
#12016 = LINE('',#11908,#12015);
#12017 = EDGE_CURVE('',#11909,#12011,#12016,.T.);
#12018 = ORIENTED_EDGE('',*,*,#12017,.T.);
#12019 = DIRECTION('',(0.,1.,0.));
#12020 = VECTOR('',#12019,1.);
#12021 = LINE('',#11984,#12020);
#12022 = EDGE_CURVE('',#11985,#12011,#12021,.T.);
#12023 = ORIENTED_EDGE('',*,*,#12022,.F.);
#12024 = CARTESIAN_POINT('',(10.5795,-0.8504999999999999,5.));
#12025 = DIRECTION('',(1.,0.,0.));
#12026 = DIRECTION('',(0.,0.,-1.));
#12027 = AXIS2_PLACEMENT_3D('',#12024,#12025,#12026);
#12028 = PLANE('',#12027);
#12029 = EDGE_LOOP('',(#12012,#12013,#12018,#12023));
#12030 = FACE_OUTER_BOUND('',#12029,.T.);
#12031 = ADVANCED_FACE('',(#12030),#12028,.T.);
#12032 = CARTESIAN_POINT('',(12.2805,0.8504999999999999,5.));
#12033 = VERTEX_POINT('',#12032);
#12034 = DIRECTION('',(0.,0.,1.));
#12035 = VECTOR('',#12034,1.);
#12036 = LINE('',#11934,#12035);
#12037 = EDGE_CURVE('',#11935,#12033,#12036,.T.);
#12038 = ORIENTED_EDGE('',*,*,#12037,.F.);
#12039 = ORIENTED_EDGE('',*,*,#11966,.F.);
#12040 = ORIENTED_EDGE('',*,*,#11989,.T.);
#12041 = DIRECTION('',(0.,1.,0.));
#12042 = VECTOR('',#12041,1.);
#12043 = LINE('',#11982,#12042);
#12044 = EDGE_CURVE('',#11983,#12033,#12043,.T.);
#12045 = ORIENTED_EDGE('',*,*,#12044,.T.);
#12046 = CARTESIAN_POINT('',(12.2805,0.8504999999999999,5.));
#12047 = DIRECTION('',(-1.,0.,0.));
#12048 = DIRECTION('',(0.,0.,-1.));
#12049 = AXIS2_PLACEMENT_3D('',#12046,#12047,#12048);
#12050 = PLANE('',#12049);
#12051 = EDGE_LOOP('',(#12038,#12039,#12040,#12045));
#12052 = FACE_OUTER_BOUND('',#12051,.T.);
#12053 = ADVANCED_FACE('',(#12052),#12050,.T.);
#12054 = ORIENTED_EDGE('',*,*,#12017,.F.);
#12055 = ORIENTED_EDGE('',*,*,#11941,.T.);
#12056 = ORIENTED_EDGE('',*,*,#12037,.T.);
#12057 = DIRECTION('',(1.,0.,0.));
#12058 = VECTOR('',#12057,1.);
#12059 = LINE('',#12010,#12058);
#12060 = EDGE_CURVE('',#12011,#12033,#12059,.T.);
#12061 = ORIENTED_EDGE('',*,*,#12060,.F.);
#12062 = CARTESIAN_POINT('',(10.5795,0.8504999999999999,5.));
#12063 = DIRECTION('',(0.,-1.,0.));
#12064 = DIRECTION('',(0.,0.,-1.));
#12065 = AXIS2_PLACEMENT_3D('',#12062,#12063,#12064);
#12066 = PLANE('',#12065);
#12067 = EDGE_LOOP('',(#12054,#12055,#12056,#12061));
#12068 = FACE_OUTER_BOUND('',#12067,.T.);
#12069 = ADVANCED_FACE('',(#12068),#12066,.T.);
#12070 = DIRECTION('',(0.,0.,1.));
#12071 = VECTOR('',#12070,1.);
#12072 = LINE('',#11808,#12071);
#12073 = EDGE_CURVE('',#11809,#11877,#12072,.T.);
#12074 = ORIENTED_EDGE('',*,*,#12073,.F.);
#12075 = ORIENTED_EDGE('',*,*,#11813,.T.);
#12076 = DIRECTION('',(0.,0.,1.));
#12077 = VECTOR('',#12076,1.);
#12078 = LINE('',#11780,#12077);
#12079 = EDGE_CURVE('',#11781,#11907,#12078,.T.);
#12080 = ORIENTED_EDGE('',*,*,#12079,.T.);
#12081 = ORIENTED_EDGE('',*,*,#11924,.F.);
#12082 = CARTESIAN_POINT('',(10.9575,-0.4725,4.385399999999999));
#12083 = DIRECTION('',(1.,0.,0.));
#12084 = DIRECTION('',(0.,0.,-1.));
#12085 = AXIS2_PLACEMENT_3D('',#12082,#12083,#12084);
#12086 = PLANE('',#12085);
#12087 = EDGE_LOOP('',(#12074,#12075,#12080,#12081));
#12088 = FACE_OUTER_BOUND('',#12087,.T.);
#12089 = ADVANCED_FACE('',(#12088),#12086,.T.);
#12090 = ORIENTED_EDGE('',*,*,#11972,.T.);
#12091 = DIRECTION('',(0.,0.,1.));
#12092 = VECTOR('',#12091,1.);
#12093 = LINE('',#11778,#12092);
#12094 = EDGE_CURVE('',#11779,#11937,#12093,.T.);
#12095 = ORIENTED_EDGE('',*,*,#12094,.F.);
#12096 = ORIENTED_EDGE('',*,*,#11841,.F.);
#12097 = DIRECTION('',(0.,0.,1.));
#12098 = VECTOR('',#12097,1.);
#12099 = LINE('',#11830,#12098);
#12100 = EDGE_CURVE('',#11831,#11875,#12099,.T.);
#12101 = ORIENTED_EDGE('',*,*,#12100,.T.);
#12102 = CARTESIAN_POINT('',(11.9025,-0.4725,4.385400000000001));
#12103 = DIRECTION('',(-1.,0.,0.));
#12104 = DIRECTION('',(0.,1.,0.));
#12105 = AXIS2_PLACEMENT_3D('',#12102,#12103,#12104);
#12106 = PLANE('',#12105);
#12107 = EDGE_LOOP('',(#12090,#12095,#12096,#12101));
#12108 = FACE_OUTER_BOUND('',#12107,.T.);
#12109 = ADVANCED_FACE('',(#12108),#12106,.T.);
#12110 = ORIENTED_EDGE('',*,*,#12100,.F.);
#12111 = ORIENTED_EDGE('',*,*,#11859,.F.);
#12112 = ORIENTED_EDGE('',*,*,#12073,.T.);
#12113 = ORIENTED_EDGE('',*,*,#11891,.T.);
#12114 = CARTESIAN_POINT('',(11.9025,-0.4725,4.385399999999999));
#12115 = DIRECTION('',(0.,1.,0.));
#12116 = DIRECTION('',(0.,0.,-1.));
#12117 = AXIS2_PLACEMENT_3D('',#12114,#12115,#12116);
#12118 = PLANE('',#12117);
#12119 = EDGE_LOOP('',(#12110,#12111,#12112,#12113));
#12120 = FACE_OUTER_BOUND('',#12119,.T.);
#12121 = ADVANCED_FACE('',(#12120),#12118,.T.);
#12122 = ORIENTED_EDGE('',*,*,#12079,.F.);
#12123 = ORIENTED_EDGE('',*,*,#11791,.T.);
#12124 = ORIENTED_EDGE('',*,*,#12094,.T.);
#12125 = ORIENTED_EDGE('',*,*,#11947,.F.);
#12126 = CARTESIAN_POINT('',(10.9575,0.4725,4.385400000000001));
#12127 = DIRECTION('',(0.,-1.,0.));
#12128 = DIRECTION('',(0.,0.,-1.));
#12129 = AXIS2_PLACEMENT_3D('',#12126,#12127,#12128);
#12130 = PLANE('',#12129);
#12131 = EDGE_LOOP('',(#12122,#12123,#12124,#12125));
#12132 = FACE_OUTER_BOUND('',#12131,.T.);
#12133 = ADVANCED_FACE('',(#12132),#12130,.T.);
#12134 = ORIENTED_EDGE('',*,*,#11644,.F.);
#12135 = DIRECTION('',(1.,0.,0.));
#12136 = VECTOR('',#12135,1.);
#12137 = LINE('',#11616,#12136);
#12138 = EDGE_CURVE('',#11617,#12011,#12137,.T.);
#12139 = ORIENTED_EDGE('',*,*,#12138,.T.);
#12140 = ORIENTED_EDGE('',*,*,#12060,.T.);
#12141 = DIRECTION('',(1.,0.,0.));
#12142 = VECTOR('',#12141,1.);
#12143 = LINE('',#12032,#12142);
#12144 = EDGE_CURVE('',#12033,#11685,#12143,.T.);
#12145 = ORIENTED_EDGE('',*,*,#12144,.T.);
#12146 = ORIENTED_EDGE('',*,*,#11713,.T.);
#12147 = ORIENTED_EDGE('',*,*,#11762,.F.);
#12148 = CARTESIAN_POINT('',(10.16,1.27,5.));
#12149 = DIRECTION('',(0.,0.,1.));
#12150 = DIRECTION('',(0.,-1.,0.));
#12151 = AXIS2_PLACEMENT_3D('',#12148,#12149,#12150);
#12152 = PLANE('',#12151);
#12153 = EDGE_LOOP('',(#12134,#12139,#12140,#12145,#12146,#12147));
#12154 = FACE_OUTER_BOUND('',#12153,.T.);
#12155 = ADVANCED_FACE('',(#12154),#12152,.T.);
#12156 = ORIENTED_EDGE('',*,*,#12044,.F.);
#12157 = DIRECTION('',(1.,0.,0.));
#12158 = VECTOR('',#12157,1.);
#12159 = LINE('',#11982,#12158);
#12160 = EDGE_CURVE('',#11983,#11687,#12159,.T.);
#12161 = ORIENTED_EDGE('',*,*,#12160,.T.);
#12162 = ORIENTED_EDGE('',*,*,#11718,.T.);
#12163 = ORIENTED_EDGE('',*,*,#12144,.F.);
#12164 = CARTESIAN_POINT('',(12.2805,0.8504999999999999,5.));
#12165 = DIRECTION('',(0.,0.,1.));
#12166 = DIRECTION('',(0.,-1.,0.));
#12167 = AXIS2_PLACEMENT_3D('',#12164,#12165,#12166);
#12168 = PLANE('',#12167);
#12169 = EDGE_LOOP('',(#12156,#12161,#12162,#12163));
#12170 = FACE_OUTER_BOUND('',#12169,.T.);
#12171 = ADVANCED_FACE('',(#12170),#12168,.T.);
#12172 = ORIENTED_EDGE('',*,*,#11639,.F.);
#12173 = DIRECTION('',(1.,0.,0.));
#12174 = VECTOR('',#12173,1.);
#12175 = LINE('',#11614,#12174);
#12176 = EDGE_CURVE('',#11615,#11985,#12175,.T.);
#12177 = ORIENTED_EDGE('',*,*,#12176,.T.);
#12178 = ORIENTED_EDGE('',*,*,#12022,.T.);
#12179 = ORIENTED_EDGE('',*,*,#12138,.F.);
#12180 = CARTESIAN_POINT('',(10.16,0.8504999999999999,5.));
#12181 = DIRECTION('',(0.,0.,1.));
#12182 = DIRECTION('',(0.,-1.,0.));
#12183 = AXIS2_PLACEMENT_3D('',#12180,#12181,#12182);
#12184 = PLANE('',#12183);
#12185 = EDGE_LOOP('',(#12172,#12177,#12178,#12179));
#12186 = FACE_OUTER_BOUND('',#12185,.T.);
#12187 = ADVANCED_FACE('',(#12186),#12184,.T.);
#12188 = ORIENTED_EDGE('',*,*,#11634,.T.);
#12189 = ORIENTED_EDGE('',*,*,#11747,.T.);
#12190 = ORIENTED_EDGE('',*,*,#11723,.F.);
#12191 = ORIENTED_EDGE('',*,*,#12160,.F.);
#12192 = ORIENTED_EDGE('',*,*,#12000,.F.);
#12193 = ORIENTED_EDGE('',*,*,#12176,.F.);
#12194 = CARTESIAN_POINT('',(10.16,-0.8504999999999999,5.));
#12195 = DIRECTION('',(0.,0.,1.));
#12196 = DIRECTION('',(0.,-1.,0.));
#12197 = AXIS2_PLACEMENT_3D('',#12194,#12195,#12196);
#12198 = PLANE('',#12197);
#12199 = EDGE_LOOP('',(#12188,#12189,#12190,#12191,#12192,#12193));
#12200 = FACE_OUTER_BOUND('',#12199,.T.);
#12201 = ADVANCED_FACE('',(#12200),#12198,.T.);
#12202 = CLOSED_SHELL('',(#11673,#11737,#11757,#11777,#11807,#11829,#11851,#11869,#11905,#11933,#11961,#11981,#12009,#12031,#12053,#12069,#12089,#12109,#12121,#12133,#12155,#12171,#12187,#12201));
#12203 = MANIFOLD_SOLID_BREP('',#12202);
#12204 = COLOUR_RGB('',0.10196078431372549,0.10196078431372549,0.10196078431372549);
#12205 = FILL_AREA_STYLE_COLOUR('',#12204);
#12206 = FILL_AREA_STYLE('',(#12205));
#12207 = SURFACE_STYLE_FILL_AREA(#12206);
#12208 = SURFACE_SIDE_STYLE('',(#12207));
#12209 = SURFACE_STYLE_USAGE(.BOTH.,#12208);
#12210 = PRESENTATION_STYLE_ASSIGNMENT((#12209));
#12211 = STYLED_ITEM('',(#12210),#12203);
#12212 = CARTESIAN_POINT('',(11.745,-0.315,0.));
#12213 = VERTEX_POINT('',#12212);
#12214 = CARTESIAN_POINT('',(11.745,0.315,0.));
#12215 = VERTEX_POINT('',#12214);
#12216 = CARTESIAN_POINT('',(11.115,0.315,0.));
#12217 = VERTEX_POINT('',#12216);
#12218 = CARTESIAN_POINT('',(11.115,-0.315,0.));
#12219 = VERTEX_POINT('',#12218);
#12220 = DIRECTION('',(0.,1.,0.));
#12221 = VECTOR('',#12220,1.);
#12222 = LINE('',#12212,#12221);
#12223 = EDGE_CURVE('',#12213,#12215,#12222,.T.);
#12224 = ORIENTED_EDGE('',*,*,#12223,.T.);
#12225 = DIRECTION('',(1.,0.,0.));
#12226 = VECTOR('',#12225,1.);
#12227 = LINE('',#12216,#12226);
#12228 = EDGE_CURVE('',#12217,#12215,#12227,.T.);
#12229 = ORIENTED_EDGE('',*,*,#12228,.F.);
#12230 = DIRECTION('',(0.,1.,0.));
#12231 = VECTOR('',#12230,1.);
#12232 = LINE('',#12218,#12231);
#12233 = EDGE_CURVE('',#12219,#12217,#12232,.T.);
#12234 = ORIENTED_EDGE('',*,*,#12233,.F.);
#12235 = DIRECTION('',(1.,0.,0.));
#12236 = VECTOR('',#12235,1.);
#12237 = LINE('',#12218,#12236);
#12238 = EDGE_CURVE('',#12219,#12213,#12237,.T.);
#12239 = ORIENTED_EDGE('',*,*,#12238,.T.);
#12240 = CARTESIAN_POINT('',(11.745,-0.315,0.));
#12241 = DIRECTION('',(0.,0.,1.));
#12242 = DIRECTION('',(0.,1.,0.));
#12243 = AXIS2_PLACEMENT_3D('',#12240,#12241,#12242);
#12244 = PLANE('',#12243);
#12245 = EDGE_LOOP('',(#12224,#12229,#12234,#12239));
#12246 = FACE_OUTER_BOUND('',#12245,.T.);
#12247 = ADVANCED_FACE('',(#12246),#12244,.T.);
#12248 = CARTESIAN_POINT('',(11.115,0.315,-2.7));
#12249 = VERTEX_POINT('',#12248);
#12250 = CARTESIAN_POINT('',(11.745,0.315,-2.7));
#12251 = VERTEX_POINT('',#12250);
#12252 = DIRECTION('',(0.,0.,1.));
#12253 = VECTOR('',#12252,1.);
#12254 = LINE('',#12248,#12253);
#12255 = EDGE_CURVE('',#12249,#12217,#12254,.T.);
#12256 = ORIENTED_EDGE('',*,*,#12255,.T.);
#12257 = ORIENTED_EDGE('',*,*,#12228,.T.);
#12258 = DIRECTION('',(0.,0.,1.));
#12259 = VECTOR('',#12258,1.);
#12260 = LINE('',#12250,#12259);
#12261 = EDGE_CURVE('',#12251,#12215,#12260,.T.);
#12262 = ORIENTED_EDGE('',*,*,#12261,.F.);
#12263 = DIRECTION('',(1.,0.,0.));
#12264 = VECTOR('',#12263,1.);
#12265 = LINE('',#12248,#12264);
#12266 = EDGE_CURVE('',#12249,#12251,#12265,.T.);
#12267 = ORIENTED_EDGE('',*,*,#12266,.F.);
#12268 = CARTESIAN_POINT('',(11.115,0.315,-2.7));
#12269 = DIRECTION('',(0.,1.,0.));
#12270 = DIRECTION('',(0.,0.,1.));
#12271 = AXIS2_PLACEMENT_3D('',#12268,#12269,#12270);
#12272 = PLANE('',#12271);
#12273 = EDGE_LOOP('',(#12256,#12257,#12262,#12267));
#12274 = FACE_OUTER_BOUND('',#12273,.T.);
#12275 = ADVANCED_FACE('',(#12274),#12272,.T.);
#12276 = CARTESIAN_POINT('',(11.115,-0.315,-2.7));
#12277 = VERTEX_POINT('',#12276);
#12278 = DIRECTION('',(0.,1.,0.));
#12279 = VECTOR('',#12278,1.);
#12280 = LINE('',#12276,#12279);
#12281 = EDGE_CURVE('',#12277,#12249,#12280,.T.);
#12282 = ORIENTED_EDGE('',*,*,#12281,.F.);
#12283 = DIRECTION('',(0.,0.,1.));
#12284 = VECTOR('',#12283,1.);
#12285 = LINE('',#12276,#12284);
#12286 = EDGE_CURVE('',#12277,#12219,#12285,.T.);
#12287 = ORIENTED_EDGE('',*,*,#12286,.T.);
#12288 = ORIENTED_EDGE('',*,*,#12233,.T.);
#12289 = ORIENTED_EDGE('',*,*,#12255,.F.);
#12290 = CARTESIAN_POINT('',(11.115,0.315,-2.7));
#12291 = DIRECTION('',(-1.,0.,0.));
#12292 = DIRECTION('',(0.,-1.,0.));
#12293 = AXIS2_PLACEMENT_3D('',#12290,#12291,#12292);
#12294 = PLANE('',#12293);
#12295 = EDGE_LOOP('',(#12282,#12287,#12288,#12289));
#12296 = FACE_OUTER_BOUND('',#12295,.T.);
#12297 = ADVANCED_FACE('',(#12296),#12294,.T.);
#12298 = CARTESIAN_POINT('',(11.745,-0.315,-2.7));
#12299 = VERTEX_POINT('',#12298);
#12300 = DIRECTION('',(0.,1.,0.));
#12301 = VECTOR('',#12300,1.);
#12302 = LINE('',#12298,#12301);
#12303 = EDGE_CURVE('',#12299,#12251,#12302,.T.);
#12304 = ORIENTED_EDGE('',*,*,#12303,.T.);
#12305 = ORIENTED_EDGE('',*,*,#12261,.T.);
#12306 = ORIENTED_EDGE('',*,*,#12223,.F.);
#12307 = DIRECTION('',(0.,0.,1.));
#12308 = VECTOR('',#12307,1.);
#12309 = LINE('',#12298,#12308);
#12310 = EDGE_CURVE('',#12299,#12213,#12309,.T.);
#12311 = ORIENTED_EDGE('',*,*,#12310,.F.);
#12312 = CARTESIAN_POINT('',(11.745,-0.315,-2.7));
#12313 = DIRECTION('',(1.,0.,0.));
#12314 = DIRECTION('',(0.,1.,0.));
#12315 = AXIS2_PLACEMENT_3D('',#12312,#12313,#12314);
#12316 = PLANE('',#12315);
#12317 = EDGE_LOOP('',(#12304,#12305,#12306,#12311));
#12318 = FACE_OUTER_BOUND('',#12317,.T.);
#12319 = ADVANCED_FACE('',(#12318),#12316,.T.);
#12320 = ORIENTED_EDGE('',*,*,#12310,.T.);
#12321 = ORIENTED_EDGE('',*,*,#12238,.F.);
#12322 = ORIENTED_EDGE('',*,*,#12286,.F.);
#12323 = DIRECTION('',(1.,0.,0.));
#12324 = VECTOR('',#12323,1.);
#12325 = LINE('',#12276,#12324);
#12326 = EDGE_CURVE('',#12277,#12299,#12325,.T.);
#12327 = ORIENTED_EDGE('',*,*,#12326,.T.);
#12328 = CARTESIAN_POINT('',(11.745,-0.315,-2.7));
#12329 = DIRECTION('',(0.,-1.,0.));
#12330 = DIRECTION('',(0.,0.,1.));
#12331 = AXIS2_PLACEMENT_3D('',#12328,#12329,#12330);
#12332 = PLANE('',#12331);
#12333 = EDGE_LOOP('',(#12320,#12321,#12322,#12327));
#12334 = FACE_OUTER_BOUND('',#12333,.T.);
#12335 = ADVANCED_FACE('',(#12334),#12332,.T.);
#12336 = CARTESIAN_POINT('',(11.254999999999999,0.175,-3.));
#12337 = VERTEX_POINT('',#12336);
#12338 = CARTESIAN_POINT('',(11.605,0.175,-3.));
#12339 = VERTEX_POINT('',#12338);
#12340 = DIRECTION('',(0.3894904188522574,-0.38949041885226077,-0.8346223261119867));
#12341 = VECTOR('',#12340,1.);
#12342 = LINE('',#12248,#12341);
#12343 = EDGE_CURVE('',#12249,#12337,#12342,.T.);
#12344 = ORIENTED_EDGE('',*,*,#12343,.F.);
#12345 = ORIENTED_EDGE('',*,*,#12266,.T.);
#12346 = DIRECTION('',(0.3894904188522574,0.38949041885226077,0.8346223261119867));
#12347 = VECTOR('',#12346,1.);
#12348 = LINE('',#12338,#12347);
#12349 = EDGE_CURVE('',#12339,#12251,#12348,.T.);
#12350 = ORIENTED_EDGE('',*,*,#12349,.F.);
#12351 = DIRECTION('',(1.,0.,0.));
#12352 = VECTOR('',#12351,1.);
#12353 = LINE('',#12336,#12352);
#12354 = EDGE_CURVE('',#12337,#12339,#12353,.T.);
#12355 = ORIENTED_EDGE('',*,*,#12354,.F.);
#12356 = CARTESIAN_POINT('',(11.254999999999999,0.175,-3.));
#12357 = DIRECTION('',(0.,0.9061831399952663,-0.42288546533112226));
#12358 = DIRECTION('',(-0.3894904188522574,0.38949041885226077,0.8346223261119867));
#12359 = AXIS2_PLACEMENT_3D('',#12356,#12357,#12358);
#12360 = PLANE('',#12359);
#12361 = EDGE_LOOP('',(#12344,#12345,#12350,#12355));
#12362 = FACE_OUTER_BOUND('',#12361,.T.);
#12363 = ADVANCED_FACE('',(#12362),#12360,.T.);
#12364 = CARTESIAN_POINT('',(11.254999999999999,-0.175,-3.));
#12365 = VERTEX_POINT('',#12364);
#12366 = DIRECTION('',(0.,1.,0.));
#12367 = VECTOR('',#12366,1.);
#12368 = LINE('',#12364,#12367);
#12369 = EDGE_CURVE('',#12365,#12337,#12368,.T.);
#12370 = ORIENTED_EDGE('',*,*,#12369,.F.);
#12371 = DIRECTION('',(0.3894904188522574,0.38949041885226077,-0.8346223261119867));
#12372 = VECTOR('',#12371,1.);
#12373 = LINE('',#12276,#12372);
#12374 = EDGE_CURVE('',#12277,#12365,#12373,.T.);
#12375 = ORIENTED_EDGE('',*,*,#12374,.F.);
#12376 = ORIENTED_EDGE('',*,*,#12281,.T.);
#12377 = ORIENTED_EDGE('',*,*,#12343,.T.);
#12378 = CARTESIAN_POINT('',(11.254999999999999,0.175,-3.));
#12379 = DIRECTION('',(-0.9061831399952666,0.,-0.4228854653311212));
#12380 = DIRECTION('',(0.,-1.,0.));
#12381 = AXIS2_PLACEMENT_3D('',#12378,#12379,#12380);
#12382 = PLANE('',#12381);
#12383 = EDGE_LOOP('',(#12370,#12375,#12376,#12377));
#12384 = FACE_OUTER_BOUND('',#12383,.T.);
#12385 = ADVANCED_FACE('',(#12384),#12382,.T.);
#12386 = CARTESIAN_POINT('',(11.605,-0.175,-3.));
#12387 = VERTEX_POINT('',#12386);
#12388 = DIRECTION('',(1.,0.,0.));
#12389 = VECTOR('',#12388,1.);
#12390 = LINE('',#12364,#12389);
#12391 = EDGE_CURVE('',#12365,#12387,#12390,.T.);
#12392 = ORIENTED_EDGE('',*,*,#12391,.F.);
#12393 = ORIENTED_EDGE('',*,*,#12369,.T.);
#12394 = ORIENTED_EDGE('',*,*,#12354,.T.);
#12395 = DIRECTION('',(0.,1.,0.));
#12396 = VECTOR('',#12395,1.);
#12397 = LINE('',#12386,#12396);
#12398 = EDGE_CURVE('',#12387,#12339,#12397,.T.);
#12399 = ORIENTED_EDGE('',*,*,#12398,.F.);
#12400 = CARTESIAN_POINT('',(11.605,-0.175,-3.));
#12401 = DIRECTION('',(0.,0.,-1.));
#12402 = DIRECTION('',(-1.,0.,0.));
#12403 = AXIS2_PLACEMENT_3D('',#12400,#12401,#12402);
#12404 = PLANE('',#12403);
#12405 = EDGE_LOOP('',(#12392,#12393,#12394,#12399));
#12406 = FACE_OUTER_BOUND('',#12405,.T.);
#12407 = ADVANCED_FACE('',(#12406),#12404,.T.);
#12408 = ORIENTED_EDGE('',*,*,#12398,.T.);
#12409 = ORIENTED_EDGE('',*,*,#12349,.T.);
#12410 = ORIENTED_EDGE('',*,*,#12303,.F.);
#12411 = DIRECTION('',(0.3894904188522574,-0.38949041885226077,0.8346223261119867));
#12412 = VECTOR('',#12411,1.);
#12413 = LINE('',#12386,#12412);
#12414 = EDGE_CURVE('',#12387,#12299,#12413,.T.);
#12415 = ORIENTED_EDGE('',*,*,#12414,.F.);
#12416 = CARTESIAN_POINT('',(11.605,-0.175,-3.));
#12417 = DIRECTION('',(0.9061831399952666,0.,-0.4228854653311212));
#12418 = DIRECTION('',(0.,1.,0.));
#12419 = AXIS2_PLACEMENT_3D('',#12416,#12417,#12418);
#12420 = PLANE('',#12419);
#12421 = EDGE_LOOP('',(#12408,#12409,#12410,#12415));
#12422 = FACE_OUTER_BOUND('',#12421,.T.);
#12423 = ADVANCED_FACE('',(#12422),#12420,.T.);
#12424 = ORIENTED_EDGE('',*,*,#12414,.T.);
#12425 = ORIENTED_EDGE('',*,*,#12326,.F.);
#12426 = ORIENTED_EDGE('',*,*,#12374,.T.);
#12427 = ORIENTED_EDGE('',*,*,#12391,.T.);
#12428 = CARTESIAN_POINT('',(11.605,-0.175,-3.));
#12429 = DIRECTION('',(0.,-0.9061831399952663,-0.42288546533112226));
#12430 = DIRECTION('',(0.3894904188522574,-0.38949041885226077,0.8346223261119867));
#12431 = AXIS2_PLACEMENT_3D('',#12428,#12429,#12430);
#12432 = PLANE('',#12431);
#12433 = EDGE_LOOP('',(#12424,#12425,#12426,#12427));
#12434 = FACE_OUTER_BOUND('',#12433,.T.);
#12435 = ADVANCED_FACE('',(#12434),#12432,.T.);
#12436 = CLOSED_SHELL('',(#12247,#12275,#12297,#12319,#12335,#12363,#12385,#12407,#12423,#12435));
#12437 = MANIFOLD_SOLID_BREP('',#12436);
#12438 = CARTESIAN_POINT('',(10.926,-0.504,0.));
#12439 = VERTEX_POINT('',#12438);
#12440 = CARTESIAN_POINT('',(10.926,-0.504,0.504));
#12441 = VERTEX_POINT('',#12440);
#12442 = CARTESIAN_POINT('',(10.926,0.504,0.504));
#12443 = VERTEX_POINT('',#12442);
#12444 = CARTESIAN_POINT('',(10.926,0.504,0.));
#12445 = VERTEX_POINT('',#12444);
#12446 = DIRECTION('',(0.,0.,1.));
#12447 = VECTOR('',#12446,1.);
#12448 = LINE('',#12438,#12447);
#12449 = EDGE_CURVE('',#12439,#12441,#12448,.T.);
#12450 = ORIENTED_EDGE('',*,*,#12449,.T.);
#12451 = DIRECTION('',(0.,1.,0.));
#12452 = VECTOR('',#12451,1.);
#12453 = LINE('',#12440,#12452);
#12454 = EDGE_CURVE('',#12441,#12443,#12453,.T.);
#12455 = ORIENTED_EDGE('',*,*,#12454,.T.);
#12456 = DIRECTION('',(0.,0.,1.));
#12457 = VECTOR('',#12456,1.);
#12458 = LINE('',#12444,#12457);
#12459 = EDGE_CURVE('',#12445,#12443,#12458,.T.);
#12460 = ORIENTED_EDGE('',*,*,#12459,.F.);
#12461 = DIRECTION('',(0.,1.,0.));
#12462 = VECTOR('',#12461,1.);
#12463 = LINE('',#12438,#12462);
#12464 = EDGE_CURVE('',#12439,#12445,#12463,.T.);
#12465 = ORIENTED_EDGE('',*,*,#12464,.F.);
#12466 = CARTESIAN_POINT('',(10.926,-0.504,0.));
#12467 = DIRECTION('',(-1.,0.,0.));
#12468 = DIRECTION('',(0.,0.,1.));
#12469 = AXIS2_PLACEMENT_3D('',#12466,#12467,#12468);
#12470 = PLANE('',#12469);
#12471 = EDGE_LOOP('',(#12450,#12455,#12460,#12465));
#12472 = FACE_OUTER_BOUND('',#12471,.T.);
#12473 = ADVANCED_FACE('',(#12472),#12470,.T.);
#12474 = CARTESIAN_POINT('',(11.934,-0.504,0.));
#12475 = VERTEX_POINT('',#12474);
#12476 = CARTESIAN_POINT('',(11.934,0.504,0.));
#12477 = VERTEX_POINT('',#12476);
#12478 = CARTESIAN_POINT('',(11.934,0.504,0.504));
#12479 = VERTEX_POINT('',#12478);
#12480 = CARTESIAN_POINT('',(11.934,-0.504,0.504));
#12481 = VERTEX_POINT('',#12480);
#12482 = DIRECTION('',(0.,1.,0.));
#12483 = VECTOR('',#12482,1.);
#12484 = LINE('',#12474,#12483);
#12485 = EDGE_CURVE('',#12475,#12477,#12484,.T.);
#12486 = ORIENTED_EDGE('',*,*,#12485,.T.);
#12487 = DIRECTION('',(0.,0.,1.));
#12488 = VECTOR('',#12487,1.);
#12489 = LINE('',#12476,#12488);
#12490 = EDGE_CURVE('',#12477,#12479,#12489,.T.);
#12491 = ORIENTED_EDGE('',*,*,#12490,.T.);
#12492 = DIRECTION('',(0.,1.,0.));
#12493 = VECTOR('',#12492,1.);
#12494 = LINE('',#12480,#12493);
#12495 = EDGE_CURVE('',#12481,#12479,#12494,.T.);
#12496 = ORIENTED_EDGE('',*,*,#12495,.F.);
#12497 = DIRECTION('',(0.,0.,1.));
#12498 = VECTOR('',#12497,1.);
#12499 = LINE('',#12474,#12498);
#12500 = EDGE_CURVE('',#12475,#12481,#12499,.T.);
#12501 = ORIENTED_EDGE('',*,*,#12500,.F.);
#12502 = CARTESIAN_POINT('',(11.934,-0.504,0.));
#12503 = DIRECTION('',(1.,0.,0.));
#12504 = DIRECTION('',(0.,1.,0.));
#12505 = AXIS2_PLACEMENT_3D('',#12502,#12503,#12504);
#12506 = PLANE('',#12505);
#12507 = EDGE_LOOP('',(#12486,#12491,#12496,#12501));
#12508 = FACE_OUTER_BOUND('',#12507,.T.);
#12509 = ADVANCED_FACE('',(#12508),#12506,.T.);
#12510 = DIRECTION('',(1.,0.,0.));
#12511 = VECTOR('',#12510,1.);
#12512 = LINE('',#12438,#12511);
#12513 = EDGE_CURVE('',#12439,#12475,#12512,.T.);
#12514 = ORIENTED_EDGE('',*,*,#12513,.T.);
#12515 = ORIENTED_EDGE('',*,*,#12500,.T.);
#12516 = DIRECTION('',(1.,0.,0.));
#12517 = VECTOR('',#12516,1.);
#12518 = LINE('',#12440,#12517);
#12519 = EDGE_CURVE('',#12441,#12481,#12518,.T.);
#12520 = ORIENTED_EDGE('',*,*,#12519,.F.);
#12521 = ORIENTED_EDGE('',*,*,#12449,.F.);
#12522 = CARTESIAN_POINT('',(10.926,-0.504,0.));
#12523 = DIRECTION('',(0.,-1.,0.));
#12524 = DIRECTION('',(1.,0.,0.));
#12525 = AXIS2_PLACEMENT_3D('',#12522,#12523,#12524);
#12526 = PLANE('',#12525);
#12527 = EDGE_LOOP('',(#12514,#12515,#12520,#12521));
#12528 = FACE_OUTER_BOUND('',#12527,.T.);
#12529 = ADVANCED_FACE('',(#12528),#12526,.T.);
#12530 = ORIENTED_EDGE('',*,*,#12459,.T.);
#12531 = DIRECTION('',(1.,0.,0.));
#12532 = VECTOR('',#12531,1.);
#12533 = LINE('',#12442,#12532);
#12534 = EDGE_CURVE('',#12443,#12479,#12533,.T.);
#12535 = ORIENTED_EDGE('',*,*,#12534,.T.);
#12536 = ORIENTED_EDGE('',*,*,#12490,.F.);
#12537 = DIRECTION('',(1.,0.,0.));
#12538 = VECTOR('',#12537,1.);
#12539 = LINE('',#12444,#12538);
#12540 = EDGE_CURVE('',#12445,#12477,#12539,.T.);
#12541 = ORIENTED_EDGE('',*,*,#12540,.F.);
#12542 = CARTESIAN_POINT('',(10.926,0.504,0.));
#12543 = DIRECTION('',(0.,1.,0.));
#12544 = DIRECTION('',(0.,0.,1.));
#12545 = AXIS2_PLACEMENT_3D('',#12542,#12543,#12544);
#12546 = PLANE('',#12545);
#12547 = EDGE_LOOP('',(#12530,#12535,#12536,#12541));
#12548 = FACE_OUTER_BOUND('',#12547,.T.);
#12549 = ADVANCED_FACE('',(#12548),#12546,.T.);
#12550 = ORIENTED_EDGE('',*,*,#12464,.T.);
#12551 = ORIENTED_EDGE('',*,*,#12540,.T.);
#12552 = ORIENTED_EDGE('',*,*,#12485,.F.);
#12553 = ORIENTED_EDGE('',*,*,#12513,.F.);
#12554 = CARTESIAN_POINT('',(10.926,-0.504,0.));
#12555 = DIRECTION('',(0.,0.,-1.));
#12556 = DIRECTION('',(0.,1.,0.));
#12557 = AXIS2_PLACEMENT_3D('',#12554,#12555,#12556);
#12558 = PLANE('',#12557);
#12559 = EDGE_LOOP('',(#12550,#12551,#12552,#12553));
#12560 = FACE_OUTER_BOUND('',#12559,.T.);
#12561 = ADVANCED_FACE('',(#12560),#12558,.T.);
#12562 = ORIENTED_EDGE('',*,*,#12519,.T.);
#12563 = ORIENTED_EDGE('',*,*,#12495,.T.);
#12564 = ORIENTED_EDGE('',*,*,#12534,.F.);
#12565 = ORIENTED_EDGE('',*,*,#12454,.F.);
#12566 = CARTESIAN_POINT('',(10.926,-0.504,0.504));
#12567 = DIRECTION('',(0.,0.,1.));
#12568 = DIRECTION('',(1.,0.,0.));
#12569 = AXIS2_PLACEMENT_3D('',#12566,#12567,#12568);
#12570 = PLANE('',#12569);
#12571 = EDGE_LOOP('',(#12562,#12563,#12564,#12565));
#12572 = FACE_OUTER_BOUND('',#12571,.T.);
#12573 = ADVANCED_FACE('',(#12572),#12570,.T.);
#12574 = CLOSED_SHELL('',(#12473,#12509,#12529,#12549,#12561,#12573));
#12575 = MANIFOLD_SOLID_BREP('',#12574);
#12576 = CARTESIAN_POINT('',(12.700000000000003,-1.27,0.));
#12577 = VERTEX_POINT('',#12576);
#12578 = CARTESIAN_POINT('',(12.700000000000003,-1.27,5.));
#12579 = VERTEX_POINT('',#12578);
#12580 = CARTESIAN_POINT('',(12.700000000000003,-0.8504999999999999,5.));
#12581 = VERTEX_POINT('',#12580);
#12582 = CARTESIAN_POINT('',(12.700000000000003,0.8504999999999999,5.));
#12583 = VERTEX_POINT('',#12582);
#12584 = CARTESIAN_POINT('',(12.700000000000003,1.27,5.));
#12585 = VERTEX_POINT('',#12584);
#12586 = CARTESIAN_POINT('',(12.700000000000003,1.27,0.));
#12587 = VERTEX_POINT('',#12586);
#12588 = CARTESIAN_POINT('',(12.700000000000003,0.4724999999999999,0.));
#12589 = VERTEX_POINT('',#12588);
#12590 = CARTESIAN_POINT('',(12.700000000000003,-0.4724999999999999,0.));
#12591 = VERTEX_POINT('',#12590);
#12592 = DIRECTION('',(0.,0.,1.));
#12593 = VECTOR('',#12592,1.);
#12594 = LINE('',#12576,#12593);
#12595 = EDGE_CURVE('',#12577,#12579,#12594,.T.);
#12596 = ORIENTED_EDGE('',*,*,#12595,.T.);
#12597 = DIRECTION('',(0.,-1.,0.));
#12598 = VECTOR('',#12597,1.);
#12599 = LINE('',#12580,#12598);
#12600 = EDGE_CURVE('',#12581,#12579,#12599,.T.);
#12601 = ORIENTED_EDGE('',*,*,#12600,.F.);
#12602 = DIRECTION('',(0.,1.,0.));
#12603 = VECTOR('',#12602,1.);
#12604 = LINE('',#12580,#12603);
#12605 = EDGE_CURVE('',#12581,#12583,#12604,.T.);
#12606 = ORIENTED_EDGE('',*,*,#12605,.T.);
#12607 = DIRECTION('',(0.,1.,0.));
#12608 = VECTOR('',#12607,1.);
#12609 = LINE('',#12582,#12608);
#12610 = EDGE_CURVE('',#12583,#12585,#12609,.T.);
#12611 = ORIENTED_EDGE('',*,*,#12610,.T.);
#12612 = DIRECTION('',(0.,0.,1.));
#12613 = VECTOR('',#12612,1.);
#12614 = LINE('',#12586,#12613);
#12615 = EDGE_CURVE('',#12587,#12585,#12614,.T.);
#12616 = ORIENTED_EDGE('',*,*,#12615,.F.);
#12617 = DIRECTION('',(0.,1.,0.));
#12618 = VECTOR('',#12617,1.);
#12619 = LINE('',#12588,#12618);
#12620 = EDGE_CURVE('',#12589,#12587,#12619,.T.);
#12621 = ORIENTED_EDGE('',*,*,#12620,.F.);
#12622 = DIRECTION('',(0.,1.,0.));
#12623 = VECTOR('',#12622,1.);
#12624 = LINE('',#12590,#12623);
#12625 = EDGE_CURVE('',#12591,#12589,#12624,.T.);
#12626 = ORIENTED_EDGE('',*,*,#12625,.F.);
#12627 = DIRECTION('',(0.,-1.,0.));
#12628 = VECTOR('',#12627,1.);
#12629 = LINE('',#12590,#12628);
#12630 = EDGE_CURVE('',#12591,#12577,#12629,.T.);
#12631 = ORIENTED_EDGE('',*,*,#12630,.T.);
#12632 = CARTESIAN_POINT('',(12.700000000000003,-1.27,0.));
#12633 = DIRECTION('',(-1.,0.,0.));
#12634 = DIRECTION('',(0.,0.,1.));
#12635 = AXIS2_PLACEMENT_3D('',#12632,#12633,#12634);
#12636 = PLANE('',#12635);
#12637 = EDGE_LOOP('',(#12596,#12601,#12606,#12611,#12616,#12621,#12626,#12631));
#12638 = FACE_OUTER_BOUND('',#12637,.T.);
#12639 = ADVANCED_FACE('',(#12638),#12636,.T.);
#12640 = CARTESIAN_POINT('',(15.240000000000002,-1.27,0.));
#12641 = VERTEX_POINT('',#12640);
#12642 = CARTESIAN_POINT('',(15.240000000000002,-0.4724999999999999,0.));
#12643 = VERTEX_POINT('',#12642);
#12644 = CARTESIAN_POINT('',(15.240000000000002,0.4724999999999999,0.));
#12645 = VERTEX_POINT('',#12644);
#12646 = CARTESIAN_POINT('',(15.240000000000002,1.27,0.));
#12647 = VERTEX_POINT('',#12646);
#12648 = CARTESIAN_POINT('',(15.240000000000002,1.27,5.));
#12649 = VERTEX_POINT('',#12648);
#12650 = CARTESIAN_POINT('',(15.240000000000002,0.8504999999999999,5.));
#12651 = VERTEX_POINT('',#12650);
#12652 = CARTESIAN_POINT('',(15.240000000000002,-0.8504999999999999,5.));
#12653 = VERTEX_POINT('',#12652);
#12654 = CARTESIAN_POINT('',(15.240000000000002,-1.27,5.));
#12655 = VERTEX_POINT('',#12654);
#12656 = DIRECTION('',(0.,-1.,0.));
#12657 = VECTOR('',#12656,1.);
#12658 = LINE('',#12642,#12657);
#12659 = EDGE_CURVE('',#12643,#12641,#12658,.T.);
#12660 = ORIENTED_EDGE('',*,*,#12659,.F.);
#12661 = DIRECTION('',(0.,1.,0.));
#12662 = VECTOR('',#12661,1.);
#12663 = LINE('',#12642,#12662);
#12664 = EDGE_CURVE('',#12643,#12645,#12663,.T.);
#12665 = ORIENTED_EDGE('',*,*,#12664,.T.);
#12666 = DIRECTION('',(0.,1.,0.));
#12667 = VECTOR('',#12666,1.);
#12668 = LINE('',#12644,#12667);
#12669 = EDGE_CURVE('',#12645,#12647,#12668,.T.);
#12670 = ORIENTED_EDGE('',*,*,#12669,.T.);
#12671 = DIRECTION('',(0.,0.,1.));
#12672 = VECTOR('',#12671,1.);
#12673 = LINE('',#12646,#12672);
#12674 = EDGE_CURVE('',#12647,#12649,#12673,.T.);
#12675 = ORIENTED_EDGE('',*,*,#12674,.T.);
#12676 = DIRECTION('',(0.,1.,0.));
#12677 = VECTOR('',#12676,1.);
#12678 = LINE('',#12650,#12677);
#12679 = EDGE_CURVE('',#12651,#12649,#12678,.T.);
#12680 = ORIENTED_EDGE('',*,*,#12679,.F.);
#12681 = DIRECTION('',(0.,1.,0.));
#12682 = VECTOR('',#12681,1.);
#12683 = LINE('',#12652,#12682);
#12684 = EDGE_CURVE('',#12653,#12651,#12683,.T.);
#12685 = ORIENTED_EDGE('',*,*,#12684,.F.);
#12686 = DIRECTION('',(0.,-1.,0.));
#12687 = VECTOR('',#12686,1.);
#12688 = LINE('',#12652,#12687);
#12689 = EDGE_CURVE('',#12653,#12655,#12688,.T.);
#12690 = ORIENTED_EDGE('',*,*,#12689,.T.);
#12691 = DIRECTION('',(0.,0.,1.));
#12692 = VECTOR('',#12691,1.);
#12693 = LINE('',#12640,#12692);
#12694 = EDGE_CURVE('',#12641,#12655,#12693,.T.);
#12695 = ORIENTED_EDGE('',*,*,#12694,.F.);
#12696 = CARTESIAN_POINT('',(15.240000000000002,-1.27,0.));
#12697 = DIRECTION('',(1.,0.,0.));
#12698 = DIRECTION('',(0.,1.,0.));
#12699 = AXIS2_PLACEMENT_3D('',#12696,#12697,#12698);
#12700 = PLANE('',#12699);
#12701 = EDGE_LOOP('',(#12660,#12665,#12670,#12675,#12680,#12685,#12690,#12695));
#12702 = FACE_OUTER_BOUND('',#12701,.T.);
#12703 = ADVANCED_FACE('',(#12702),#12700,.T.);
#12704 = DIRECTION('',(1.,0.,0.));
#12705 = VECTOR('',#12704,1.);
#12706 = LINE('',#12576,#12705);
#12707 = EDGE_CURVE('',#12577,#12641,#12706,.T.);
#12708 = ORIENTED_EDGE('',*,*,#12707,.T.);
#12709 = ORIENTED_EDGE('',*,*,#12694,.T.);
#12710 = DIRECTION('',(1.,0.,0.));
#12711 = VECTOR('',#12710,1.);
#12712 = LINE('',#12578,#12711);
#12713 = EDGE_CURVE('',#12579,#12655,#12712,.T.);
#12714 = ORIENTED_EDGE('',*,*,#12713,.F.);
#12715 = ORIENTED_EDGE('',*,*,#12595,.F.);
#12716 = CARTESIAN_POINT('',(12.700000000000003,-1.27,0.));
#12717 = DIRECTION('',(0.,-1.,0.));
#12718 = DIRECTION('',(1.,0.,0.));
#12719 = AXIS2_PLACEMENT_3D('',#12716,#12717,#12718);
#12720 = PLANE('',#12719);
#12721 = EDGE_LOOP('',(#12708,#12709,#12714,#12715));
#12722 = FACE_OUTER_BOUND('',#12721,.T.);
#12723 = ADVANCED_FACE('',(#12722),#12720,.T.);
#12724 = ORIENTED_EDGE('',*,*,#12615,.T.);
#12725 = DIRECTION('',(1.,0.,0.));
#12726 = VECTOR('',#12725,1.);
#12727 = LINE('',#12584,#12726);
#12728 = EDGE_CURVE('',#12585,#12649,#12727,.T.);
#12729 = ORIENTED_EDGE('',*,*,#12728,.T.);
#12730 = ORIENTED_EDGE('',*,*,#12674,.F.);
#12731 = DIRECTION('',(1.,0.,0.));
#12732 = VECTOR('',#12731,1.);
#12733 = LINE('',#12586,#12732);
#12734 = EDGE_CURVE('',#12587,#12647,#12733,.T.);
#12735 = ORIENTED_EDGE('',*,*,#12734,.F.);
#12736 = CARTESIAN_POINT('',(12.700000000000003,1.27,0.));
#12737 = DIRECTION('',(0.,1.,0.));
#12738 = DIRECTION('',(0.,0.,1.));
#12739 = AXIS2_PLACEMENT_3D('',#12736,#12737,#12738);
#12740 = PLANE('',#12739);
#12741 = EDGE_LOOP('',(#12724,#12729,#12730,#12735));
#12742 = FACE_OUTER_BOUND('',#12741,.T.);
#12743 = ADVANCED_FACE('',(#12742),#12740,.T.);
#12744 = CARTESIAN_POINT('',(14.442500000000003,0.4725,0.));
#12745 = VERTEX_POINT('',#12744);
#12746 = CARTESIAN_POINT('',(13.497500000000002,0.4725,0.));
#12747 = VERTEX_POINT('',#12746);
#12748 = ORIENTED_EDGE('',*,*,#12669,.F.);
#12749 = DIRECTION('',(1.,0.,0.));
#12750 = VECTOR('',#12749,1.);
#12751 = LINE('',#12744,#12750);
#12752 = EDGE_CURVE('',#12745,#12645,#12751,.T.);
#12753 = ORIENTED_EDGE('',*,*,#12752,.F.);
#12754 = DIRECTION('',(1.,0.,0.));
#12755 = VECTOR('',#12754,1.);
#12756 = LINE('',#12746,#12755);
#12757 = EDGE_CURVE('',#12747,#12745,#12756,.T.);
#12758 = ORIENTED_EDGE('',*,*,#12757,.F.);
#12759 = DIRECTION('',(1.,0.,0.));
#12760 = VECTOR('',#12759,1.);
#12761 = LINE('',#12588,#12760);
#12762 = EDGE_CURVE('',#12589,#12747,#12761,.T.);
#12763 = ORIENTED_EDGE('',*,*,#12762,.F.);
#12764 = ORIENTED_EDGE('',*,*,#12620,.T.);
#12765 = ORIENTED_EDGE('',*,*,#12734,.T.);
#12766 = CARTESIAN_POINT('',(15.240000000000002,1.27,0.));
#12767 = DIRECTION('',(0.,0.,-1.));
#12768 = DIRECTION('',(0.,-1.,0.));
#12769 = AXIS2_PLACEMENT_3D('',#12766,#12767,#12768);
#12770 = PLANE('',#12769);
#12771 = EDGE_LOOP('',(#12748,#12753,#12758,#12763,#12764,#12765));
#12772 = FACE_OUTER_BOUND('',#12771,.T.);
#12773 = ADVANCED_FACE('',(#12772),#12770,.T.);
#12774 = CARTESIAN_POINT('',(13.497500000000002,-0.4724999999999999,0.));
#12775 = VERTEX_POINT('',#12774);
#12776 = DIRECTION('',(0.,1.,0.));
#12777 = VECTOR('',#12776,1.);
#12778 = LINE('',#12774,#12777);
#12779 = EDGE_CURVE('',#12775,#12747,#12778,.T.);
#12780 = ORIENTED_EDGE('',*,*,#12779,.F.);
#12781 = DIRECTION('',(1.,0.,0.));
#12782 = VECTOR('',#12781,1.);
#12783 = LINE('',#12590,#12782);
#12784 = EDGE_CURVE('',#12591,#12775,#12783,.T.);
#12785 = ORIENTED_EDGE('',*,*,#12784,.F.);
#12786 = ORIENTED_EDGE('',*,*,#12625,.T.);
#12787 = ORIENTED_EDGE('',*,*,#12762,.T.);
#12788 = CARTESIAN_POINT('',(13.497500000000002,0.4724999999999999,0.));
#12789 = DIRECTION('',(0.,0.,-1.));
#12790 = DIRECTION('',(0.,-1.,0.));
#12791 = AXIS2_PLACEMENT_3D('',#12788,#12789,#12790);
#12792 = PLANE('',#12791);
#12793 = EDGE_LOOP('',(#12780,#12785,#12786,#12787));
#12794 = FACE_OUTER_BOUND('',#12793,.T.);
#12795 = ADVANCED_FACE('',(#12794),#12792,.T.);
#12796 = CARTESIAN_POINT('',(14.442500000000003,-0.4724999999999999,0.));
#12797 = VERTEX_POINT('',#12796);
#12798 = ORIENTED_EDGE('',*,*,#12664,.F.);
#12799 = DIRECTION('',(1.,0.,0.));
#12800 = VECTOR('',#12799,1.);
#12801 = LINE('',#12796,#12800);
#12802 = EDGE_CURVE('',#12797,#12643,#12801,.T.);
#12803 = ORIENTED_EDGE('',*,*,#12802,.F.);
#12804 = DIRECTION('',(0.,1.,0.));
#12805 = VECTOR('',#12804,1.);
#12806 = LINE('',#12796,#12805);
#12807 = EDGE_CURVE('',#12797,#12745,#12806,.T.);
#12808 = ORIENTED_EDGE('',*,*,#12807,.T.);
#12809 = ORIENTED_EDGE('',*,*,#12752,.T.);
#12810 = CARTESIAN_POINT('',(15.240000000000002,0.4724999999999999,0.));
#12811 = DIRECTION('',(0.,0.,-1.));
#12812 = DIRECTION('',(0.,-1.,0.));
#12813 = AXIS2_PLACEMENT_3D('',#12810,#12811,#12812);
#12814 = PLANE('',#12813);
#12815 = EDGE_LOOP('',(#12798,#12803,#12808,#12809));
#12816 = FACE_OUTER_BOUND('',#12815,.T.);
#12817 = ADVANCED_FACE('',(#12816),#12814,.T.);
#12818 = ORIENTED_EDGE('',*,*,#12659,.T.);
#12819 = ORIENTED_EDGE('',*,*,#12707,.F.);
#12820 = ORIENTED_EDGE('',*,*,#12630,.F.);
#12821 = ORIENTED_EDGE('',*,*,#12784,.T.);
#12822 = DIRECTION('',(1.,0.,0.));
#12823 = VECTOR('',#12822,1.);
#12824 = LINE('',#12774,#12823);
#12825 = EDGE_CURVE('',#12775,#12797,#12824,.T.);
#12826 = ORIENTED_EDGE('',*,*,#12825,.T.);
#12827 = ORIENTED_EDGE('',*,*,#12802,.T.);
#12828 = CARTESIAN_POINT('',(15.240000000000002,-0.4724999999999999,0.));
#12829 = DIRECTION('',(0.,0.,-1.));
#12830 = DIRECTION('',(0.,-1.,0.));
#12831 = AXIS2_PLACEMENT_3D('',#12828,#12829,#12830);
#12832 = PLANE('',#12831);
#12833 = EDGE_LOOP('',(#12818,#12819,#12820,#12821,#12826,#12827));
#12834 = FACE_OUTER_BOUND('',#12833,.T.);
#12835 = ADVANCED_FACE('',(#12834),#12832,.T.);
#12836 = CARTESIAN_POINT('',(13.119500000000002,-0.8504999999999999,4.995));
#12837 = VERTEX_POINT('',#12836);
#12838 = CARTESIAN_POINT('',(14.820500000000003,-0.8504999999999999,4.995));
#12839 = VERTEX_POINT('',#12838);
#12840 = CARTESIAN_POINT('',(14.442500000000003,-0.4725,4.3854));
#12841 = VERTEX_POINT('',#12840);
#12842 = CARTESIAN_POINT('',(13.497500000000002,-0.4725,4.3854));
#12843 = VERTEX_POINT('',#12842);
#12844 = DIRECTION('',(1.,0.,0.));
#12845 = VECTOR('',#12844,1.);
#12846 = LINE('',#12836,#12845);
#12847 = EDGE_CURVE('',#12837,#12839,#12846,.T.);
#12848 = ORIENTED_EDGE('',*,*,#12847,.T.);
#12849 = DIRECTION('',(0.46621205975657015,-0.46621205975656993,0.7518594487502784));
#12850 = VECTOR('',#12849,1.);
#12851 = LINE('',#12840,#12850);
#12852 = EDGE_CURVE('',#12841,#12839,#12851,.T.);
#12853 = ORIENTED_EDGE('',*,*,#12852,.F.);
#12854 = DIRECTION('',(1.,0.,0.));
#12855 = VECTOR('',#12854,1.);
#12856 = LINE('',#12842,#12855);
#12857 = EDGE_CURVE('',#12843,#12841,#12856,.T.);
#12858 = ORIENTED_EDGE('',*,*,#12857,.F.);
#12859 = DIRECTION('',(0.46621205975657015,0.46621205975656993,-0.7518594487502784));
#12860 = VECTOR('',#12859,1.);
#12861 = LINE('',#12836,#12860);
#12862 = EDGE_CURVE('',#12837,#12843,#12861,.T.);
#12863 = ORIENTED_EDGE('',*,*,#12862,.F.);
#12864 = CARTESIAN_POINT('',(13.119500000000002,-0.8504999999999999,4.995));
#12865 = DIRECTION('',(0.,0.8498727207846392,0.5269880059983478));
#12866 = DIRECTION('',(1.,0.,0.));
#12867 = AXIS2_PLACEMENT_3D('',#12864,#12865,#12866);
#12868 = PLANE('',#12867);
#12869 = EDGE_LOOP('',(#12848,#12853,#12858,#12863));
#12870 = FACE_OUTER_BOUND('',#12869,.T.);
#12871 = ADVANCED_FACE('',(#12870),#12868,.T.);
#12872 = CARTESIAN_POINT('',(13.497500000000002,0.4725,4.3854));
#12873 = VERTEX_POINT('',#12872);
#12874 = CARTESIAN_POINT('',(13.119500000000002,0.8504999999999999,4.995));
#12875 = VERTEX_POINT('',#12874);
#12876 = DIRECTION('',(0.46621205975657015,-0.46621205975656993,-0.7518594487502784));
#12877 = VECTOR('',#12876,1.);
#12878 = LINE('',#12874,#12877);
#12879 = EDGE_CURVE('',#12875,#12873,#12878,.T.);
#12880 = ORIENTED_EDGE('',*,*,#12879,.F.);
#12881 = DIRECTION('',(0.,1.,0.));
#12882 = VECTOR('',#12881,1.);
#12883 = LINE('',#12836,#12882);
#12884 = EDGE_CURVE('',#12837,#12875,#12883,.T.);
#12885 = ORIENTED_EDGE('',*,*,#12884,.F.);
#12886 = ORIENTED_EDGE('',*,*,#12862,.T.);
#12887 = DIRECTION('',(0.,1.,0.));
#12888 = VECTOR('',#12887,1.);
#12889 = LINE('',#12842,#12888);
#12890 = EDGE_CURVE('',#12843,#12873,#12889,.T.);
#12891 = ORIENTED_EDGE('',*,*,#12890,.T.);
#12892 = CARTESIAN_POINT('',(13.497500000000002,0.4725,4.3854));
#12893 = DIRECTION('',(0.8498727207846386,0.,0.5269880059983487));
#12894 = DIRECTION('',(-0.46621205975657015,0.46621205975656993,0.7518594487502784));
#12895 = AXIS2_PLACEMENT_3D('',#12892,#12893,#12894);
#12896 = PLANE('',#12895);
#12897 = EDGE_LOOP('',(#12880,#12885,#12886,#12891));
#12898 = FACE_OUTER_BOUND('',#12897,.T.);
#12899 = ADVANCED_FACE('',(#12898),#12896,.T.);
#12900 = CARTESIAN_POINT('',(14.820500000000003,0.8504999999999999,4.995));
#12901 = VERTEX_POINT('',#12900);
#12902 = CARTESIAN_POINT('',(14.442500000000003,0.4725,4.3854));
#12903 = VERTEX_POINT('',#12902);
#12904 = DIRECTION('',(1.,0.,0.));
#12905 = VECTOR('',#12904,1.);
#12906 = LINE('',#12874,#12905);
#12907 = EDGE_CURVE('',#12875,#12901,#12906,.T.);
#12908 = ORIENTED_EDGE('',*,*,#12907,.F.);
#12909 = ORIENTED_EDGE('',*,*,#12879,.T.);
#12910 = DIRECTION('',(1.,0.,0.));
#12911 = VECTOR('',#12910,1.);
#12912 = LINE('',#12872,#12911);
#12913 = EDGE_CURVE('',#12873,#12903,#12912,.T.);
#12914 = ORIENTED_EDGE('',*,*,#12913,.T.);
#12915 = DIRECTION('',(0.46621205975657015,0.46621205975656993,0.7518594487502784));
#12916 = VECTOR('',#12915,1.);
#12917 = LINE('',#12902,#12916);
#12918 = EDGE_CURVE('',#12903,#12901,#12917,.T.);
#12919 = ORIENTED_EDGE('',*,*,#12918,.T.);
#12920 = CARTESIAN_POINT('',(14.820500000000003,0.8504999999999999,4.995));
#12921 = DIRECTION('',(0.,-0.8498727207846392,0.5269880059983478));
#12922 = DIRECTION('',(-1.,0.,0.));
#12923 = AXIS2_PLACEMENT_3D('',#12920,#12921,#12922);
#12924 = PLANE('',#12923);
#12925 = EDGE_LOOP('',(#12908,#12909,#12914,#12919));
#12926 = FACE_OUTER_BOUND('',#12925,.T.);
#12927 = ADVANCED_FACE('',(#12926),#12924,.T.);
#12928 = ORIENTED_EDGE('',*,*,#12852,.T.);
#12929 = DIRECTION('',(0.,1.,0.));
#12930 = VECTOR('',#12929,1.);
#12931 = LINE('',#12838,#12930);
#12932 = EDGE_CURVE('',#12839,#12901,#12931,.T.);
#12933 = ORIENTED_EDGE('',*,*,#12932,.T.);
#12934 = ORIENTED_EDGE('',*,*,#12918,.F.);
#12935 = DIRECTION('',(0.,1.,0.));
#12936 = VECTOR('',#12935,1.);
#12937 = LINE('',#12840,#12936);
#12938 = EDGE_CURVE('',#12841,#12903,#12937,.T.);
#12939 = ORIENTED_EDGE('',*,*,#12938,.F.);
#12940 = CARTESIAN_POINT('',(14.442500000000003,-0.4725,4.3854));
#12941 = DIRECTION('',(-0.8498727207846386,0.,0.5269880059983487));
#12942 = DIRECTION('',(0.46621205975657015,-0.46621205975656993,0.7518594487502784));
#12943 = AXIS2_PLACEMENT_3D('',#12940,#12941,#12942);
#12944 = PLANE('',#12943);
#12945 = EDGE_LOOP('',(#12928,#12933,#12934,#12939));
#12946 = FACE_OUTER_BOUND('',#12945,.T.);
#12947 = ADVANCED_FACE('',(#12946),#12944,.T.);
#12948 = CARTESIAN_POINT('',(14.820500000000003,-0.8504999999999999,5.));
#12949 = VERTEX_POINT('',#12948);
#12950 = CARTESIAN_POINT('',(13.119500000000002,-0.8504999999999999,5.));
#12951 = VERTEX_POINT('',#12950);
#12952 = DIRECTION('',(0.,0.,1.));
#12953 = VECTOR('',#12952,1.);
#12954 = LINE('',#12838,#12953);
#12955 = EDGE_CURVE('',#12839,#12949,#12954,.T.);
#12956 = ORIENTED_EDGE('',*,*,#12955,.F.);
#12957 = ORIENTED_EDGE('',*,*,#12847,.F.);
#12958 = DIRECTION('',(0.,0.,1.));
#12959 = VECTOR('',#12958,1.);
#12960 = LINE('',#12836,#12959);
#12961 = EDGE_CURVE('',#12837,#12951,#12960,.T.);
#12962 = ORIENTED_EDGE('',*,*,#12961,.T.);
#12963 = DIRECTION('',(1.,0.,0.));
#12964 = VECTOR('',#12963,1.);
#12965 = LINE('',#12950,#12964);
#12966 = EDGE_CURVE('',#12951,#12949,#12965,.T.);
#12967 = ORIENTED_EDGE('',*,*,#12966,.T.);
#12968 = CARTESIAN_POINT('',(14.820500000000003,-0.8504999999999999,5.));
#12969 = DIRECTION('',(0.,1.,0.));
#12970 = DIRECTION('',(0.,0.,-1.));
#12971 = AXIS2_PLACEMENT_3D('',#12968,#12969,#12970);
#12972 = PLANE('',#12971);
#12973 = EDGE_LOOP('',(#12956,#12957,#12962,#12967));
#12974 = FACE_OUTER_BOUND('',#12973,.T.);
#12975 = ADVANCED_FACE('',(#12974),#12972,.T.);
#12976 = CARTESIAN_POINT('',(13.119500000000002,0.8504999999999999,5.));
#12977 = VERTEX_POINT('',#12976);
#12978 = ORIENTED_EDGE('',*,*,#12961,.F.);
#12979 = ORIENTED_EDGE('',*,*,#12884,.T.);
#12980 = DIRECTION('',(0.,0.,1.));
#12981 = VECTOR('',#12980,1.);
#12982 = LINE('',#12874,#12981);
#12983 = EDGE_CURVE('',#12875,#12977,#12982,.T.);
#12984 = ORIENTED_EDGE('',*,*,#12983,.T.);
#12985 = DIRECTION('',(0.,1.,0.));
#12986 = VECTOR('',#12985,1.);
#12987 = LINE('',#12950,#12986);
#12988 = EDGE_CURVE('',#12951,#12977,#12987,.T.);
#12989 = ORIENTED_EDGE('',*,*,#12988,.F.);
#12990 = CARTESIAN_POINT('',(13.119500000000002,-0.8504999999999999,5.));
#12991 = DIRECTION('',(1.,0.,0.));
#12992 = DIRECTION('',(0.,0.,-1.));
#12993 = AXIS2_PLACEMENT_3D('',#12990,#12991,#12992);
#12994 = PLANE('',#12993);
#12995 = EDGE_LOOP('',(#12978,#12979,#12984,#12989));
#12996 = FACE_OUTER_BOUND('',#12995,.T.);
#12997 = ADVANCED_FACE('',(#12996),#12994,.T.);
#12998 = CARTESIAN_POINT('',(14.820500000000003,0.8504999999999999,5.));
#12999 = VERTEX_POINT('',#12998);
#13000 = DIRECTION('',(0.,0.,1.));
#13001 = VECTOR('',#13000,1.);
#13002 = LINE('',#12900,#13001);
#13003 = EDGE_CURVE('',#12901,#12999,#13002,.T.);
#13004 = ORIENTED_EDGE('',*,*,#13003,.F.);
#13005 = ORIENTED_EDGE('',*,*,#12932,.F.);
#13006 = ORIENTED_EDGE('',*,*,#12955,.T.);
#13007 = DIRECTION('',(0.,1.,0.));
#13008 = VECTOR('',#13007,1.);
#13009 = LINE('',#12948,#13008);
#13010 = EDGE_CURVE('',#12949,#12999,#13009,.T.);
#13011 = ORIENTED_EDGE('',*,*,#13010,.T.);
#13012 = CARTESIAN_POINT('',(14.820500000000003,0.8504999999999999,5.));
#13013 = DIRECTION('',(-1.,0.,0.));
#13014 = DIRECTION('',(0.,0.,-1.));
#13015 = AXIS2_PLACEMENT_3D('',#13012,#13013,#13014);
#13016 = PLANE('',#13015);
#13017 = EDGE_LOOP('',(#13004,#13005,#13006,#13011));
#13018 = FACE_OUTER_BOUND('',#13017,.T.);
#13019 = ADVANCED_FACE('',(#13018),#13016,.T.);
#13020 = ORIENTED_EDGE('',*,*,#12983,.F.);
#13021 = ORIENTED_EDGE('',*,*,#12907,.T.);
#13022 = ORIENTED_EDGE('',*,*,#13003,.T.);
#13023 = DIRECTION('',(1.,0.,0.));
#13024 = VECTOR('',#13023,1.);
#13025 = LINE('',#12976,#13024);
#13026 = EDGE_CURVE('',#12977,#12999,#13025,.T.);
#13027 = ORIENTED_EDGE('',*,*,#13026,.F.);
#13028 = CARTESIAN_POINT('',(13.119500000000002,0.8504999999999999,5.));
#13029 = DIRECTION('',(0.,-1.,0.));
#13030 = DIRECTION('',(0.,0.,-1.));
#13031 = AXIS2_PLACEMENT_3D('',#13028,#13029,#13030);
#13032 = PLANE('',#13031);
#13033 = EDGE_LOOP('',(#13020,#13021,#13022,#13027));
#13034 = FACE_OUTER_BOUND('',#13033,.T.);
#13035 = ADVANCED_FACE('',(#13034),#13032,.T.);
#13036 = DIRECTION('',(0.,0.,1.));
#13037 = VECTOR('',#13036,1.);
#13038 = LINE('',#12774,#13037);
#13039 = EDGE_CURVE('',#12775,#12843,#13038,.T.);
#13040 = ORIENTED_EDGE('',*,*,#13039,.F.);
#13041 = ORIENTED_EDGE('',*,*,#12779,.T.);
#13042 = DIRECTION('',(0.,0.,1.));
#13043 = VECTOR('',#13042,1.);
#13044 = LINE('',#12746,#13043);
#13045 = EDGE_CURVE('',#12747,#12873,#13044,.T.);
#13046 = ORIENTED_EDGE('',*,*,#13045,.T.);
#13047 = ORIENTED_EDGE('',*,*,#12890,.F.);
#13048 = CARTESIAN_POINT('',(13.497500000000002,-0.4725,4.385399999999999));
#13049 = DIRECTION('',(1.,0.,0.));
#13050 = DIRECTION('',(0.,0.,-1.));
#13051 = AXIS2_PLACEMENT_3D('',#13048,#13049,#13050);
#13052 = PLANE('',#13051);
#13053 = EDGE_LOOP('',(#13040,#13041,#13046,#13047));
#13054 = FACE_OUTER_BOUND('',#13053,.T.);
#13055 = ADVANCED_FACE('',(#13054),#13052,.T.);
#13056 = ORIENTED_EDGE('',*,*,#12938,.T.);
#13057 = DIRECTION('',(0.,0.,1.));
#13058 = VECTOR('',#13057,1.);
#13059 = LINE('',#12744,#13058);
#13060 = EDGE_CURVE('',#12745,#12903,#13059,.T.);
#13061 = ORIENTED_EDGE('',*,*,#13060,.F.);
#13062 = ORIENTED_EDGE('',*,*,#12807,.F.);
#13063 = DIRECTION('',(0.,0.,1.));
#13064 = VECTOR('',#13063,1.);
#13065 = LINE('',#12796,#13064);
#13066 = EDGE_CURVE('',#12797,#12841,#13065,.T.);
#13067 = ORIENTED_EDGE('',*,*,#13066,.T.);
#13068 = CARTESIAN_POINT('',(14.442500000000003,-0.4725,4.385399999999999));
#13069 = DIRECTION('',(-1.,0.,0.));
#13070 = DIRECTION('',(0.,1.,0.));
#13071 = AXIS2_PLACEMENT_3D('',#13068,#13069,#13070);
#13072 = PLANE('',#13071);
#13073 = EDGE_LOOP('',(#13056,#13061,#13062,#13067));
#13074 = FACE_OUTER_BOUND('',#13073,.T.);
#13075 = ADVANCED_FACE('',(#13074),#13072,.T.);
#13076 = ORIENTED_EDGE('',*,*,#13066,.F.);
#13077 = ORIENTED_EDGE('',*,*,#12825,.F.);
#13078 = ORIENTED_EDGE('',*,*,#13039,.T.);
#13079 = ORIENTED_EDGE('',*,*,#12857,.T.);
#13080 = CARTESIAN_POINT('',(14.442500000000003,-0.4725,4.385399999999998));
#13081 = DIRECTION('',(0.,1.,0.));
#13082 = DIRECTION('',(0.,0.,-1.));
#13083 = AXIS2_PLACEMENT_3D('',#13080,#13081,#13082);
#13084 = PLANE('',#13083);
#13085 = EDGE_LOOP('',(#13076,#13077,#13078,#13079));
#13086 = FACE_OUTER_BOUND('',#13085,.T.);
#13087 = ADVANCED_FACE('',(#13086),#13084,.T.);
#13088 = ORIENTED_EDGE('',*,*,#13045,.F.);
#13089 = ORIENTED_EDGE('',*,*,#12757,.T.);
#13090 = ORIENTED_EDGE('',*,*,#13060,.T.);
#13091 = ORIENTED_EDGE('',*,*,#12913,.F.);
#13092 = CARTESIAN_POINT('',(13.497500000000002,0.4725,4.385399999999999));
#13093 = DIRECTION('',(0.,-1.,0.));
#13094 = DIRECTION('',(0.,0.,-1.));
#13095 = AXIS2_PLACEMENT_3D('',#13092,#13093,#13094);
#13096 = PLANE('',#13095);
#13097 = EDGE_LOOP('',(#13088,#13089,#13090,#13091));
#13098 = FACE_OUTER_BOUND('',#13097,.T.);
#13099 = ADVANCED_FACE('',(#13098),#13096,.T.);
#13100 = ORIENTED_EDGE('',*,*,#12610,.F.);
#13101 = DIRECTION('',(1.,0.,0.));
#13102 = VECTOR('',#13101,1.);
#13103 = LINE('',#12582,#13102);
#13104 = EDGE_CURVE('',#12583,#12977,#13103,.T.);
#13105 = ORIENTED_EDGE('',*,*,#13104,.T.);
#13106 = ORIENTED_EDGE('',*,*,#13026,.T.);
#13107 = DIRECTION('',(1.,0.,0.));
#13108 = VECTOR('',#13107,1.);
#13109 = LINE('',#12998,#13108);
#13110 = EDGE_CURVE('',#12999,#12651,#13109,.T.);
#13111 = ORIENTED_EDGE('',*,*,#13110,.T.);
#13112 = ORIENTED_EDGE('',*,*,#12679,.T.);
#13113 = ORIENTED_EDGE('',*,*,#12728,.F.);
#13114 = CARTESIAN_POINT('',(12.700000000000003,1.27,5.));
#13115 = DIRECTION('',(0.,0.,1.));
#13116 = DIRECTION('',(0.,-1.,0.));
#13117 = AXIS2_PLACEMENT_3D('',#13114,#13115,#13116);
#13118 = PLANE('',#13117);
#13119 = EDGE_LOOP('',(#13100,#13105,#13106,#13111,#13112,#13113));
#13120 = FACE_OUTER_BOUND('',#13119,.T.);
#13121 = ADVANCED_FACE('',(#13120),#13118,.T.);
#13122 = ORIENTED_EDGE('',*,*,#13010,.F.);
#13123 = DIRECTION('',(1.,0.,0.));
#13124 = VECTOR('',#13123,1.);
#13125 = LINE('',#12948,#13124);
#13126 = EDGE_CURVE('',#12949,#12653,#13125,.T.);
#13127 = ORIENTED_EDGE('',*,*,#13126,.T.);
#13128 = ORIENTED_EDGE('',*,*,#12684,.T.);
#13129 = ORIENTED_EDGE('',*,*,#13110,.F.);
#13130 = CARTESIAN_POINT('',(14.820500000000003,0.8504999999999999,5.));
#13131 = DIRECTION('',(0.,0.,1.));
#13132 = DIRECTION('',(0.,-1.,0.));
#13133 = AXIS2_PLACEMENT_3D('',#13130,#13131,#13132);
#13134 = PLANE('',#13133);
#13135 = EDGE_LOOP('',(#13122,#13127,#13128,#13129));
#13136 = FACE_OUTER_BOUND('',#13135,.T.);
#13137 = ADVANCED_FACE('',(#13136),#13134,.T.);
#13138 = ORIENTED_EDGE('',*,*,#12605,.F.);
#13139 = DIRECTION('',(1.,0.,0.));
#13140 = VECTOR('',#13139,1.);
#13141 = LINE('',#12580,#13140);
#13142 = EDGE_CURVE('',#12581,#12951,#13141,.T.);
#13143 = ORIENTED_EDGE('',*,*,#13142,.T.);
#13144 = ORIENTED_EDGE('',*,*,#12988,.T.);
#13145 = ORIENTED_EDGE('',*,*,#13104,.F.);
#13146 = CARTESIAN_POINT('',(12.700000000000003,0.8504999999999999,5.));
#13147 = DIRECTION('',(0.,0.,1.));
#13148 = DIRECTION('',(0.,-1.,0.));
#13149 = AXIS2_PLACEMENT_3D('',#13146,#13147,#13148);
#13150 = PLANE('',#13149);
#13151 = EDGE_LOOP('',(#13138,#13143,#13144,#13145));
#13152 = FACE_OUTER_BOUND('',#13151,.T.);
#13153 = ADVANCED_FACE('',(#13152),#13150,.T.);
#13154 = ORIENTED_EDGE('',*,*,#12600,.T.);
#13155 = ORIENTED_EDGE('',*,*,#12713,.T.);
#13156 = ORIENTED_EDGE('',*,*,#12689,.F.);
#13157 = ORIENTED_EDGE('',*,*,#13126,.F.);
#13158 = ORIENTED_EDGE('',*,*,#12966,.F.);
#13159 = ORIENTED_EDGE('',*,*,#13142,.F.);
#13160 = CARTESIAN_POINT('',(12.700000000000003,-0.8504999999999999,5.));
#13161 = DIRECTION('',(0.,0.,1.));
#13162 = DIRECTION('',(0.,-1.,0.));
#13163 = AXIS2_PLACEMENT_3D('',#13160,#13161,#13162);
#13164 = PLANE('',#13163);
#13165 = EDGE_LOOP('',(#13154,#13155,#13156,#13157,#13158,#13159));
#13166 = FACE_OUTER_BOUND('',#13165,.T.);
#13167 = ADVANCED_FACE('',(#13166),#13164,.T.);
#13168 = CLOSED_SHELL('',(#12639,#12703,#12723,#12743,#12773,#12795,#12817,#12835,#12871,#12899,#12927,#12947,#12975,#12997,#13019,#13035,#13055,#13075,#13087,#13099,#13121,#13137,#13153,#13167));
#13169 = MANIFOLD_SOLID_BREP('',#13168);
#13170 = COLOUR_RGB('',0.10196078431372549,0.10196078431372549,0.10196078431372549);
#13171 = FILL_AREA_STYLE_COLOUR('',#13170);
#13172 = FILL_AREA_STYLE('',(#13171));
#13173 = SURFACE_STYLE_FILL_AREA(#13172);
#13174 = SURFACE_SIDE_STYLE('',(#13173));
#13175 = SURFACE_STYLE_USAGE(.BOTH.,#13174);
#13176 = PRESENTATION_STYLE_ASSIGNMENT((#13175));
#13177 = STYLED_ITEM('',(#13176),#13169);
#13178 = CARTESIAN_POINT('',(14.285000000000002,-0.315,0.));
#13179 = VERTEX_POINT('',#13178);
#13180 = CARTESIAN_POINT('',(14.285000000000002,0.315,0.));
#13181 = VERTEX_POINT('',#13180);
#13182 = CARTESIAN_POINT('',(13.655000000000003,0.315,0.));
#13183 = VERTEX_POINT('',#13182);
#13184 = CARTESIAN_POINT('',(13.655000000000003,-0.315,0.));
#13185 = VERTEX_POINT('',#13184);
#13186 = DIRECTION('',(0.,1.,0.));
#13187 = VECTOR('',#13186,1.);
#13188 = LINE('',#13178,#13187);
#13189 = EDGE_CURVE('',#13179,#13181,#13188,.T.);
#13190 = ORIENTED_EDGE('',*,*,#13189,.T.);
#13191 = DIRECTION('',(1.,0.,0.));
#13192 = VECTOR('',#13191,1.);
#13193 = LINE('',#13182,#13192);
#13194 = EDGE_CURVE('',#13183,#13181,#13193,.T.);
#13195 = ORIENTED_EDGE('',*,*,#13194,.F.);
#13196 = DIRECTION('',(0.,1.,0.));
#13197 = VECTOR('',#13196,1.);
#13198 = LINE('',#13184,#13197);
#13199 = EDGE_CURVE('',#13185,#13183,#13198,.T.);
#13200 = ORIENTED_EDGE('',*,*,#13199,.F.);
#13201 = DIRECTION('',(1.,0.,0.));
#13202 = VECTOR('',#13201,1.);
#13203 = LINE('',#13184,#13202);
#13204 = EDGE_CURVE('',#13185,#13179,#13203,.T.);
#13205 = ORIENTED_EDGE('',*,*,#13204,.T.);
#13206 = CARTESIAN_POINT('',(14.285000000000002,-0.315,0.));
#13207 = DIRECTION('',(0.,0.,1.));
#13208 = DIRECTION('',(0.,1.,0.));
#13209 = AXIS2_PLACEMENT_3D('',#13206,#13207,#13208);
#13210 = PLANE('',#13209);
#13211 = EDGE_LOOP('',(#13190,#13195,#13200,#13205));
#13212 = FACE_OUTER_BOUND('',#13211,.T.);
#13213 = ADVANCED_FACE('',(#13212),#13210,.T.);
#13214 = CARTESIAN_POINT('',(13.655000000000003,0.315,-2.7));
#13215 = VERTEX_POINT('',#13214);
#13216 = CARTESIAN_POINT('',(14.285000000000002,0.315,-2.7));
#13217 = VERTEX_POINT('',#13216);
#13218 = DIRECTION('',(0.,0.,1.));
#13219 = VECTOR('',#13218,1.);
#13220 = LINE('',#13214,#13219);
#13221 = EDGE_CURVE('',#13215,#13183,#13220,.T.);
#13222 = ORIENTED_EDGE('',*,*,#13221,.T.);
#13223 = ORIENTED_EDGE('',*,*,#13194,.T.);
#13224 = DIRECTION('',(0.,0.,1.));
#13225 = VECTOR('',#13224,1.);
#13226 = LINE('',#13216,#13225);
#13227 = EDGE_CURVE('',#13217,#13181,#13226,.T.);
#13228 = ORIENTED_EDGE('',*,*,#13227,.F.);
#13229 = DIRECTION('',(1.,0.,0.));
#13230 = VECTOR('',#13229,1.);
#13231 = LINE('',#13214,#13230);
#13232 = EDGE_CURVE('',#13215,#13217,#13231,.T.);
#13233 = ORIENTED_EDGE('',*,*,#13232,.F.);
#13234 = CARTESIAN_POINT('',(13.655000000000003,0.315,-2.7));
#13235 = DIRECTION('',(0.,1.,0.));
#13236 = DIRECTION('',(0.,0.,1.));
#13237 = AXIS2_PLACEMENT_3D('',#13234,#13235,#13236);
#13238 = PLANE('',#13237);
#13239 = EDGE_LOOP('',(#13222,#13223,#13228,#13233));
#13240 = FACE_OUTER_BOUND('',#13239,.T.);
#13241 = ADVANCED_FACE('',(#13240),#13238,.T.);
#13242 = CARTESIAN_POINT('',(13.655000000000003,-0.315,-2.7));
#13243 = VERTEX_POINT('',#13242);
#13244 = DIRECTION('',(0.,1.,0.));
#13245 = VECTOR('',#13244,1.);
#13246 = LINE('',#13242,#13245);
#13247 = EDGE_CURVE('',#13243,#13215,#13246,.T.);
#13248 = ORIENTED_EDGE('',*,*,#13247,.F.);
#13249 = DIRECTION('',(0.,0.,1.));
#13250 = VECTOR('',#13249,1.);
#13251 = LINE('',#13242,#13250);
#13252 = EDGE_CURVE('',#13243,#13185,#13251,.T.);
#13253 = ORIENTED_EDGE('',*,*,#13252,.T.);
#13254 = ORIENTED_EDGE('',*,*,#13199,.T.);
#13255 = ORIENTED_EDGE('',*,*,#13221,.F.);
#13256 = CARTESIAN_POINT('',(13.655000000000003,0.315,-2.7));
#13257 = DIRECTION('',(-1.,0.,0.));
#13258 = DIRECTION('',(0.,-1.,0.));
#13259 = AXIS2_PLACEMENT_3D('',#13256,#13257,#13258);
#13260 = PLANE('',#13259);
#13261 = EDGE_LOOP('',(#13248,#13253,#13254,#13255));
#13262 = FACE_OUTER_BOUND('',#13261,.T.);
#13263 = ADVANCED_FACE('',(#13262),#13260,.T.);
#13264 = CARTESIAN_POINT('',(14.285000000000002,-0.315,-2.7));
#13265 = VERTEX_POINT('',#13264);
#13266 = DIRECTION('',(0.,1.,0.));
#13267 = VECTOR('',#13266,1.);
#13268 = LINE('',#13264,#13267);
#13269 = EDGE_CURVE('',#13265,#13217,#13268,.T.);
#13270 = ORIENTED_EDGE('',*,*,#13269,.T.);
#13271 = ORIENTED_EDGE('',*,*,#13227,.T.);
#13272 = ORIENTED_EDGE('',*,*,#13189,.F.);
#13273 = DIRECTION('',(0.,0.,1.));
#13274 = VECTOR('',#13273,1.);
#13275 = LINE('',#13264,#13274);
#13276 = EDGE_CURVE('',#13265,#13179,#13275,.T.);
#13277 = ORIENTED_EDGE('',*,*,#13276,.F.);
#13278 = CARTESIAN_POINT('',(14.285000000000002,-0.315,-2.7));
#13279 = DIRECTION('',(1.,0.,0.));
#13280 = DIRECTION('',(0.,1.,0.));
#13281 = AXIS2_PLACEMENT_3D('',#13278,#13279,#13280);
#13282 = PLANE('',#13281);
#13283 = EDGE_LOOP('',(#13270,#13271,#13272,#13277));
#13284 = FACE_OUTER_BOUND('',#13283,.T.);
#13285 = ADVANCED_FACE('',(#13284),#13282,.T.);
#13286 = ORIENTED_EDGE('',*,*,#13276,.T.);
#13287 = ORIENTED_EDGE('',*,*,#13204,.F.);
#13288 = ORIENTED_EDGE('',*,*,#13252,.F.);
#13289 = DIRECTION('',(1.,0.,0.));
#13290 = VECTOR('',#13289,1.);
#13291 = LINE('',#13242,#13290);
#13292 = EDGE_CURVE('',#13243,#13265,#13291,.T.);
#13293 = ORIENTED_EDGE('',*,*,#13292,.T.);
#13294 = CARTESIAN_POINT('',(14.285000000000002,-0.315,-2.7));
#13295 = DIRECTION('',(0.,-1.,0.));
#13296 = DIRECTION('',(0.,0.,1.));
#13297 = AXIS2_PLACEMENT_3D('',#13294,#13295,#13296);
#13298 = PLANE('',#13297);
#13299 = EDGE_LOOP('',(#13286,#13287,#13288,#13293));
#13300 = FACE_OUTER_BOUND('',#13299,.T.);
#13301 = ADVANCED_FACE('',(#13300),#13298,.T.);
#13302 = CARTESIAN_POINT('',(13.795000000000002,0.175,-3.));
#13303 = VERTEX_POINT('',#13302);
#13304 = CARTESIAN_POINT('',(14.145000000000003,0.175,-3.));
#13305 = VERTEX_POINT('',#13304);
#13306 = DIRECTION('',(0.3894904188522574,-0.38949041885226077,-0.8346223261119867));
#13307 = VECTOR('',#13306,1.);
#13308 = LINE('',#13214,#13307);
#13309 = EDGE_CURVE('',#13215,#13303,#13308,.T.);
#13310 = ORIENTED_EDGE('',*,*,#13309,.F.);
#13311 = ORIENTED_EDGE('',*,*,#13232,.T.);
#13312 = DIRECTION('',(0.3894904188522574,0.38949041885226077,0.8346223261119867));
#13313 = VECTOR('',#13312,1.);
#13314 = LINE('',#13304,#13313);
#13315 = EDGE_CURVE('',#13305,#13217,#13314,.T.);
#13316 = ORIENTED_EDGE('',*,*,#13315,.F.);
#13317 = DIRECTION('',(1.,0.,0.));
#13318 = VECTOR('',#13317,1.);
#13319 = LINE('',#13302,#13318);
#13320 = EDGE_CURVE('',#13303,#13305,#13319,.T.);
#13321 = ORIENTED_EDGE('',*,*,#13320,.F.);
#13322 = CARTESIAN_POINT('',(13.795000000000002,0.175,-3.));
#13323 = DIRECTION('',(0.,0.9061831399952658,-0.42288546533112326));
#13324 = DIRECTION('',(-0.3894904188522574,0.38949041885226077,0.8346223261119867));
#13325 = AXIS2_PLACEMENT_3D('',#13322,#13323,#13324);
#13326 = PLANE('',#13325);
#13327 = EDGE_LOOP('',(#13310,#13311,#13316,#13321));
#13328 = FACE_OUTER_BOUND('',#13327,.T.);
#13329 = ADVANCED_FACE('',(#13328),#13326,.T.);
#13330 = CARTESIAN_POINT('',(13.795000000000002,-0.175,-3.));
#13331 = VERTEX_POINT('',#13330);
#13332 = DIRECTION('',(0.,1.,0.));
#13333 = VECTOR('',#13332,1.);
#13334 = LINE('',#13330,#13333);
#13335 = EDGE_CURVE('',#13331,#13303,#13334,.T.);
#13336 = ORIENTED_EDGE('',*,*,#13335,.F.);
#13337 = DIRECTION('',(0.3894904188522574,0.38949041885226077,-0.8346223261119867));
#13338 = VECTOR('',#13337,1.);
#13339 = LINE('',#13242,#13338);
#13340 = EDGE_CURVE('',#13243,#13331,#13339,.T.);
#13341 = ORIENTED_EDGE('',*,*,#13340,.F.);
#13342 = ORIENTED_EDGE('',*,*,#13247,.T.);
#13343 = ORIENTED_EDGE('',*,*,#13309,.T.);
#13344 = CARTESIAN_POINT('',(13.795000000000002,0.175,-3.));
#13345 = DIRECTION('',(-0.9061831399952666,0.,-0.4228854653311212));
#13346 = DIRECTION('',(0.,-1.,0.));
#13347 = AXIS2_PLACEMENT_3D('',#13344,#13345,#13346);
#13348 = PLANE('',#13347);
#13349 = EDGE_LOOP('',(#13336,#13341,#13342,#13343));
#13350 = FACE_OUTER_BOUND('',#13349,.T.);
#13351 = ADVANCED_FACE('',(#13350),#13348,.T.);
#13352 = CARTESIAN_POINT('',(14.145000000000003,-0.175,-3.));
#13353 = VERTEX_POINT('',#13352);
#13354 = DIRECTION('',(1.,0.,0.));
#13355 = VECTOR('',#13354,1.);
#13356 = LINE('',#13330,#13355);
#13357 = EDGE_CURVE('',#13331,#13353,#13356,.T.);
#13358 = ORIENTED_EDGE('',*,*,#13357,.F.);
#13359 = ORIENTED_EDGE('',*,*,#13335,.T.);
#13360 = ORIENTED_EDGE('',*,*,#13320,.T.);
#13361 = DIRECTION('',(0.,1.,0.));
#13362 = VECTOR('',#13361,1.);
#13363 = LINE('',#13352,#13362);
#13364 = EDGE_CURVE('',#13353,#13305,#13363,.T.);
#13365 = ORIENTED_EDGE('',*,*,#13364,.F.);
#13366 = CARTESIAN_POINT('',(14.145000000000003,-0.175,-3.));
#13367 = DIRECTION('',(0.,0.,-1.));
#13368 = DIRECTION('',(-1.,0.,0.));
#13369 = AXIS2_PLACEMENT_3D('',#13366,#13367,#13368);
#13370 = PLANE('',#13369);
#13371 = EDGE_LOOP('',(#13358,#13359,#13360,#13365));
#13372 = FACE_OUTER_BOUND('',#13371,.T.);
#13373 = ADVANCED_FACE('',(#13372),#13370,.T.);
#13374 = ORIENTED_EDGE('',*,*,#13364,.T.);
#13375 = ORIENTED_EDGE('',*,*,#13315,.T.);
#13376 = ORIENTED_EDGE('',*,*,#13269,.F.);
#13377 = DIRECTION('',(0.3894904188522574,-0.38949041885226077,0.8346223261119867));
#13378 = VECTOR('',#13377,1.);
#13379 = LINE('',#13352,#13378);
#13380 = EDGE_CURVE('',#13353,#13265,#13379,.T.);
#13381 = ORIENTED_EDGE('',*,*,#13380,.F.);
#13382 = CARTESIAN_POINT('',(14.145000000000003,-0.175,-3.));
#13383 = DIRECTION('',(0.9061831399952666,0.,-0.4228854653311212));
#13384 = DIRECTION('',(0.,1.,0.));
#13385 = AXIS2_PLACEMENT_3D('',#13382,#13383,#13384);
#13386 = PLANE('',#13385);
#13387 = EDGE_LOOP('',(#13374,#13375,#13376,#13381));
#13388 = FACE_OUTER_BOUND('',#13387,.T.);
#13389 = ADVANCED_FACE('',(#13388),#13386,.T.);
#13390 = ORIENTED_EDGE('',*,*,#13380,.T.);
#13391 = ORIENTED_EDGE('',*,*,#13292,.F.);
#13392 = ORIENTED_EDGE('',*,*,#13340,.T.);
#13393 = ORIENTED_EDGE('',*,*,#13357,.T.);
#13394 = CARTESIAN_POINT('',(14.145000000000003,-0.175,-3.));
#13395 = DIRECTION('',(0.,-0.9061831399952658,-0.42288546533112326));
#13396 = DIRECTION('',(0.3894904188522574,-0.38949041885226077,0.8346223261119867));
#13397 = AXIS2_PLACEMENT_3D('',#13394,#13395,#13396);
#13398 = PLANE('',#13397);
#13399 = EDGE_LOOP('',(#13390,#13391,#13392,#13393));
#13400 = FACE_OUTER_BOUND('',#13399,.T.);
#13401 = ADVANCED_FACE('',(#13400),#13398,.T.);
#13402 = CLOSED_SHELL('',(#13213,#13241,#13263,#13285,#13301,#13329,#13351,#13373,#13389,#13401));
#13403 = MANIFOLD_SOLID_BREP('',#13402);
#13404 = CARTESIAN_POINT('',(13.466000000000003,-0.504,0.));
#13405 = VERTEX_POINT('',#13404);
#13406 = CARTESIAN_POINT('',(13.466000000000003,-0.504,0.504));
#13407 = VERTEX_POINT('',#13406);
#13408 = CARTESIAN_POINT('',(13.466000000000003,0.504,0.504));
#13409 = VERTEX_POINT('',#13408);
#13410 = CARTESIAN_POINT('',(13.466000000000003,0.504,0.));
#13411 = VERTEX_POINT('',#13410);
#13412 = DIRECTION('',(0.,0.,1.));
#13413 = VECTOR('',#13412,1.);
#13414 = LINE('',#13404,#13413);
#13415 = EDGE_CURVE('',#13405,#13407,#13414,.T.);
#13416 = ORIENTED_EDGE('',*,*,#13415,.T.);
#13417 = DIRECTION('',(0.,1.,0.));
#13418 = VECTOR('',#13417,1.);
#13419 = LINE('',#13406,#13418);
#13420 = EDGE_CURVE('',#13407,#13409,#13419,.T.);
#13421 = ORIENTED_EDGE('',*,*,#13420,.T.);
#13422 = DIRECTION('',(0.,0.,1.));
#13423 = VECTOR('',#13422,1.);
#13424 = LINE('',#13410,#13423);
#13425 = EDGE_CURVE('',#13411,#13409,#13424,.T.);
#13426 = ORIENTED_EDGE('',*,*,#13425,.F.);
#13427 = DIRECTION('',(0.,1.,0.));
#13428 = VECTOR('',#13427,1.);
#13429 = LINE('',#13404,#13428);
#13430 = EDGE_CURVE('',#13405,#13411,#13429,.T.);
#13431 = ORIENTED_EDGE('',*,*,#13430,.F.);
#13432 = CARTESIAN_POINT('',(13.466000000000003,-0.504,0.));
#13433 = DIRECTION('',(-1.,0.,0.));
#13434 = DIRECTION('',(0.,0.,1.));
#13435 = AXIS2_PLACEMENT_3D('',#13432,#13433,#13434);
#13436 = PLANE('',#13435);
#13437 = EDGE_LOOP('',(#13416,#13421,#13426,#13431));
#13438 = FACE_OUTER_BOUND('',#13437,.T.);
#13439 = ADVANCED_FACE('',(#13438),#13436,.T.);
#13440 = CARTESIAN_POINT('',(14.474000000000002,-0.504,0.));
#13441 = VERTEX_POINT('',#13440);
#13442 = CARTESIAN_POINT('',(14.474000000000002,0.504,0.));
#13443 = VERTEX_POINT('',#13442);
#13444 = CARTESIAN_POINT('',(14.474000000000002,0.504,0.504));
#13445 = VERTEX_POINT('',#13444);
#13446 = CARTESIAN_POINT('',(14.474000000000002,-0.504,0.504));
#13447 = VERTEX_POINT('',#13446);
#13448 = DIRECTION('',(0.,1.,0.));
#13449 = VECTOR('',#13448,1.);
#13450 = LINE('',#13440,#13449);
#13451 = EDGE_CURVE('',#13441,#13443,#13450,.T.);
#13452 = ORIENTED_EDGE('',*,*,#13451,.T.);
#13453 = DIRECTION('',(0.,0.,1.));
#13454 = VECTOR('',#13453,1.);
#13455 = LINE('',#13442,#13454);
#13456 = EDGE_CURVE('',#13443,#13445,#13455,.T.);
#13457 = ORIENTED_EDGE('',*,*,#13456,.T.);
#13458 = DIRECTION('',(0.,1.,0.));
#13459 = VECTOR('',#13458,1.);
#13460 = LINE('',#13446,#13459);
#13461 = EDGE_CURVE('',#13447,#13445,#13460,.T.);
#13462 = ORIENTED_EDGE('',*,*,#13461,.F.);
#13463 = DIRECTION('',(0.,0.,1.));
#13464 = VECTOR('',#13463,1.);
#13465 = LINE('',#13440,#13464);
#13466 = EDGE_CURVE('',#13441,#13447,#13465,.T.);
#13467 = ORIENTED_EDGE('',*,*,#13466,.F.);
#13468 = CARTESIAN_POINT('',(14.474000000000002,-0.504,0.));
#13469 = DIRECTION('',(1.,0.,0.));
#13470 = DIRECTION('',(0.,1.,0.));
#13471 = AXIS2_PLACEMENT_3D('',#13468,#13469,#13470);
#13472 = PLANE('',#13471);
#13473 = EDGE_LOOP('',(#13452,#13457,#13462,#13467));
#13474 = FACE_OUTER_BOUND('',#13473,.T.);
#13475 = ADVANCED_FACE('',(#13474),#13472,.T.);
#13476 = DIRECTION('',(1.,0.,0.));
#13477 = VECTOR('',#13476,1.);
#13478 = LINE('',#13404,#13477);
#13479 = EDGE_CURVE('',#13405,#13441,#13478,.T.);
#13480 = ORIENTED_EDGE('',*,*,#13479,.T.);
#13481 = ORIENTED_EDGE('',*,*,#13466,.T.);
#13482 = DIRECTION('',(1.,0.,0.));
#13483 = VECTOR('',#13482,1.);
#13484 = LINE('',#13406,#13483);
#13485 = EDGE_CURVE('',#13407,#13447,#13484,.T.);
#13486 = ORIENTED_EDGE('',*,*,#13485,.F.);
#13487 = ORIENTED_EDGE('',*,*,#13415,.F.);
#13488 = CARTESIAN_POINT('',(13.466000000000003,-0.504,0.));
#13489 = DIRECTION('',(0.,-1.,0.));
#13490 = DIRECTION('',(1.,0.,0.));
#13491 = AXIS2_PLACEMENT_3D('',#13488,#13489,#13490);
#13492 = PLANE('',#13491);
#13493 = EDGE_LOOP('',(#13480,#13481,#13486,#13487));
#13494 = FACE_OUTER_BOUND('',#13493,.T.);
#13495 = ADVANCED_FACE('',(#13494),#13492,.T.);
#13496 = ORIENTED_EDGE('',*,*,#13425,.T.);
#13497 = DIRECTION('',(1.,0.,0.));
#13498 = VECTOR('',#13497,1.);
#13499 = LINE('',#13408,#13498);
#13500 = EDGE_CURVE('',#13409,#13445,#13499,.T.);
#13501 = ORIENTED_EDGE('',*,*,#13500,.T.);
#13502 = ORIENTED_EDGE('',*,*,#13456,.F.);
#13503 = DIRECTION('',(1.,0.,0.));
#13504 = VECTOR('',#13503,1.);
#13505 = LINE('',#13410,#13504);
#13506 = EDGE_CURVE('',#13411,#13443,#13505,.T.);
#13507 = ORIENTED_EDGE('',*,*,#13506,.F.);
#13508 = CARTESIAN_POINT('',(13.466000000000003,0.504,0.));
#13509 = DIRECTION('',(0.,1.,0.));
#13510 = DIRECTION('',(0.,0.,1.));
#13511 = AXIS2_PLACEMENT_3D('',#13508,#13509,#13510);
#13512 = PLANE('',#13511);
#13513 = EDGE_LOOP('',(#13496,#13501,#13502,#13507));
#13514 = FACE_OUTER_BOUND('',#13513,.T.);
#13515 = ADVANCED_FACE('',(#13514),#13512,.T.);
#13516 = ORIENTED_EDGE('',*,*,#13430,.T.);
#13517 = ORIENTED_EDGE('',*,*,#13506,.T.);
#13518 = ORIENTED_EDGE('',*,*,#13451,.F.);
#13519 = ORIENTED_EDGE('',*,*,#13479,.F.);
#13520 = CARTESIAN_POINT('',(13.466000000000003,-0.504,0.));
#13521 = DIRECTION('',(0.,0.,-1.));
#13522 = DIRECTION('',(0.,1.,0.));
#13523 = AXIS2_PLACEMENT_3D('',#13520,#13521,#13522);
#13524 = PLANE('',#13523);
#13525 = EDGE_LOOP('',(#13516,#13517,#13518,#13519));
#13526 = FACE_OUTER_BOUND('',#13525,.T.);
#13527 = ADVANCED_FACE('',(#13526),#13524,.T.);
#13528 = ORIENTED_EDGE('',*,*,#13485,.T.);
#13529 = ORIENTED_EDGE('',*,*,#13461,.T.);
#13530 = ORIENTED_EDGE('',*,*,#13500,.F.);
#13531 = ORIENTED_EDGE('',*,*,#13420,.F.);
#13532 = CARTESIAN_POINT('',(13.466000000000003,-0.504,0.504));
#13533 = DIRECTION('',(0.,0.,1.));
#13534 = DIRECTION('',(1.,0.,0.));
#13535 = AXIS2_PLACEMENT_3D('',#13532,#13533,#13534);
#13536 = PLANE('',#13535);
#13537 = EDGE_LOOP('',(#13528,#13529,#13530,#13531));
#13538 = FACE_OUTER_BOUND('',#13537,.T.);
#13539 = ADVANCED_FACE('',(#13538),#13536,.T.);
#13540 = CLOSED_SHELL('',(#13439,#13475,#13495,#13515,#13527,#13539));
#13541 = MANIFOLD_SOLID_BREP('',#13540);
#13542 = CARTESIAN_POINT('',(15.240000000000002,-1.27,0.));
#13543 = VERTEX_POINT('',#13542);
#13544 = CARTESIAN_POINT('',(15.240000000000002,-1.27,5.));
#13545 = VERTEX_POINT('',#13544);
#13546 = CARTESIAN_POINT('',(15.240000000000002,-0.8504999999999999,5.));
#13547 = VERTEX_POINT('',#13546);
#13548 = CARTESIAN_POINT('',(15.240000000000002,0.8504999999999999,5.));
#13549 = VERTEX_POINT('',#13548);
#13550 = CARTESIAN_POINT('',(15.240000000000002,1.27,5.));
#13551 = VERTEX_POINT('',#13550);
#13552 = CARTESIAN_POINT('',(15.240000000000002,1.27,0.));
#13553 = VERTEX_POINT('',#13552);
#13554 = CARTESIAN_POINT('',(15.240000000000002,0.4724999999999999,0.));
#13555 = VERTEX_POINT('',#13554);
#13556 = CARTESIAN_POINT('',(15.240000000000002,-0.4724999999999999,0.));
#13557 = VERTEX_POINT('',#13556);
#13558 = DIRECTION('',(0.,0.,1.));
#13559 = VECTOR('',#13558,1.);
#13560 = LINE('',#13542,#13559);
#13561 = EDGE_CURVE('',#13543,#13545,#13560,.T.);
#13562 = ORIENTED_EDGE('',*,*,#13561,.T.);
#13563 = DIRECTION('',(0.,-1.,0.));
#13564 = VECTOR('',#13563,1.);
#13565 = LINE('',#13546,#13564);
#13566 = EDGE_CURVE('',#13547,#13545,#13565,.T.);
#13567 = ORIENTED_EDGE('',*,*,#13566,.F.);
#13568 = DIRECTION('',(0.,1.,0.));
#13569 = VECTOR('',#13568,1.);
#13570 = LINE('',#13546,#13569);
#13571 = EDGE_CURVE('',#13547,#13549,#13570,.T.);
#13572 = ORIENTED_EDGE('',*,*,#13571,.T.);
#13573 = DIRECTION('',(0.,1.,0.));
#13574 = VECTOR('',#13573,1.);
#13575 = LINE('',#13548,#13574);
#13576 = EDGE_CURVE('',#13549,#13551,#13575,.T.);
#13577 = ORIENTED_EDGE('',*,*,#13576,.T.);
#13578 = DIRECTION('',(0.,0.,1.));
#13579 = VECTOR('',#13578,1.);
#13580 = LINE('',#13552,#13579);
#13581 = EDGE_CURVE('',#13553,#13551,#13580,.T.);
#13582 = ORIENTED_EDGE('',*,*,#13581,.F.);
#13583 = DIRECTION('',(0.,1.,0.));
#13584 = VECTOR('',#13583,1.);
#13585 = LINE('',#13554,#13584);
#13586 = EDGE_CURVE('',#13555,#13553,#13585,.T.);
#13587 = ORIENTED_EDGE('',*,*,#13586,.F.);
#13588 = DIRECTION('',(0.,1.,0.));
#13589 = VECTOR('',#13588,1.);
#13590 = LINE('',#13556,#13589);
#13591 = EDGE_CURVE('',#13557,#13555,#13590,.T.);
#13592 = ORIENTED_EDGE('',*,*,#13591,.F.);
#13593 = DIRECTION('',(0.,-1.,0.));
#13594 = VECTOR('',#13593,1.);
#13595 = LINE('',#13556,#13594);
#13596 = EDGE_CURVE('',#13557,#13543,#13595,.T.);
#13597 = ORIENTED_EDGE('',*,*,#13596,.T.);
#13598 = CARTESIAN_POINT('',(15.240000000000002,-1.27,0.));
#13599 = DIRECTION('',(-1.,0.,0.));
#13600 = DIRECTION('',(0.,0.,1.));
#13601 = AXIS2_PLACEMENT_3D('',#13598,#13599,#13600);
#13602 = PLANE('',#13601);
#13603 = EDGE_LOOP('',(#13562,#13567,#13572,#13577,#13582,#13587,#13592,#13597));
#13604 = FACE_OUTER_BOUND('',#13603,.T.);
#13605 = ADVANCED_FACE('',(#13604),#13602,.T.);
#13606 = CARTESIAN_POINT('',(17.78,-1.27,0.));
#13607 = VERTEX_POINT('',#13606);
#13608 = CARTESIAN_POINT('',(17.78,-0.4724999999999999,0.));
#13609 = VERTEX_POINT('',#13608);
#13610 = CARTESIAN_POINT('',(17.78,0.4724999999999999,0.));
#13611 = VERTEX_POINT('',#13610);
#13612 = CARTESIAN_POINT('',(17.78,1.27,0.));
#13613 = VERTEX_POINT('',#13612);
#13614 = CARTESIAN_POINT('',(17.78,1.27,5.));
#13615 = VERTEX_POINT('',#13614);
#13616 = CARTESIAN_POINT('',(17.78,0.8504999999999999,5.));
#13617 = VERTEX_POINT('',#13616);
#13618 = CARTESIAN_POINT('',(17.78,-0.8504999999999999,5.));
#13619 = VERTEX_POINT('',#13618);
#13620 = CARTESIAN_POINT('',(17.78,-1.27,5.));
#13621 = VERTEX_POINT('',#13620);
#13622 = DIRECTION('',(0.,-1.,0.));
#13623 = VECTOR('',#13622,1.);
#13624 = LINE('',#13608,#13623);
#13625 = EDGE_CURVE('',#13609,#13607,#13624,.T.);
#13626 = ORIENTED_EDGE('',*,*,#13625,.F.);
#13627 = DIRECTION('',(0.,1.,0.));
#13628 = VECTOR('',#13627,1.);
#13629 = LINE('',#13608,#13628);
#13630 = EDGE_CURVE('',#13609,#13611,#13629,.T.);
#13631 = ORIENTED_EDGE('',*,*,#13630,.T.);
#13632 = DIRECTION('',(0.,1.,0.));
#13633 = VECTOR('',#13632,1.);
#13634 = LINE('',#13610,#13633);
#13635 = EDGE_CURVE('',#13611,#13613,#13634,.T.);
#13636 = ORIENTED_EDGE('',*,*,#13635,.T.);
#13637 = DIRECTION('',(0.,0.,1.));
#13638 = VECTOR('',#13637,1.);
#13639 = LINE('',#13612,#13638);
#13640 = EDGE_CURVE('',#13613,#13615,#13639,.T.);
#13641 = ORIENTED_EDGE('',*,*,#13640,.T.);
#13642 = DIRECTION('',(0.,1.,0.));
#13643 = VECTOR('',#13642,1.);
#13644 = LINE('',#13616,#13643);
#13645 = EDGE_CURVE('',#13617,#13615,#13644,.T.);
#13646 = ORIENTED_EDGE('',*,*,#13645,.F.);
#13647 = DIRECTION('',(0.,1.,0.));
#13648 = VECTOR('',#13647,1.);
#13649 = LINE('',#13618,#13648);
#13650 = EDGE_CURVE('',#13619,#13617,#13649,.T.);
#13651 = ORIENTED_EDGE('',*,*,#13650,.F.);
#13652 = DIRECTION('',(0.,-1.,0.));
#13653 = VECTOR('',#13652,1.);
#13654 = LINE('',#13618,#13653);
#13655 = EDGE_CURVE('',#13619,#13621,#13654,.T.);
#13656 = ORIENTED_EDGE('',*,*,#13655,.T.);
#13657 = DIRECTION('',(0.,0.,1.));
#13658 = VECTOR('',#13657,1.);
#13659 = LINE('',#13606,#13658);
#13660 = EDGE_CURVE('',#13607,#13621,#13659,.T.);
#13661 = ORIENTED_EDGE('',*,*,#13660,.F.);
#13662 = CARTESIAN_POINT('',(17.78,-1.27,0.));
#13663 = DIRECTION('',(1.,0.,0.));
#13664 = DIRECTION('',(0.,1.,0.));
#13665 = AXIS2_PLACEMENT_3D('',#13662,#13663,#13664);
#13666 = PLANE('',#13665);
#13667 = EDGE_LOOP('',(#13626,#13631,#13636,#13641,#13646,#13651,#13656,#13661));
#13668 = FACE_OUTER_BOUND('',#13667,.T.);
#13669 = ADVANCED_FACE('',(#13668),#13666,.T.);
#13670 = DIRECTION('',(1.,0.,0.));
#13671 = VECTOR('',#13670,1.);
#13672 = LINE('',#13542,#13671);
#13673 = EDGE_CURVE('',#13543,#13607,#13672,.T.);
#13674 = ORIENTED_EDGE('',*,*,#13673,.T.);
#13675 = ORIENTED_EDGE('',*,*,#13660,.T.);
#13676 = DIRECTION('',(1.,0.,0.));
#13677 = VECTOR('',#13676,1.);
#13678 = LINE('',#13544,#13677);
#13679 = EDGE_CURVE('',#13545,#13621,#13678,.T.);
#13680 = ORIENTED_EDGE('',*,*,#13679,.F.);
#13681 = ORIENTED_EDGE('',*,*,#13561,.F.);
#13682 = CARTESIAN_POINT('',(15.240000000000002,-1.27,0.));
#13683 = DIRECTION('',(0.,-1.,0.));
#13684 = DIRECTION('',(1.,0.,0.));
#13685 = AXIS2_PLACEMENT_3D('',#13682,#13683,#13684);
#13686 = PLANE('',#13685);
#13687 = EDGE_LOOP('',(#13674,#13675,#13680,#13681));
#13688 = FACE_OUTER_BOUND('',#13687,.T.);
#13689 = ADVANCED_FACE('',(#13688),#13686,.T.);
#13690 = ORIENTED_EDGE('',*,*,#13581,.T.);
#13691 = DIRECTION('',(1.,0.,0.));
#13692 = VECTOR('',#13691,1.);
#13693 = LINE('',#13550,#13692);
#13694 = EDGE_CURVE('',#13551,#13615,#13693,.T.);
#13695 = ORIENTED_EDGE('',*,*,#13694,.T.);
#13696 = ORIENTED_EDGE('',*,*,#13640,.F.);
#13697 = DIRECTION('',(1.,0.,0.));
#13698 = VECTOR('',#13697,1.);
#13699 = LINE('',#13552,#13698);
#13700 = EDGE_CURVE('',#13553,#13613,#13699,.T.);
#13701 = ORIENTED_EDGE('',*,*,#13700,.F.);
#13702 = CARTESIAN_POINT('',(15.240000000000002,1.27,0.));
#13703 = DIRECTION('',(0.,1.,0.));
#13704 = DIRECTION('',(0.,0.,1.));
#13705 = AXIS2_PLACEMENT_3D('',#13702,#13703,#13704);
#13706 = PLANE('',#13705);
#13707 = EDGE_LOOP('',(#13690,#13695,#13696,#13701));
#13708 = FACE_OUTER_BOUND('',#13707,.T.);
#13709 = ADVANCED_FACE('',(#13708),#13706,.T.);
#13710 = CARTESIAN_POINT('',(16.9825,0.4725,0.));
#13711 = VERTEX_POINT('',#13710);
#13712 = CARTESIAN_POINT('',(16.0375,0.4725,0.));
#13713 = VERTEX_POINT('',#13712);
#13714 = ORIENTED_EDGE('',*,*,#13635,.F.);
#13715 = DIRECTION('',(1.,0.,0.));
#13716 = VECTOR('',#13715,1.);
#13717 = LINE('',#13710,#13716);
#13718 = EDGE_CURVE('',#13711,#13611,#13717,.T.);
#13719 = ORIENTED_EDGE('',*,*,#13718,.F.);
#13720 = DIRECTION('',(1.,0.,0.));
#13721 = VECTOR('',#13720,1.);
#13722 = LINE('',#13712,#13721);
#13723 = EDGE_CURVE('',#13713,#13711,#13722,.T.);
#13724 = ORIENTED_EDGE('',*,*,#13723,.F.);
#13725 = DIRECTION('',(1.,0.,0.));
#13726 = VECTOR('',#13725,1.);
#13727 = LINE('',#13554,#13726);
#13728 = EDGE_CURVE('',#13555,#13713,#13727,.T.);
#13729 = ORIENTED_EDGE('',*,*,#13728,.F.);
#13730 = ORIENTED_EDGE('',*,*,#13586,.T.);
#13731 = ORIENTED_EDGE('',*,*,#13700,.T.);
#13732 = CARTESIAN_POINT('',(17.78,1.27,0.));
#13733 = DIRECTION('',(0.,0.,-1.));
#13734 = DIRECTION('',(0.,-1.,0.));
#13735 = AXIS2_PLACEMENT_3D('',#13732,#13733,#13734);
#13736 = PLANE('',#13735);
#13737 = EDGE_LOOP('',(#13714,#13719,#13724,#13729,#13730,#13731));
#13738 = FACE_OUTER_BOUND('',#13737,.T.);
#13739 = ADVANCED_FACE('',(#13738),#13736,.T.);
#13740 = CARTESIAN_POINT('',(16.0375,-0.4724999999999999,0.));
#13741 = VERTEX_POINT('',#13740);
#13742 = DIRECTION('',(0.,1.,0.));
#13743 = VECTOR('',#13742,1.);
#13744 = LINE('',#13740,#13743);
#13745 = EDGE_CURVE('',#13741,#13713,#13744,.T.);
#13746 = ORIENTED_EDGE('',*,*,#13745,.F.);
#13747 = DIRECTION('',(1.,0.,0.));
#13748 = VECTOR('',#13747,1.);
#13749 = LINE('',#13556,#13748);
#13750 = EDGE_CURVE('',#13557,#13741,#13749,.T.);
#13751 = ORIENTED_EDGE('',*,*,#13750,.F.);
#13752 = ORIENTED_EDGE('',*,*,#13591,.T.);
#13753 = ORIENTED_EDGE('',*,*,#13728,.T.);
#13754 = CARTESIAN_POINT('',(16.0375,0.4724999999999999,0.));
#13755 = DIRECTION('',(0.,0.,-1.));
#13756 = DIRECTION('',(0.,-1.,0.));
#13757 = AXIS2_PLACEMENT_3D('',#13754,#13755,#13756);
#13758 = PLANE('',#13757);
#13759 = EDGE_LOOP('',(#13746,#13751,#13752,#13753));
#13760 = FACE_OUTER_BOUND('',#13759,.T.);
#13761 = ADVANCED_FACE('',(#13760),#13758,.T.);
#13762 = CARTESIAN_POINT('',(16.9825,-0.4724999999999999,0.));
#13763 = VERTEX_POINT('',#13762);
#13764 = ORIENTED_EDGE('',*,*,#13630,.F.);
#13765 = DIRECTION('',(1.,0.,0.));
#13766 = VECTOR('',#13765,1.);
#13767 = LINE('',#13762,#13766);
#13768 = EDGE_CURVE('',#13763,#13609,#13767,.T.);
#13769 = ORIENTED_EDGE('',*,*,#13768,.F.);
#13770 = DIRECTION('',(0.,1.,0.));
#13771 = VECTOR('',#13770,1.);
#13772 = LINE('',#13762,#13771);
#13773 = EDGE_CURVE('',#13763,#13711,#13772,.T.);
#13774 = ORIENTED_EDGE('',*,*,#13773,.T.);
#13775 = ORIENTED_EDGE('',*,*,#13718,.T.);
#13776 = CARTESIAN_POINT('',(17.78,0.4724999999999999,0.));
#13777 = DIRECTION('',(0.,0.,-1.));
#13778 = DIRECTION('',(0.,-1.,0.));
#13779 = AXIS2_PLACEMENT_3D('',#13776,#13777,#13778);
#13780 = PLANE('',#13779);
#13781 = EDGE_LOOP('',(#13764,#13769,#13774,#13775));
#13782 = FACE_OUTER_BOUND('',#13781,.T.);
#13783 = ADVANCED_FACE('',(#13782),#13780,.T.);
#13784 = ORIENTED_EDGE('',*,*,#13625,.T.);
#13785 = ORIENTED_EDGE('',*,*,#13673,.F.);
#13786 = ORIENTED_EDGE('',*,*,#13596,.F.);
#13787 = ORIENTED_EDGE('',*,*,#13750,.T.);
#13788 = DIRECTION('',(1.,0.,0.));
#13789 = VECTOR('',#13788,1.);
#13790 = LINE('',#13740,#13789);
#13791 = EDGE_CURVE('',#13741,#13763,#13790,.T.);
#13792 = ORIENTED_EDGE('',*,*,#13791,.T.);
#13793 = ORIENTED_EDGE('',*,*,#13768,.T.);
#13794 = CARTESIAN_POINT('',(17.78,-0.4724999999999999,0.));
#13795 = DIRECTION('',(0.,0.,-1.));
#13796 = DIRECTION('',(0.,-1.,0.));
#13797 = AXIS2_PLACEMENT_3D('',#13794,#13795,#13796);
#13798 = PLANE('',#13797);
#13799 = EDGE_LOOP('',(#13784,#13785,#13786,#13787,#13792,#13793));
#13800 = FACE_OUTER_BOUND('',#13799,.T.);
#13801 = ADVANCED_FACE('',(#13800),#13798,.T.);
#13802 = CARTESIAN_POINT('',(15.659500000000001,-0.8504999999999999,4.995));
#13803 = VERTEX_POINT('',#13802);
#13804 = CARTESIAN_POINT('',(17.360500000000002,-0.8504999999999999,4.995));
#13805 = VERTEX_POINT('',#13804);
#13806 = CARTESIAN_POINT('',(16.9825,-0.4725,4.3854));
#13807 = VERTEX_POINT('',#13806);
#13808 = CARTESIAN_POINT('',(16.0375,-0.4725,4.3854));
#13809 = VERTEX_POINT('',#13808);
#13810 = DIRECTION('',(1.,0.,0.));
#13811 = VECTOR('',#13810,1.);
#13812 = LINE('',#13802,#13811);
#13813 = EDGE_CURVE('',#13803,#13805,#13812,.T.);
#13814 = ORIENTED_EDGE('',*,*,#13813,.T.);
#13815 = DIRECTION('',(0.46621205975657015,-0.46621205975656993,0.7518594487502784));
#13816 = VECTOR('',#13815,1.);
#13817 = LINE('',#13806,#13816);
#13818 = EDGE_CURVE('',#13807,#13805,#13817,.T.);
#13819 = ORIENTED_EDGE('',*,*,#13818,.F.);
#13820 = DIRECTION('',(1.,0.,0.));
#13821 = VECTOR('',#13820,1.);
#13822 = LINE('',#13808,#13821);
#13823 = EDGE_CURVE('',#13809,#13807,#13822,.T.);
#13824 = ORIENTED_EDGE('',*,*,#13823,.F.);
#13825 = DIRECTION('',(0.46621205975657015,0.46621205975656993,-0.7518594487502784));
#13826 = VECTOR('',#13825,1.);
#13827 = LINE('',#13802,#13826);
#13828 = EDGE_CURVE('',#13803,#13809,#13827,.T.);
#13829 = ORIENTED_EDGE('',*,*,#13828,.F.);
#13830 = CARTESIAN_POINT('',(15.659500000000001,-0.8504999999999999,4.995));
#13831 = DIRECTION('',(0.,0.8498727207846387,0.5269880059983487));
#13832 = DIRECTION('',(1.,0.,0.));
#13833 = AXIS2_PLACEMENT_3D('',#13830,#13831,#13832);
#13834 = PLANE('',#13833);
#13835 = EDGE_LOOP('',(#13814,#13819,#13824,#13829));
#13836 = FACE_OUTER_BOUND('',#13835,.T.);
#13837 = ADVANCED_FACE('',(#13836),#13834,.T.);
#13838 = CARTESIAN_POINT('',(16.0375,0.4725,4.3854));
#13839 = VERTEX_POINT('',#13838);
#13840 = CARTESIAN_POINT('',(15.659500000000001,0.8504999999999999,4.995));
#13841 = VERTEX_POINT('',#13840);
#13842 = DIRECTION('',(0.46621205975657015,-0.46621205975656993,-0.7518594487502784));
#13843 = VECTOR('',#13842,1.);
#13844 = LINE('',#13840,#13843);
#13845 = EDGE_CURVE('',#13841,#13839,#13844,.T.);
#13846 = ORIENTED_EDGE('',*,*,#13845,.F.);
#13847 = DIRECTION('',(0.,1.,0.));
#13848 = VECTOR('',#13847,1.);
#13849 = LINE('',#13802,#13848);
#13850 = EDGE_CURVE('',#13803,#13841,#13849,.T.);
#13851 = ORIENTED_EDGE('',*,*,#13850,.F.);
#13852 = ORIENTED_EDGE('',*,*,#13828,.T.);
#13853 = DIRECTION('',(0.,1.,0.));
#13854 = VECTOR('',#13853,1.);
#13855 = LINE('',#13808,#13854);
#13856 = EDGE_CURVE('',#13809,#13839,#13855,.T.);
#13857 = ORIENTED_EDGE('',*,*,#13856,.T.);
#13858 = CARTESIAN_POINT('',(16.0375,0.4725,4.3854));
#13859 = DIRECTION('',(0.8498727207846386,0.,0.5269880059983487));
#13860 = DIRECTION('',(-0.46621205975657015,0.46621205975656993,0.7518594487502784));
#13861 = AXIS2_PLACEMENT_3D('',#13858,#13859,#13860);
#13862 = PLANE('',#13861);
#13863 = EDGE_LOOP('',(#13846,#13851,#13852,#13857));
#13864 = FACE_OUTER_BOUND('',#13863,.T.);
#13865 = ADVANCED_FACE('',(#13864),#13862,.T.);
#13866 = CARTESIAN_POINT('',(17.360500000000002,0.8504999999999999,4.995));
#13867 = VERTEX_POINT('',#13866);
#13868 = CARTESIAN_POINT('',(16.9825,0.4725,4.3854));
#13869 = VERTEX_POINT('',#13868);
#13870 = DIRECTION('',(1.,0.,0.));
#13871 = VECTOR('',#13870,1.);
#13872 = LINE('',#13840,#13871);
#13873 = EDGE_CURVE('',#13841,#13867,#13872,.T.);
#13874 = ORIENTED_EDGE('',*,*,#13873,.F.);
#13875 = ORIENTED_EDGE('',*,*,#13845,.T.);
#13876 = DIRECTION('',(1.,0.,0.));
#13877 = VECTOR('',#13876,1.);
#13878 = LINE('',#13838,#13877);
#13879 = EDGE_CURVE('',#13839,#13869,#13878,.T.);
#13880 = ORIENTED_EDGE('',*,*,#13879,.T.);
#13881 = DIRECTION('',(0.46621205975657015,0.46621205975656993,0.7518594487502784));
#13882 = VECTOR('',#13881,1.);
#13883 = LINE('',#13868,#13882);
#13884 = EDGE_CURVE('',#13869,#13867,#13883,.T.);
#13885 = ORIENTED_EDGE('',*,*,#13884,.T.);
#13886 = CARTESIAN_POINT('',(17.360500000000002,0.8504999999999999,4.995));
#13887 = DIRECTION('',(0.,-0.8498727207846387,0.5269880059983487));
#13888 = DIRECTION('',(-1.,0.,0.));
#13889 = AXIS2_PLACEMENT_3D('',#13886,#13887,#13888);
#13890 = PLANE('',#13889);
#13891 = EDGE_LOOP('',(#13874,#13875,#13880,#13885));
#13892 = FACE_OUTER_BOUND('',#13891,.T.);
#13893 = ADVANCED_FACE('',(#13892),#13890,.T.);
#13894 = ORIENTED_EDGE('',*,*,#13818,.T.);
#13895 = DIRECTION('',(0.,1.,0.));
#13896 = VECTOR('',#13895,1.);
#13897 = LINE('',#13804,#13896);
#13898 = EDGE_CURVE('',#13805,#13867,#13897,.T.);
#13899 = ORIENTED_EDGE('',*,*,#13898,.T.);
#13900 = ORIENTED_EDGE('',*,*,#13884,.F.);
#13901 = DIRECTION('',(0.,1.,0.));
#13902 = VECTOR('',#13901,1.);
#13903 = LINE('',#13806,#13902);
#13904 = EDGE_CURVE('',#13807,#13869,#13903,.T.);
#13905 = ORIENTED_EDGE('',*,*,#13904,.F.);
#13906 = CARTESIAN_POINT('',(16.9825,-0.4725,4.3854));
#13907 = DIRECTION('',(-0.8498727207846386,0.,0.5269880059983487));
#13908 = DIRECTION('',(0.46621205975657015,-0.46621205975656993,0.7518594487502784));
#13909 = AXIS2_PLACEMENT_3D('',#13906,#13907,#13908);
#13910 = PLANE('',#13909);
#13911 = EDGE_LOOP('',(#13894,#13899,#13900,#13905));
#13912 = FACE_OUTER_BOUND('',#13911,.T.);
#13913 = ADVANCED_FACE('',(#13912),#13910,.T.);
#13914 = CARTESIAN_POINT('',(17.360500000000002,-0.8504999999999999,5.));
#13915 = VERTEX_POINT('',#13914);
#13916 = CARTESIAN_POINT('',(15.659500000000001,-0.8504999999999999,5.));
#13917 = VERTEX_POINT('',#13916);
#13918 = DIRECTION('',(0.,0.,1.));
#13919 = VECTOR('',#13918,1.);
#13920 = LINE('',#13804,#13919);
#13921 = EDGE_CURVE('',#13805,#13915,#13920,.T.);
#13922 = ORIENTED_EDGE('',*,*,#13921,.F.);
#13923 = ORIENTED_EDGE('',*,*,#13813,.F.);
#13924 = DIRECTION('',(0.,0.,1.));
#13925 = VECTOR('',#13924,1.);
#13926 = LINE('',#13802,#13925);
#13927 = EDGE_CURVE('',#13803,#13917,#13926,.T.);
#13928 = ORIENTED_EDGE('',*,*,#13927,.T.);
#13929 = DIRECTION('',(1.,0.,0.));
#13930 = VECTOR('',#13929,1.);
#13931 = LINE('',#13916,#13930);
#13932 = EDGE_CURVE('',#13917,#13915,#13931,.T.);
#13933 = ORIENTED_EDGE('',*,*,#13932,.T.);
#13934 = CARTESIAN_POINT('',(17.360500000000002,-0.8504999999999999,5.));
#13935 = DIRECTION('',(0.,1.,0.));
#13936 = DIRECTION('',(0.,0.,-1.));
#13937 = AXIS2_PLACEMENT_3D('',#13934,#13935,#13936);
#13938 = PLANE('',#13937);
#13939 = EDGE_LOOP('',(#13922,#13923,#13928,#13933));
#13940 = FACE_OUTER_BOUND('',#13939,.T.);
#13941 = ADVANCED_FACE('',(#13940),#13938,.T.);
#13942 = CARTESIAN_POINT('',(15.659500000000001,0.8504999999999999,5.));
#13943 = VERTEX_POINT('',#13942);
#13944 = ORIENTED_EDGE('',*,*,#13927,.F.);
#13945 = ORIENTED_EDGE('',*,*,#13850,.T.);
#13946 = DIRECTION('',(0.,0.,1.));
#13947 = VECTOR('',#13946,1.);
#13948 = LINE('',#13840,#13947);
#13949 = EDGE_CURVE('',#13841,#13943,#13948,.T.);
#13950 = ORIENTED_EDGE('',*,*,#13949,.T.);
#13951 = DIRECTION('',(0.,1.,0.));
#13952 = VECTOR('',#13951,1.);
#13953 = LINE('',#13916,#13952);
#13954 = EDGE_CURVE('',#13917,#13943,#13953,.T.);
#13955 = ORIENTED_EDGE('',*,*,#13954,.F.);
#13956 = CARTESIAN_POINT('',(15.659500000000001,-0.8504999999999999,5.));
#13957 = DIRECTION('',(1.,0.,0.));
#13958 = DIRECTION('',(0.,0.,-1.));
#13959 = AXIS2_PLACEMENT_3D('',#13956,#13957,#13958);
#13960 = PLANE('',#13959);
#13961 = EDGE_LOOP('',(#13944,#13945,#13950,#13955));
#13962 = FACE_OUTER_BOUND('',#13961,.T.);
#13963 = ADVANCED_FACE('',(#13962),#13960,.T.);
#13964 = CARTESIAN_POINT('',(17.360500000000002,0.8504999999999999,5.));
#13965 = VERTEX_POINT('',#13964);
#13966 = DIRECTION('',(0.,0.,1.));
#13967 = VECTOR('',#13966,1.);
#13968 = LINE('',#13866,#13967);
#13969 = EDGE_CURVE('',#13867,#13965,#13968,.T.);
#13970 = ORIENTED_EDGE('',*,*,#13969,.F.);
#13971 = ORIENTED_EDGE('',*,*,#13898,.F.);
#13972 = ORIENTED_EDGE('',*,*,#13921,.T.);
#13973 = DIRECTION('',(0.,1.,0.));
#13974 = VECTOR('',#13973,1.);
#13975 = LINE('',#13914,#13974);
#13976 = EDGE_CURVE('',#13915,#13965,#13975,.T.);
#13977 = ORIENTED_EDGE('',*,*,#13976,.T.);
#13978 = CARTESIAN_POINT('',(17.360500000000002,0.8504999999999999,5.));
#13979 = DIRECTION('',(-1.,0.,0.));
#13980 = DIRECTION('',(0.,0.,-1.));
#13981 = AXIS2_PLACEMENT_3D('',#13978,#13979,#13980);
#13982 = PLANE('',#13981);
#13983 = EDGE_LOOP('',(#13970,#13971,#13972,#13977));
#13984 = FACE_OUTER_BOUND('',#13983,.T.);
#13985 = ADVANCED_FACE('',(#13984),#13982,.T.);
#13986 = ORIENTED_EDGE('',*,*,#13949,.F.);
#13987 = ORIENTED_EDGE('',*,*,#13873,.T.);
#13988 = ORIENTED_EDGE('',*,*,#13969,.T.);
#13989 = DIRECTION('',(1.,0.,0.));
#13990 = VECTOR('',#13989,1.);
#13991 = LINE('',#13942,#13990);
#13992 = EDGE_CURVE('',#13943,#13965,#13991,.T.);
#13993 = ORIENTED_EDGE('',*,*,#13992,.F.);
#13994 = CARTESIAN_POINT('',(15.659500000000001,0.8504999999999999,5.));
#13995 = DIRECTION('',(0.,-1.,0.));
#13996 = DIRECTION('',(0.,0.,-1.));
#13997 = AXIS2_PLACEMENT_3D('',#13994,#13995,#13996);
#13998 = PLANE('',#13997);
#13999 = EDGE_LOOP('',(#13986,#13987,#13988,#13993));
#14000 = FACE_OUTER_BOUND('',#13999,.T.);
#14001 = ADVANCED_FACE('',(#14000),#13998,.T.);
#14002 = DIRECTION('',(0.,0.,1.));
#14003 = VECTOR('',#14002,1.);
#14004 = LINE('',#13740,#14003);
#14005 = EDGE_CURVE('',#13741,#13809,#14004,.T.);
#14006 = ORIENTED_EDGE('',*,*,#14005,.F.);
#14007 = ORIENTED_EDGE('',*,*,#13745,.T.);
#14008 = DIRECTION('',(0.,0.,1.));
#14009 = VECTOR('',#14008,1.);
#14010 = LINE('',#13712,#14009);
#14011 = EDGE_CURVE('',#13713,#13839,#14010,.T.);
#14012 = ORIENTED_EDGE('',*,*,#14011,.T.);
#14013 = ORIENTED_EDGE('',*,*,#13856,.F.);
#14014 = CARTESIAN_POINT('',(16.0375,-0.4725,4.385399999999999));
#14015 = DIRECTION('',(1.,0.,0.));
#14016 = DIRECTION('',(0.,0.,-1.));
#14017 = AXIS2_PLACEMENT_3D('',#14014,#14015,#14016);
#14018 = PLANE('',#14017);
#14019 = EDGE_LOOP('',(#14006,#14007,#14012,#14013));
#14020 = FACE_OUTER_BOUND('',#14019,.T.);
#14021 = ADVANCED_FACE('',(#14020),#14018,.T.);
#14022 = ORIENTED_EDGE('',*,*,#13904,.T.);
#14023 = DIRECTION('',(0.,0.,1.));
#14024 = VECTOR('',#14023,1.);
#14025 = LINE('',#13710,#14024);
#14026 = EDGE_CURVE('',#13711,#13869,#14025,.T.);
#14027 = ORIENTED_EDGE('',*,*,#14026,.F.);
#14028 = ORIENTED_EDGE('',*,*,#13773,.F.);
#14029 = DIRECTION('',(0.,0.,1.));
#14030 = VECTOR('',#14029,1.);
#14031 = LINE('',#13762,#14030);
#14032 = EDGE_CURVE('',#13763,#13807,#14031,.T.);
#14033 = ORIENTED_EDGE('',*,*,#14032,.T.);
#14034 = CARTESIAN_POINT('',(16.9825,-0.4725,4.385399999999999));
#14035 = DIRECTION('',(-1.,0.,0.));
#14036 = DIRECTION('',(0.,1.,0.));
#14037 = AXIS2_PLACEMENT_3D('',#14034,#14035,#14036);
#14038 = PLANE('',#14037);
#14039 = EDGE_LOOP('',(#14022,#14027,#14028,#14033));
#14040 = FACE_OUTER_BOUND('',#14039,.T.);
#14041 = ADVANCED_FACE('',(#14040),#14038,.T.);
#14042 = ORIENTED_EDGE('',*,*,#14032,.F.);
#14043 = ORIENTED_EDGE('',*,*,#13791,.F.);
#14044 = ORIENTED_EDGE('',*,*,#14005,.T.);
#14045 = ORIENTED_EDGE('',*,*,#13823,.T.);
#14046 = CARTESIAN_POINT('',(16.9825,-0.4725,4.385399999999998));
#14047 = DIRECTION('',(0.,1.,0.));
#14048 = DIRECTION('',(0.,0.,-1.));
#14049 = AXIS2_PLACEMENT_3D('',#14046,#14047,#14048);
#14050 = PLANE('',#14049);
#14051 = EDGE_LOOP('',(#14042,#14043,#14044,#14045));
#14052 = FACE_OUTER_BOUND('',#14051,.T.);
#14053 = ADVANCED_FACE('',(#14052),#14050,.T.);
#14054 = ORIENTED_EDGE('',*,*,#14011,.F.);
#14055 = ORIENTED_EDGE('',*,*,#13723,.T.);
#14056 = ORIENTED_EDGE('',*,*,#14026,.T.);
#14057 = ORIENTED_EDGE('',*,*,#13879,.F.);
#14058 = CARTESIAN_POINT('',(16.0375,0.4725,4.385399999999999));
#14059 = DIRECTION('',(0.,-1.,0.));
#14060 = DIRECTION('',(0.,0.,-1.));
#14061 = AXIS2_PLACEMENT_3D('',#14058,#14059,#14060);
#14062 = PLANE('',#14061);
#14063 = EDGE_LOOP('',(#14054,#14055,#14056,#14057));
#14064 = FACE_OUTER_BOUND('',#14063,.T.);
#14065 = ADVANCED_FACE('',(#14064),#14062,.T.);
#14066 = ORIENTED_EDGE('',*,*,#13576,.F.);
#14067 = DIRECTION('',(1.,0.,0.));
#14068 = VECTOR('',#14067,1.);
#14069 = LINE('',#13548,#14068);
#14070 = EDGE_CURVE('',#13549,#13943,#14069,.T.);
#14071 = ORIENTED_EDGE('',*,*,#14070,.T.);
#14072 = ORIENTED_EDGE('',*,*,#13992,.T.);
#14073 = DIRECTION('',(1.,0.,0.));
#14074 = VECTOR('',#14073,1.);
#14075 = LINE('',#13964,#14074);
#14076 = EDGE_CURVE('',#13965,#13617,#14075,.T.);
#14077 = ORIENTED_EDGE('',*,*,#14076,.T.);
#14078 = ORIENTED_EDGE('',*,*,#13645,.T.);
#14079 = ORIENTED_EDGE('',*,*,#13694,.F.);
#14080 = CARTESIAN_POINT('',(15.240000000000002,1.27,5.));
#14081 = DIRECTION('',(0.,0.,1.));
#14082 = DIRECTION('',(0.,-1.,0.));
#14083 = AXIS2_PLACEMENT_3D('',#14080,#14081,#14082);
#14084 = PLANE('',#14083);
#14085 = EDGE_LOOP('',(#14066,#14071,#14072,#14077,#14078,#14079));
#14086 = FACE_OUTER_BOUND('',#14085,.T.);
#14087 = ADVANCED_FACE('',(#14086),#14084,.T.);
#14088 = ORIENTED_EDGE('',*,*,#13976,.F.);
#14089 = DIRECTION('',(1.,0.,0.));
#14090 = VECTOR('',#14089,1.);
#14091 = LINE('',#13914,#14090);
#14092 = EDGE_CURVE('',#13915,#13619,#14091,.T.);
#14093 = ORIENTED_EDGE('',*,*,#14092,.T.);
#14094 = ORIENTED_EDGE('',*,*,#13650,.T.);
#14095 = ORIENTED_EDGE('',*,*,#14076,.F.);
#14096 = CARTESIAN_POINT('',(17.360500000000002,0.8504999999999999,5.));
#14097 = DIRECTION('',(0.,0.,1.));
#14098 = DIRECTION('',(0.,-1.,0.));
#14099 = AXIS2_PLACEMENT_3D('',#14096,#14097,#14098);
#14100 = PLANE('',#14099);
#14101 = EDGE_LOOP('',(#14088,#14093,#14094,#14095));
#14102 = FACE_OUTER_BOUND('',#14101,.T.);
#14103 = ADVANCED_FACE('',(#14102),#14100,.T.);
#14104 = ORIENTED_EDGE('',*,*,#13571,.F.);
#14105 = DIRECTION('',(1.,0.,0.));
#14106 = VECTOR('',#14105,1.);
#14107 = LINE('',#13546,#14106);
#14108 = EDGE_CURVE('',#13547,#13917,#14107,.T.);
#14109 = ORIENTED_EDGE('',*,*,#14108,.T.);
#14110 = ORIENTED_EDGE('',*,*,#13954,.T.);
#14111 = ORIENTED_EDGE('',*,*,#14070,.F.);
#14112 = CARTESIAN_POINT('',(15.240000000000002,0.8504999999999999,5.));
#14113 = DIRECTION('',(0.,0.,1.));
#14114 = DIRECTION('',(0.,-1.,0.));
#14115 = AXIS2_PLACEMENT_3D('',#14112,#14113,#14114);
#14116 = PLANE('',#14115);
#14117 = EDGE_LOOP('',(#14104,#14109,#14110,#14111));
#14118 = FACE_OUTER_BOUND('',#14117,.T.);
#14119 = ADVANCED_FACE('',(#14118),#14116,.T.);
#14120 = ORIENTED_EDGE('',*,*,#13566,.T.);
#14121 = ORIENTED_EDGE('',*,*,#13679,.T.);
#14122 = ORIENTED_EDGE('',*,*,#13655,.F.);
#14123 = ORIENTED_EDGE('',*,*,#14092,.F.);
#14124 = ORIENTED_EDGE('',*,*,#13932,.F.);
#14125 = ORIENTED_EDGE('',*,*,#14108,.F.);
#14126 = CARTESIAN_POINT('',(15.240000000000002,-0.8504999999999999,5.));
#14127 = DIRECTION('',(0.,0.,1.));
#14128 = DIRECTION('',(0.,-1.,0.));
#14129 = AXIS2_PLACEMENT_3D('',#14126,#14127,#14128);
#14130 = PLANE('',#14129);
#14131 = EDGE_LOOP('',(#14120,#14121,#14122,#14123,#14124,#14125));
#14132 = FACE_OUTER_BOUND('',#14131,.T.);
#14133 = ADVANCED_FACE('',(#14132),#14130,.T.);
#14134 = CLOSED_SHELL('',(#13605,#13669,#13689,#13709,#13739,#13761,#13783,#13801,#13837,#13865,#13893,#13913,#13941,#13963,#13985,#14001,#14021,#14041,#14053,#14065,#14087,#14103,#14119,#14133));
#14135 = MANIFOLD_SOLID_BREP('',#14134);
#14136 = COLOUR_RGB('',0.10196078431372549,0.10196078431372549,0.10196078431372549);
#14137 = FILL_AREA_STYLE_COLOUR('',#14136);
#14138 = FILL_AREA_STYLE('',(#14137));
#14139 = SURFACE_STYLE_FILL_AREA(#14138);
#14140 = SURFACE_SIDE_STYLE('',(#14139));
#14141 = SURFACE_STYLE_USAGE(.BOTH.,#14140);
#14142 = PRESENTATION_STYLE_ASSIGNMENT((#14141));
#14143 = STYLED_ITEM('',(#14142),#14135);
#14144 = CARTESIAN_POINT('',(16.825000000000003,-0.315,0.));
#14145 = VERTEX_POINT('',#14144);
#14146 = CARTESIAN_POINT('',(16.195,-0.315,0.));
#14147 = VERTEX_POINT('',#14146);
#14148 = CARTESIAN_POINT('',(16.195,-0.315,-2.7));
#14149 = VERTEX_POINT('',#14148);
#14150 = CARTESIAN_POINT('',(16.825000000000003,-0.315,-2.7));
#14151 = VERTEX_POINT('',#14150);
#14152 = DIRECTION('',(1.,0.,0.));
#14153 = VECTOR('',#14152,1.);
#14154 = LINE('',#14146,#14153);
#14155 = EDGE_CURVE('',#14147,#14145,#14154,.T.);
#14156 = ORIENTED_EDGE('',*,*,#14155,.F.);
#14157 = DIRECTION('',(0.,0.,1.));
#14158 = VECTOR('',#14157,1.);
#14159 = LINE('',#14148,#14158);
#14160 = EDGE_CURVE('',#14149,#14147,#14159,.T.);
#14161 = ORIENTED_EDGE('',*,*,#14160,.F.);
#14162 = DIRECTION('',(1.,0.,0.));
#14163 = VECTOR('',#14162,1.);
#14164 = LINE('',#14148,#14163);
#14165 = EDGE_CURVE('',#14149,#14151,#14164,.T.);
#14166 = ORIENTED_EDGE('',*,*,#14165,.T.);
#14167 = DIRECTION('',(0.,0.,1.));
#14168 = VECTOR('',#14167,1.);
#14169 = LINE('',#14150,#14168);
#14170 = EDGE_CURVE('',#14151,#14145,#14169,.T.);
#14171 = ORIENTED_EDGE('',*,*,#14170,.T.);
#14172 = CARTESIAN_POINT('',(16.825000000000003,-0.315,0.));
#14173 = DIRECTION('',(0.,-1.,0.));
#14174 = DIRECTION('',(-1.,0.,0.));
#14175 = AXIS2_PLACEMENT_3D('',#14172,#14173,#14174);
#14176 = PLANE('',#14175);
#14177 = EDGE_LOOP('',(#14156,#14161,#14166,#14171));
#14178 = FACE_OUTER_BOUND('',#14177,.T.);
#14179 = ADVANCED_FACE('',(#14178),#14176,.T.);
#14180 = CARTESIAN_POINT('',(16.825000000000003,0.315,-2.7));
#14181 = VERTEX_POINT('',#14180);
#14182 = CARTESIAN_POINT('',(16.825000000000003,0.315,0.));
#14183 = VERTEX_POINT('',#14182);
#14184 = ORIENTED_EDGE('',*,*,#14170,.F.);
#14185 = DIRECTION('',(0.,1.,0.));
#14186 = VECTOR('',#14185,1.);
#14187 = LINE('',#14150,#14186);
#14188 = EDGE_CURVE('',#14151,#14181,#14187,.T.);
#14189 = ORIENTED_EDGE('',*,*,#14188,.T.);
#14190 = DIRECTION('',(0.,0.,1.));
#14191 = VECTOR('',#14190,1.);
#14192 = LINE('',#14180,#14191);
#14193 = EDGE_CURVE('',#14181,#14183,#14192,.T.);
#14194 = ORIENTED_EDGE('',*,*,#14193,.T.);
#14195 = DIRECTION('',(0.,1.,0.));
#14196 = VECTOR('',#14195,1.);
#14197 = LINE('',#14144,#14196);
#14198 = EDGE_CURVE('',#14145,#14183,#14197,.T.);
#14199 = ORIENTED_EDGE('',*,*,#14198,.F.);
#14200 = CARTESIAN_POINT('',(16.825000000000003,-0.315,0.));
#14201 = DIRECTION('',(1.,0.,0.));
#14202 = DIRECTION('',(0.,0.,-1.));
#14203 = AXIS2_PLACEMENT_3D('',#14200,#14201,#14202);
#14204 = PLANE('',#14203);
#14205 = EDGE_LOOP('',(#14184,#14189,#14194,#14199));
#14206 = FACE_OUTER_BOUND('',#14205,.T.);
#14207 = ADVANCED_FACE('',(#14206),#14204,.T.);
#14208 = CARTESIAN_POINT('',(16.685000000000002,-0.175,-3.));
#14209 = VERTEX_POINT('',#14208);
#14210 = CARTESIAN_POINT('',(16.335,-0.175,-3.));
#14211 = VERTEX_POINT('',#14210);
#14212 = DIRECTION('',(0.38949041885226154,-0.38949041885226,0.8346223261119851));
#14213 = VECTOR('',#14212,1.);
#14214 = LINE('',#14208,#14213);
#14215 = EDGE_CURVE('',#14209,#14151,#14214,.T.);
#14216 = ORIENTED_EDGE('',*,*,#14215,.T.);
#14217 = ORIENTED_EDGE('',*,*,#14165,.F.);
#14218 = DIRECTION('',(0.38949041885226154,0.38949041885226,-0.8346223261119851));
#14219 = VECTOR('',#14218,1.);
#14220 = LINE('',#14148,#14219);
#14221 = EDGE_CURVE('',#14149,#14211,#14220,.T.);
#14222 = ORIENTED_EDGE('',*,*,#14221,.T.);
#14223 = DIRECTION('',(1.,0.,0.));
#14224 = VECTOR('',#14223,1.);
#14225 = LINE('',#14210,#14224);
#14226 = EDGE_CURVE('',#14211,#14209,#14225,.T.);
#14227 = ORIENTED_EDGE('',*,*,#14226,.T.);
#14228 = CARTESIAN_POINT('',(16.685000000000002,-0.175,-3.));
#14229 = DIRECTION('',(0.,-0.906183139995265,-0.4228854653311248));
#14230 = DIRECTION('',(0.38949041885226154,-0.38949041885226,0.8346223261119851));
#14231 = AXIS2_PLACEMENT_3D('',#14228,#14229,#14230);
#14232 = PLANE('',#14231);
#14233 = EDGE_LOOP('',(#14216,#14217,#14222,#14227));
#14234 = FACE_OUTER_BOUND('',#14233,.T.);
#14235 = ADVANCED_FACE('',(#14234),#14232,.T.);
#14236 = CARTESIAN_POINT('',(16.195,0.315,0.));
#14237 = VERTEX_POINT('',#14236);
#14238 = CARTESIAN_POINT('',(16.195,0.315,-2.7));
#14239 = VERTEX_POINT('',#14238);
#14240 = DIRECTION('',(1.,0.,0.));
#14241 = VECTOR('',#14240,1.);
#14242 = LINE('',#14236,#14241);
#14243 = EDGE_CURVE('',#14237,#14183,#14242,.T.);
#14244 = ORIENTED_EDGE('',*,*,#14243,.T.);
#14245 = ORIENTED_EDGE('',*,*,#14193,.F.);
#14246 = DIRECTION('',(1.,0.,0.));
#14247 = VECTOR('',#14246,1.);
#14248 = LINE('',#14238,#14247);
#14249 = EDGE_CURVE('',#14239,#14181,#14248,.T.);
#14250 = ORIENTED_EDGE('',*,*,#14249,.F.);
#14251 = DIRECTION('',(0.,0.,1.));
#14252 = VECTOR('',#14251,1.);
#14253 = LINE('',#14238,#14252);
#14254 = EDGE_CURVE('',#14239,#14237,#14253,.T.);
#14255 = ORIENTED_EDGE('',*,*,#14254,.T.);
#14256 = CARTESIAN_POINT('',(16.195,0.315,0.));
#14257 = DIRECTION('',(0.,1.,0.));
#14258 = DIRECTION('',(1.,0.,0.));
#14259 = AXIS2_PLACEMENT_3D('',#14256,#14257,#14258);
#14260 = PLANE('',#14259);
#14261 = EDGE_LOOP('',(#14244,#14245,#14250,#14255));
#14262 = FACE_OUTER_BOUND('',#14261,.T.);
#14263 = ADVANCED_FACE('',(#14262),#14260,.T.);
#14264 = ORIENTED_EDGE('',*,*,#14254,.F.);
#14265 = DIRECTION('',(0.,1.,0.));
#14266 = VECTOR('',#14265,1.);
#14267 = LINE('',#14148,#14266);
#14268 = EDGE_CURVE('',#14149,#14239,#14267,.T.);
#14269 = ORIENTED_EDGE('',*,*,#14268,.F.);
#14270 = ORIENTED_EDGE('',*,*,#14160,.T.);
#14271 = DIRECTION('',(0.,1.,0.));
#14272 = VECTOR('',#14271,1.);
#14273 = LINE('',#14146,#14272);
#14274 = EDGE_CURVE('',#14147,#14237,#14273,.T.);
#14275 = ORIENTED_EDGE('',*,*,#14274,.T.);
#14276 = CARTESIAN_POINT('',(16.195,0.315,0.));
#14277 = DIRECTION('',(-1.,0.,0.));
#14278 = DIRECTION('',(0.,0.,-1.));
#14279 = AXIS2_PLACEMENT_3D('',#14276,#14277,#14278);
#14280 = PLANE('',#14279);
#14281 = EDGE_LOOP('',(#14264,#14269,#14270,#14275));
#14282 = FACE_OUTER_BOUND('',#14281,.T.);
#14283 = ADVANCED_FACE('',(#14282),#14280,.T.);
#14284 = ORIENTED_EDGE('',*,*,#14274,.F.);
#14285 = ORIENTED_EDGE('',*,*,#14155,.T.);
#14286 = ORIENTED_EDGE('',*,*,#14198,.T.);
#14287 = ORIENTED_EDGE('',*,*,#14243,.F.);
#14288 = CARTESIAN_POINT('',(16.195,0.315,0.));
#14289 = DIRECTION('',(0.,0.,1.));
#14290 = DIRECTION('',(0.,-1.,0.));
#14291 = AXIS2_PLACEMENT_3D('',#14288,#14289,#14290);
#14292 = PLANE('',#14291);
#14293 = EDGE_LOOP('',(#14284,#14285,#14286,#14287));
#14294 = FACE_OUTER_BOUND('',#14293,.T.);
#14295 = ADVANCED_FACE('',(#14294),#14292,.T.);
#14296 = CARTESIAN_POINT('',(16.685000000000002,0.175,-3.));
#14297 = VERTEX_POINT('',#14296);
#14298 = DIRECTION('',(0.38949041885226154,0.38949041885226,0.8346223261119851));
#14299 = VECTOR('',#14298,1.);
#14300 = LINE('',#14296,#14299);
#14301 = EDGE_CURVE('',#14297,#14181,#14300,.T.);
#14302 = ORIENTED_EDGE('',*,*,#14301,.T.);
#14303 = ORIENTED_EDGE('',*,*,#14188,.F.);
#14304 = ORIENTED_EDGE('',*,*,#14215,.F.);
#14305 = DIRECTION('',(0.,1.,0.));
#14306 = VECTOR('',#14305,1.);
#14307 = LINE('',#14208,#14306);
#14308 = EDGE_CURVE('',#14209,#14297,#14307,.T.);
#14309 = ORIENTED_EDGE('',*,*,#14308,.T.);
#14310 = CARTESIAN_POINT('',(16.685000000000002,0.175,-3.));
#14311 = DIRECTION('',(0.9061831399952646,0.,-0.4228854653311257));
#14312 = DIRECTION('',(0.38949041885226154,0.38949041885226,0.8346223261119851));
#14313 = AXIS2_PLACEMENT_3D('',#14310,#14311,#14312);
#14314 = PLANE('',#14313);
#14315 = EDGE_LOOP('',(#14302,#14303,#14304,#14309));
#14316 = FACE_OUTER_BOUND('',#14315,.T.);
#14317 = ADVANCED_FACE('',(#14316),#14314,.T.);
#14318 = CARTESIAN_POINT('',(16.335,0.175,-3.));
#14319 = VERTEX_POINT('',#14318);
#14320 = DIRECTION('',(0.38949041885226154,-0.38949041885226,-0.8346223261119851));
#14321 = VECTOR('',#14320,1.);
#14322 = LINE('',#14238,#14321);
#14323 = EDGE_CURVE('',#14239,#14319,#14322,.T.);
#14324 = ORIENTED_EDGE('',*,*,#14323,.F.);
#14325 = ORIENTED_EDGE('',*,*,#14249,.T.);
#14326 = ORIENTED_EDGE('',*,*,#14301,.F.);
#14327 = DIRECTION('',(1.,0.,0.));
#14328 = VECTOR('',#14327,1.);
#14329 = LINE('',#14318,#14328);
#14330 = EDGE_CURVE('',#14319,#14297,#14329,.T.);
#14331 = ORIENTED_EDGE('',*,*,#14330,.F.);
#14332 = CARTESIAN_POINT('',(16.335,0.175,-3.));
#14333 = DIRECTION('',(0.,0.906183139995265,-0.4228854653311248));
#14334 = DIRECTION('',(-0.38949041885226154,0.38949041885226,0.8346223261119851));
#14335 = AXIS2_PLACEMENT_3D('',#14332,#14333,#14334);
#14336 = PLANE('',#14335);
#14337 = EDGE_LOOP('',(#14324,#14325,#14326,#14331));
#14338 = FACE_OUTER_BOUND('',#14337,.T.);
#14339 = ADVANCED_FACE('',(#14338),#14336,.T.);
#14340 = ORIENTED_EDGE('',*,*,#14330,.T.);
#14341 = ORIENTED_EDGE('',*,*,#14308,.F.);
#14342 = ORIENTED_EDGE('',*,*,#14226,.F.);
#14343 = DIRECTION('',(0.,1.,0.));
#14344 = VECTOR('',#14343,1.);
#14345 = LINE('',#14210,#14344);
#14346 = EDGE_CURVE('',#14211,#14319,#14345,.T.);
#14347 = ORIENTED_EDGE('',*,*,#14346,.T.);
#14348 = CARTESIAN_POINT('',(16.335,0.175,-3.));
#14349 = DIRECTION('',(0.,0.,-1.));
#14350 = DIRECTION('',(1.,0.,0.));
#14351 = AXIS2_PLACEMENT_3D('',#14348,#14349,#14350);
#14352 = PLANE('',#14351);
#14353 = EDGE_LOOP('',(#14340,#14341,#14342,#14347));
#14354 = FACE_OUTER_BOUND('',#14353,.T.);
#14355 = ADVANCED_FACE('',(#14354),#14352,.T.);
#14356 = ORIENTED_EDGE('',*,*,#14346,.F.);
#14357 = ORIENTED_EDGE('',*,*,#14221,.F.);
#14358 = ORIENTED_EDGE('',*,*,#14268,.T.);
#14359 = ORIENTED_EDGE('',*,*,#14323,.T.);
#14360 = CARTESIAN_POINT('',(16.335,0.175,-3.));
#14361 = DIRECTION('',(-0.9061831399952646,0.,-0.4228854653311256));
#14362 = DIRECTION('',(0.,-1.,0.));
#14363 = AXIS2_PLACEMENT_3D('',#14360,#14361,#14362);
#14364 = PLANE('',#14363);
#14365 = EDGE_LOOP('',(#14356,#14357,#14358,#14359));
#14366 = FACE_OUTER_BOUND('',#14365,.T.);
#14367 = ADVANCED_FACE('',(#14366),#14364,.T.);
#14368 = CLOSED_SHELL('',(#14179,#14207,#14235,#14263,#14283,#14295,#14317,#14339,#14355,#14367));
#14369 = MANIFOLD_SOLID_BREP('',#14368);
#14370 = CARTESIAN_POINT('',(16.006,-0.504,0.));
#14371 = VERTEX_POINT('',#14370);
#14372 = CARTESIAN_POINT('',(16.006,-0.504,0.504));
#14373 = VERTEX_POINT('',#14372);
#14374 = CARTESIAN_POINT('',(16.006,0.504,0.504));
#14375 = VERTEX_POINT('',#14374);
#14376 = CARTESIAN_POINT('',(16.006,0.504,0.));
#14377 = VERTEX_POINT('',#14376);
#14378 = DIRECTION('',(0.,0.,1.));
#14379 = VECTOR('',#14378,1.);
#14380 = LINE('',#14370,#14379);
#14381 = EDGE_CURVE('',#14371,#14373,#14380,.T.);
#14382 = ORIENTED_EDGE('',*,*,#14381,.T.);
#14383 = DIRECTION('',(0.,1.,0.));
#14384 = VECTOR('',#14383,1.);
#14385 = LINE('',#14372,#14384);
#14386 = EDGE_CURVE('',#14373,#14375,#14385,.T.);
#14387 = ORIENTED_EDGE('',*,*,#14386,.T.);
#14388 = DIRECTION('',(0.,0.,1.));
#14389 = VECTOR('',#14388,1.);
#14390 = LINE('',#14376,#14389);
#14391 = EDGE_CURVE('',#14377,#14375,#14390,.T.);
#14392 = ORIENTED_EDGE('',*,*,#14391,.F.);
#14393 = DIRECTION('',(0.,1.,0.));
#14394 = VECTOR('',#14393,1.);
#14395 = LINE('',#14370,#14394);
#14396 = EDGE_CURVE('',#14371,#14377,#14395,.T.);
#14397 = ORIENTED_EDGE('',*,*,#14396,.F.);
#14398 = CARTESIAN_POINT('',(16.006,-0.504,0.));
#14399 = DIRECTION('',(-1.,0.,0.));
#14400 = DIRECTION('',(0.,0.,1.));
#14401 = AXIS2_PLACEMENT_3D('',#14398,#14399,#14400);
#14402 = PLANE('',#14401);
#14403 = EDGE_LOOP('',(#14382,#14387,#14392,#14397));
#14404 = FACE_OUTER_BOUND('',#14403,.T.);
#14405 = ADVANCED_FACE('',(#14404),#14402,.T.);
#14406 = CARTESIAN_POINT('',(17.014000000000003,-0.504,0.));
#14407 = VERTEX_POINT('',#14406);
#14408 = CARTESIAN_POINT('',(17.014000000000003,0.504,0.));
#14409 = VERTEX_POINT('',#14408);
#14410 = CARTESIAN_POINT('',(17.014000000000003,0.504,0.504));
#14411 = VERTEX_POINT('',#14410);
#14412 = CARTESIAN_POINT('',(17.014000000000003,-0.504,0.504));
#14413 = VERTEX_POINT('',#14412);
#14414 = DIRECTION('',(0.,1.,0.));
#14415 = VECTOR('',#14414,1.);
#14416 = LINE('',#14406,#14415);
#14417 = EDGE_CURVE('',#14407,#14409,#14416,.T.);
#14418 = ORIENTED_EDGE('',*,*,#14417,.T.);
#14419 = DIRECTION('',(0.,0.,1.));
#14420 = VECTOR('',#14419,1.);
#14421 = LINE('',#14408,#14420);
#14422 = EDGE_CURVE('',#14409,#14411,#14421,.T.);
#14423 = ORIENTED_EDGE('',*,*,#14422,.T.);
#14424 = DIRECTION('',(0.,1.,0.));
#14425 = VECTOR('',#14424,1.);
#14426 = LINE('',#14412,#14425);
#14427 = EDGE_CURVE('',#14413,#14411,#14426,.T.);
#14428 = ORIENTED_EDGE('',*,*,#14427,.F.);
#14429 = DIRECTION('',(0.,0.,1.));
#14430 = VECTOR('',#14429,1.);
#14431 = LINE('',#14406,#14430);
#14432 = EDGE_CURVE('',#14407,#14413,#14431,.T.);
#14433 = ORIENTED_EDGE('',*,*,#14432,.F.);
#14434 = CARTESIAN_POINT('',(17.014000000000003,-0.504,0.));
#14435 = DIRECTION('',(1.,0.,0.));
#14436 = DIRECTION('',(0.,1.,0.));
#14437 = AXIS2_PLACEMENT_3D('',#14434,#14435,#14436);
#14438 = PLANE('',#14437);
#14439 = EDGE_LOOP('',(#14418,#14423,#14428,#14433));
#14440 = FACE_OUTER_BOUND('',#14439,.T.);
#14441 = ADVANCED_FACE('',(#14440),#14438,.T.);
#14442 = DIRECTION('',(1.,0.,0.));
#14443 = VECTOR('',#14442,1.);
#14444 = LINE('',#14370,#14443);
#14445 = EDGE_CURVE('',#14371,#14407,#14444,.T.);
#14446 = ORIENTED_EDGE('',*,*,#14445,.T.);
#14447 = ORIENTED_EDGE('',*,*,#14432,.T.);
#14448 = DIRECTION('',(1.,0.,0.));
#14449 = VECTOR('',#14448,1.);
#14450 = LINE('',#14372,#14449);
#14451 = EDGE_CURVE('',#14373,#14413,#14450,.T.);
#14452 = ORIENTED_EDGE('',*,*,#14451,.F.);
#14453 = ORIENTED_EDGE('',*,*,#14381,.F.);
#14454 = CARTESIAN_POINT('',(16.006,-0.504,0.));
#14455 = DIRECTION('',(0.,-1.,0.));
#14456 = DIRECTION('',(1.,0.,0.));
#14457 = AXIS2_PLACEMENT_3D('',#14454,#14455,#14456);
#14458 = PLANE('',#14457);
#14459 = EDGE_LOOP('',(#14446,#14447,#14452,#14453));
#14460 = FACE_OUTER_BOUND('',#14459,.T.);
#14461 = ADVANCED_FACE('',(#14460),#14458,.T.);
#14462 = ORIENTED_EDGE('',*,*,#14391,.T.);
#14463 = DIRECTION('',(1.,0.,0.));
#14464 = VECTOR('',#14463,1.);
#14465 = LINE('',#14374,#14464);
#14466 = EDGE_CURVE('',#14375,#14411,#14465,.T.);
#14467 = ORIENTED_EDGE('',*,*,#14466,.T.);
#14468 = ORIENTED_EDGE('',*,*,#14422,.F.);
#14469 = DIRECTION('',(1.,0.,0.));
#14470 = VECTOR('',#14469,1.);
#14471 = LINE('',#14376,#14470);
#14472 = EDGE_CURVE('',#14377,#14409,#14471,.T.);
#14473 = ORIENTED_EDGE('',*,*,#14472,.F.);
#14474 = CARTESIAN_POINT('',(16.006,0.504,0.));
#14475 = DIRECTION('',(0.,1.,0.));
#14476 = DIRECTION('',(0.,0.,1.));
#14477 = AXIS2_PLACEMENT_3D('',#14474,#14475,#14476);
#14478 = PLANE('',#14477);
#14479 = EDGE_LOOP('',(#14462,#14467,#14468,#14473));
#14480 = FACE_OUTER_BOUND('',#14479,.T.);
#14481 = ADVANCED_FACE('',(#14480),#14478,.T.);
#14482 = ORIENTED_EDGE('',*,*,#14396,.T.);
#14483 = ORIENTED_EDGE('',*,*,#14472,.T.);
#14484 = ORIENTED_EDGE('',*,*,#14417,.F.);
#14485 = ORIENTED_EDGE('',*,*,#14445,.F.);
#14486 = CARTESIAN_POINT('',(16.006,-0.504,0.));
#14487 = DIRECTION('',(0.,0.,-1.));
#14488 = DIRECTION('',(0.,1.,0.));
#14489 = AXIS2_PLACEMENT_3D('',#14486,#14487,#14488);
#14490 = PLANE('',#14489);
#14491 = EDGE_LOOP('',(#14482,#14483,#14484,#14485));
#14492 = FACE_OUTER_BOUND('',#14491,.T.);
#14493 = ADVANCED_FACE('',(#14492),#14490,.T.);
#14494 = ORIENTED_EDGE('',*,*,#14451,.T.);
#14495 = ORIENTED_EDGE('',*,*,#14427,.T.);
#14496 = ORIENTED_EDGE('',*,*,#14466,.F.);
#14497 = ORIENTED_EDGE('',*,*,#14386,.F.);
#14498 = CARTESIAN_POINT('',(16.006,-0.504,0.504));
#14499 = DIRECTION('',(0.,0.,1.));
#14500 = DIRECTION('',(1.,0.,0.));
#14501 = AXIS2_PLACEMENT_3D('',#14498,#14499,#14500);
#14502 = PLANE('',#14501);
#14503 = EDGE_LOOP('',(#14494,#14495,#14496,#14497));
#14504 = FACE_OUTER_BOUND('',#14503,.T.);
#14505 = ADVANCED_FACE('',(#14504),#14502,.T.);
#14506 = CLOSED_SHELL('',(#14405,#14441,#14461,#14481,#14493,#14505));
#14507 = MANIFOLD_SOLID_BREP('',#14506);
#14508 = CARTESIAN_POINT('',(17.78,-1.27,0.));
#14509 = VERTEX_POINT('',#14508);
#14510 = CARTESIAN_POINT('',(17.78,-1.27,5.));
#14511 = VERTEX_POINT('',#14510);
#14512 = CARTESIAN_POINT('',(17.78,-0.8504999999999999,5.));
#14513 = VERTEX_POINT('',#14512);
#14514 = CARTESIAN_POINT('',(17.78,0.8504999999999999,5.));
#14515 = VERTEX_POINT('',#14514);
#14516 = CARTESIAN_POINT('',(17.78,1.27,5.));
#14517 = VERTEX_POINT('',#14516);
#14518 = CARTESIAN_POINT('',(17.78,1.27,0.));
#14519 = VERTEX_POINT('',#14518);
#14520 = CARTESIAN_POINT('',(17.78,0.4724999999999999,0.));
#14521 = VERTEX_POINT('',#14520);
#14522 = CARTESIAN_POINT('',(17.78,-0.4724999999999999,0.));
#14523 = VERTEX_POINT('',#14522);
#14524 = DIRECTION('',(0.,0.,1.));
#14525 = VECTOR('',#14524,1.);
#14526 = LINE('',#14508,#14525);
#14527 = EDGE_CURVE('',#14509,#14511,#14526,.T.);
#14528 = ORIENTED_EDGE('',*,*,#14527,.T.);
#14529 = DIRECTION('',(0.,-1.,0.));
#14530 = VECTOR('',#14529,1.);
#14531 = LINE('',#14512,#14530);
#14532 = EDGE_CURVE('',#14513,#14511,#14531,.T.);
#14533 = ORIENTED_EDGE('',*,*,#14532,.F.);
#14534 = DIRECTION('',(0.,1.,0.));
#14535 = VECTOR('',#14534,1.);
#14536 = LINE('',#14512,#14535);
#14537 = EDGE_CURVE('',#14513,#14515,#14536,.T.);
#14538 = ORIENTED_EDGE('',*,*,#14537,.T.);
#14539 = DIRECTION('',(0.,1.,0.));
#14540 = VECTOR('',#14539,1.);
#14541 = LINE('',#14514,#14540);
#14542 = EDGE_CURVE('',#14515,#14517,#14541,.T.);
#14543 = ORIENTED_EDGE('',*,*,#14542,.T.);
#14544 = DIRECTION('',(0.,0.,1.));
#14545 = VECTOR('',#14544,1.);
#14546 = LINE('',#14518,#14545);
#14547 = EDGE_CURVE('',#14519,#14517,#14546,.T.);
#14548 = ORIENTED_EDGE('',*,*,#14547,.F.);
#14549 = DIRECTION('',(0.,1.,0.));
#14550 = VECTOR('',#14549,1.);
#14551 = LINE('',#14520,#14550);
#14552 = EDGE_CURVE('',#14521,#14519,#14551,.T.);
#14553 = ORIENTED_EDGE('',*,*,#14552,.F.);
#14554 = DIRECTION('',(0.,1.,0.));
#14555 = VECTOR('',#14554,1.);
#14556 = LINE('',#14522,#14555);
#14557 = EDGE_CURVE('',#14523,#14521,#14556,.T.);
#14558 = ORIENTED_EDGE('',*,*,#14557,.F.);
#14559 = DIRECTION('',(0.,-1.,0.));
#14560 = VECTOR('',#14559,1.);
#14561 = LINE('',#14522,#14560);
#14562 = EDGE_CURVE('',#14523,#14509,#14561,.T.);
#14563 = ORIENTED_EDGE('',*,*,#14562,.T.);
#14564 = CARTESIAN_POINT('',(17.78,-1.27,0.));
#14565 = DIRECTION('',(-1.,0.,0.));
#14566 = DIRECTION('',(0.,0.,1.));
#14567 = AXIS2_PLACEMENT_3D('',#14564,#14565,#14566);
#14568 = PLANE('',#14567);
#14569 = EDGE_LOOP('',(#14528,#14533,#14538,#14543,#14548,#14553,#14558,#14563));
#14570 = FACE_OUTER_BOUND('',#14569,.T.);
#14571 = ADVANCED_FACE('',(#14570),#14568,.T.);
#14572 = CARTESIAN_POINT('',(20.32,-1.27,0.));
#14573 = VERTEX_POINT('',#14572);
#14574 = CARTESIAN_POINT('',(20.32,-0.4724999999999999,0.));
#14575 = VERTEX_POINT('',#14574);
#14576 = CARTESIAN_POINT('',(20.32,0.4724999999999999,0.));
#14577 = VERTEX_POINT('',#14576);
#14578 = CARTESIAN_POINT('',(20.32,1.27,0.));
#14579 = VERTEX_POINT('',#14578);
#14580 = CARTESIAN_POINT('',(20.32,1.27,5.));
#14581 = VERTEX_POINT('',#14580);
#14582 = CARTESIAN_POINT('',(20.32,0.8504999999999999,5.));
#14583 = VERTEX_POINT('',#14582);
#14584 = CARTESIAN_POINT('',(20.32,-0.8504999999999999,5.));
#14585 = VERTEX_POINT('',#14584);
#14586 = CARTESIAN_POINT('',(20.32,-1.27,5.));
#14587 = VERTEX_POINT('',#14586);
#14588 = DIRECTION('',(0.,-1.,0.));
#14589 = VECTOR('',#14588,1.);
#14590 = LINE('',#14574,#14589);
#14591 = EDGE_CURVE('',#14575,#14573,#14590,.T.);
#14592 = ORIENTED_EDGE('',*,*,#14591,.F.);
#14593 = DIRECTION('',(0.,1.,0.));
#14594 = VECTOR('',#14593,1.);
#14595 = LINE('',#14574,#14594);
#14596 = EDGE_CURVE('',#14575,#14577,#14595,.T.);
#14597 = ORIENTED_EDGE('',*,*,#14596,.T.);
#14598 = DIRECTION('',(0.,1.,0.));
#14599 = VECTOR('',#14598,1.);
#14600 = LINE('',#14576,#14599);
#14601 = EDGE_CURVE('',#14577,#14579,#14600,.T.);
#14602 = ORIENTED_EDGE('',*,*,#14601,.T.);
#14603 = DIRECTION('',(0.,0.,1.));
#14604 = VECTOR('',#14603,1.);
#14605 = LINE('',#14578,#14604);
#14606 = EDGE_CURVE('',#14579,#14581,#14605,.T.);
#14607 = ORIENTED_EDGE('',*,*,#14606,.T.);
#14608 = DIRECTION('',(0.,1.,0.));
#14609 = VECTOR('',#14608,1.);
#14610 = LINE('',#14582,#14609);
#14611 = EDGE_CURVE('',#14583,#14581,#14610,.T.);
#14612 = ORIENTED_EDGE('',*,*,#14611,.F.);
#14613 = DIRECTION('',(0.,1.,0.));
#14614 = VECTOR('',#14613,1.);
#14615 = LINE('',#14584,#14614);
#14616 = EDGE_CURVE('',#14585,#14583,#14615,.T.);
#14617 = ORIENTED_EDGE('',*,*,#14616,.F.);
#14618 = DIRECTION('',(0.,-1.,0.));
#14619 = VECTOR('',#14618,1.);
#14620 = LINE('',#14584,#14619);
#14621 = EDGE_CURVE('',#14585,#14587,#14620,.T.);
#14622 = ORIENTED_EDGE('',*,*,#14621,.T.);
#14623 = DIRECTION('',(0.,0.,1.));
#14624 = VECTOR('',#14623,1.);
#14625 = LINE('',#14572,#14624);
#14626 = EDGE_CURVE('',#14573,#14587,#14625,.T.);
#14627 = ORIENTED_EDGE('',*,*,#14626,.F.);
#14628 = CARTESIAN_POINT('',(20.32,-1.27,0.));
#14629 = DIRECTION('',(1.,0.,0.));
#14630 = DIRECTION('',(0.,1.,0.));
#14631 = AXIS2_PLACEMENT_3D('',#14628,#14629,#14630);
#14632 = PLANE('',#14631);
#14633 = EDGE_LOOP('',(#14592,#14597,#14602,#14607,#14612,#14617,#14622,#14627));
#14634 = FACE_OUTER_BOUND('',#14633,.T.);
#14635 = ADVANCED_FACE('',(#14634),#14632,.T.);
#14636 = DIRECTION('',(1.,0.,0.));
#14637 = VECTOR('',#14636,1.);
#14638 = LINE('',#14508,#14637);
#14639 = EDGE_CURVE('',#14509,#14573,#14638,.T.);
#14640 = ORIENTED_EDGE('',*,*,#14639,.T.);
#14641 = ORIENTED_EDGE('',*,*,#14626,.T.);
#14642 = DIRECTION('',(1.,0.,0.));
#14643 = VECTOR('',#14642,1.);
#14644 = LINE('',#14510,#14643);
#14645 = EDGE_CURVE('',#14511,#14587,#14644,.T.);
#14646 = ORIENTED_EDGE('',*,*,#14645,.F.);
#14647 = ORIENTED_EDGE('',*,*,#14527,.F.);
#14648 = CARTESIAN_POINT('',(17.78,-1.27,0.));
#14649 = DIRECTION('',(0.,-1.,0.));
#14650 = DIRECTION('',(1.,0.,0.));
#14651 = AXIS2_PLACEMENT_3D('',#14648,#14649,#14650);
#14652 = PLANE('',#14651);
#14653 = EDGE_LOOP('',(#14640,#14641,#14646,#14647));
#14654 = FACE_OUTER_BOUND('',#14653,.T.);
#14655 = ADVANCED_FACE('',(#14654),#14652,.T.);
#14656 = ORIENTED_EDGE('',*,*,#14547,.T.);
#14657 = DIRECTION('',(1.,0.,0.));
#14658 = VECTOR('',#14657,1.);
#14659 = LINE('',#14516,#14658);
#14660 = EDGE_CURVE('',#14517,#14581,#14659,.T.);
#14661 = ORIENTED_EDGE('',*,*,#14660,.T.);
#14662 = ORIENTED_EDGE('',*,*,#14606,.F.);
#14663 = DIRECTION('',(1.,0.,0.));
#14664 = VECTOR('',#14663,1.);
#14665 = LINE('',#14518,#14664);
#14666 = EDGE_CURVE('',#14519,#14579,#14665,.T.);
#14667 = ORIENTED_EDGE('',*,*,#14666,.F.);
#14668 = CARTESIAN_POINT('',(17.78,1.27,0.));
#14669 = DIRECTION('',(0.,1.,0.));
#14670 = DIRECTION('',(0.,0.,1.));
#14671 = AXIS2_PLACEMENT_3D('',#14668,#14669,#14670);
#14672 = PLANE('',#14671);
#14673 = EDGE_LOOP('',(#14656,#14661,#14662,#14667));
#14674 = FACE_OUTER_BOUND('',#14673,.T.);
#14675 = ADVANCED_FACE('',(#14674),#14672,.T.);
#14676 = CARTESIAN_POINT('',(19.5225,0.4725,0.));
#14677 = VERTEX_POINT('',#14676);
#14678 = CARTESIAN_POINT('',(18.5775,0.4725,0.));
#14679 = VERTEX_POINT('',#14678);
#14680 = ORIENTED_EDGE('',*,*,#14601,.F.);
#14681 = DIRECTION('',(1.,0.,0.));
#14682 = VECTOR('',#14681,1.);
#14683 = LINE('',#14676,#14682);
#14684 = EDGE_CURVE('',#14677,#14577,#14683,.T.);
#14685 = ORIENTED_EDGE('',*,*,#14684,.F.);
#14686 = DIRECTION('',(1.,0.,0.));
#14687 = VECTOR('',#14686,1.);
#14688 = LINE('',#14678,#14687);
#14689 = EDGE_CURVE('',#14679,#14677,#14688,.T.);
#14690 = ORIENTED_EDGE('',*,*,#14689,.F.);
#14691 = DIRECTION('',(1.,0.,0.));
#14692 = VECTOR('',#14691,1.);
#14693 = LINE('',#14520,#14692);
#14694 = EDGE_CURVE('',#14521,#14679,#14693,.T.);
#14695 = ORIENTED_EDGE('',*,*,#14694,.F.);
#14696 = ORIENTED_EDGE('',*,*,#14552,.T.);
#14697 = ORIENTED_EDGE('',*,*,#14666,.T.);
#14698 = CARTESIAN_POINT('',(20.32,1.27,0.));
#14699 = DIRECTION('',(0.,0.,-1.));
#14700 = DIRECTION('',(0.,-1.,0.));
#14701 = AXIS2_PLACEMENT_3D('',#14698,#14699,#14700);
#14702 = PLANE('',#14701);
#14703 = EDGE_LOOP('',(#14680,#14685,#14690,#14695,#14696,#14697));
#14704 = FACE_OUTER_BOUND('',#14703,.T.);
#14705 = ADVANCED_FACE('',(#14704),#14702,.T.);
#14706 = CARTESIAN_POINT('',(18.5775,-0.4724999999999999,0.));
#14707 = VERTEX_POINT('',#14706);
#14708 = DIRECTION('',(0.,1.,0.));
#14709 = VECTOR('',#14708,1.);
#14710 = LINE('',#14706,#14709);
#14711 = EDGE_CURVE('',#14707,#14679,#14710,.T.);
#14712 = ORIENTED_EDGE('',*,*,#14711,.F.);
#14713 = DIRECTION('',(1.,0.,0.));
#14714 = VECTOR('',#14713,1.);
#14715 = LINE('',#14522,#14714);
#14716 = EDGE_CURVE('',#14523,#14707,#14715,.T.);
#14717 = ORIENTED_EDGE('',*,*,#14716,.F.);
#14718 = ORIENTED_EDGE('',*,*,#14557,.T.);
#14719 = ORIENTED_EDGE('',*,*,#14694,.T.);
#14720 = CARTESIAN_POINT('',(18.5775,0.4724999999999999,0.));
#14721 = DIRECTION('',(0.,0.,-1.));
#14722 = DIRECTION('',(0.,-1.,0.));
#14723 = AXIS2_PLACEMENT_3D('',#14720,#14721,#14722);
#14724 = PLANE('',#14723);
#14725 = EDGE_LOOP('',(#14712,#14717,#14718,#14719));
#14726 = FACE_OUTER_BOUND('',#14725,.T.);
#14727 = ADVANCED_FACE('',(#14726),#14724,.T.);
#14728 = CARTESIAN_POINT('',(19.5225,-0.4724999999999999,0.));
#14729 = VERTEX_POINT('',#14728);
#14730 = ORIENTED_EDGE('',*,*,#14596,.F.);
#14731 = DIRECTION('',(1.,0.,0.));
#14732 = VECTOR('',#14731,1.);
#14733 = LINE('',#14728,#14732);
#14734 = EDGE_CURVE('',#14729,#14575,#14733,.T.);
#14735 = ORIENTED_EDGE('',*,*,#14734,.F.);
#14736 = DIRECTION('',(0.,1.,0.));
#14737 = VECTOR('',#14736,1.);
#14738 = LINE('',#14728,#14737);
#14739 = EDGE_CURVE('',#14729,#14677,#14738,.T.);
#14740 = ORIENTED_EDGE('',*,*,#14739,.T.);
#14741 = ORIENTED_EDGE('',*,*,#14684,.T.);
#14742 = CARTESIAN_POINT('',(20.32,0.4724999999999999,0.));
#14743 = DIRECTION('',(0.,0.,-1.));
#14744 = DIRECTION('',(0.,-1.,0.));
#14745 = AXIS2_PLACEMENT_3D('',#14742,#14743,#14744);
#14746 = PLANE('',#14745);
#14747 = EDGE_LOOP('',(#14730,#14735,#14740,#14741));
#14748 = FACE_OUTER_BOUND('',#14747,.T.);
#14749 = ADVANCED_FACE('',(#14748),#14746,.T.);
#14750 = ORIENTED_EDGE('',*,*,#14591,.T.);
#14751 = ORIENTED_EDGE('',*,*,#14639,.F.);
#14752 = ORIENTED_EDGE('',*,*,#14562,.F.);
#14753 = ORIENTED_EDGE('',*,*,#14716,.T.);
#14754 = DIRECTION('',(1.,0.,0.));
#14755 = VECTOR('',#14754,1.);
#14756 = LINE('',#14706,#14755);
#14757 = EDGE_CURVE('',#14707,#14729,#14756,.T.);
#14758 = ORIENTED_EDGE('',*,*,#14757,.T.);
#14759 = ORIENTED_EDGE('',*,*,#14734,.T.);
#14760 = CARTESIAN_POINT('',(20.32,-0.4724999999999999,0.));
#14761 = DIRECTION('',(0.,0.,-1.));
#14762 = DIRECTION('',(0.,-1.,0.));
#14763 = AXIS2_PLACEMENT_3D('',#14760,#14761,#14762);
#14764 = PLANE('',#14763);
#14765 = EDGE_LOOP('',(#14750,#14751,#14752,#14753,#14758,#14759));
#14766 = FACE_OUTER_BOUND('',#14765,.T.);
#14767 = ADVANCED_FACE('',(#14766),#14764,.T.);
#14768 = CARTESIAN_POINT('',(18.1995,-0.8504999999999999,4.995));
#14769 = VERTEX_POINT('',#14768);
#14770 = CARTESIAN_POINT('',(19.9005,-0.8504999999999999,4.995));
#14771 = VERTEX_POINT('',#14770);
#14772 = CARTESIAN_POINT('',(19.5225,-0.4725,4.3854));
#14773 = VERTEX_POINT('',#14772);
#14774 = CARTESIAN_POINT('',(18.5775,-0.4725,4.3854));
#14775 = VERTEX_POINT('',#14774);
#14776 = DIRECTION('',(1.,0.,0.));
#14777 = VECTOR('',#14776,1.);
#14778 = LINE('',#14768,#14777);
#14779 = EDGE_CURVE('',#14769,#14771,#14778,.T.);
#14780 = ORIENTED_EDGE('',*,*,#14779,.T.);
#14781 = DIRECTION('',(0.46621205975657015,-0.46621205975656993,0.7518594487502784));
#14782 = VECTOR('',#14781,1.);
#14783 = LINE('',#14772,#14782);
#14784 = EDGE_CURVE('',#14773,#14771,#14783,.T.);
#14785 = ORIENTED_EDGE('',*,*,#14784,.F.);
#14786 = DIRECTION('',(1.,0.,0.));
#14787 = VECTOR('',#14786,1.);
#14788 = LINE('',#14774,#14787);
#14789 = EDGE_CURVE('',#14775,#14773,#14788,.T.);
#14790 = ORIENTED_EDGE('',*,*,#14789,.F.);
#14791 = DIRECTION('',(0.46621205975657015,0.46621205975656993,-0.7518594487502784));
#14792 = VECTOR('',#14791,1.);
#14793 = LINE('',#14768,#14792);
#14794 = EDGE_CURVE('',#14769,#14775,#14793,.T.);
#14795 = ORIENTED_EDGE('',*,*,#14794,.F.);
#14796 = CARTESIAN_POINT('',(18.1995,-0.8504999999999999,4.995));
#14797 = DIRECTION('',(0.,0.8498727207846387,0.5269880059983487));
#14798 = DIRECTION('',(1.,0.,0.));
#14799 = AXIS2_PLACEMENT_3D('',#14796,#14797,#14798);
#14800 = PLANE('',#14799);
#14801 = EDGE_LOOP('',(#14780,#14785,#14790,#14795));
#14802 = FACE_OUTER_BOUND('',#14801,.T.);
#14803 = ADVANCED_FACE('',(#14802),#14800,.T.);
#14804 = CARTESIAN_POINT('',(18.5775,0.4725,4.3854));
#14805 = VERTEX_POINT('',#14804);
#14806 = CARTESIAN_POINT('',(18.1995,0.8504999999999999,4.995));
#14807 = VERTEX_POINT('',#14806);
#14808 = DIRECTION('',(0.46621205975657015,-0.46621205975656993,-0.7518594487502784));
#14809 = VECTOR('',#14808,1.);
#14810 = LINE('',#14806,#14809);
#14811 = EDGE_CURVE('',#14807,#14805,#14810,.T.);
#14812 = ORIENTED_EDGE('',*,*,#14811,.F.);
#14813 = DIRECTION('',(0.,1.,0.));
#14814 = VECTOR('',#14813,1.);
#14815 = LINE('',#14768,#14814);
#14816 = EDGE_CURVE('',#14769,#14807,#14815,.T.);
#14817 = ORIENTED_EDGE('',*,*,#14816,.F.);
#14818 = ORIENTED_EDGE('',*,*,#14794,.T.);
#14819 = DIRECTION('',(0.,1.,0.));
#14820 = VECTOR('',#14819,1.);
#14821 = LINE('',#14774,#14820);
#14822 = EDGE_CURVE('',#14775,#14805,#14821,.T.);
#14823 = ORIENTED_EDGE('',*,*,#14822,.T.);
#14824 = CARTESIAN_POINT('',(18.5775,0.4725,4.3854));
#14825 = DIRECTION('',(0.8498727207846386,0.,0.5269880059983487));
#14826 = DIRECTION('',(-0.46621205975657015,0.46621205975656993,0.7518594487502784));
#14827 = AXIS2_PLACEMENT_3D('',#14824,#14825,#14826);
#14828 = PLANE('',#14827);
#14829 = EDGE_LOOP('',(#14812,#14817,#14818,#14823));
#14830 = FACE_OUTER_BOUND('',#14829,.T.);
#14831 = ADVANCED_FACE('',(#14830),#14828,.T.);
#14832 = CARTESIAN_POINT('',(19.9005,0.8504999999999999,4.995));
#14833 = VERTEX_POINT('',#14832);
#14834 = CARTESIAN_POINT('',(19.5225,0.4725,4.3854));
#14835 = VERTEX_POINT('',#14834);
#14836 = DIRECTION('',(1.,0.,0.));
#14837 = VECTOR('',#14836,1.);
#14838 = LINE('',#14806,#14837);
#14839 = EDGE_CURVE('',#14807,#14833,#14838,.T.);
#14840 = ORIENTED_EDGE('',*,*,#14839,.F.);
#14841 = ORIENTED_EDGE('',*,*,#14811,.T.);
#14842 = DIRECTION('',(1.,0.,0.));
#14843 = VECTOR('',#14842,1.);
#14844 = LINE('',#14804,#14843);
#14845 = EDGE_CURVE('',#14805,#14835,#14844,.T.);
#14846 = ORIENTED_EDGE('',*,*,#14845,.T.);
#14847 = DIRECTION('',(0.46621205975657015,0.46621205975656993,0.7518594487502784));
#14848 = VECTOR('',#14847,1.);
#14849 = LINE('',#14834,#14848);
#14850 = EDGE_CURVE('',#14835,#14833,#14849,.T.);
#14851 = ORIENTED_EDGE('',*,*,#14850,.T.);
#14852 = CARTESIAN_POINT('',(19.9005,0.8504999999999999,4.995));
#14853 = DIRECTION('',(0.,-0.8498727207846387,0.5269880059983487));
#14854 = DIRECTION('',(-1.,0.,0.));
#14855 = AXIS2_PLACEMENT_3D('',#14852,#14853,#14854);
#14856 = PLANE('',#14855);
#14857 = EDGE_LOOP('',(#14840,#14841,#14846,#14851));
#14858 = FACE_OUTER_BOUND('',#14857,.T.);
#14859 = ADVANCED_FACE('',(#14858),#14856,.T.);
#14860 = ORIENTED_EDGE('',*,*,#14784,.T.);
#14861 = DIRECTION('',(0.,1.,0.));
#14862 = VECTOR('',#14861,1.);
#14863 = LINE('',#14770,#14862);
#14864 = EDGE_CURVE('',#14771,#14833,#14863,.T.);
#14865 = ORIENTED_EDGE('',*,*,#14864,.T.);
#14866 = ORIENTED_EDGE('',*,*,#14850,.F.);
#14867 = DIRECTION('',(0.,1.,0.));
#14868 = VECTOR('',#14867,1.);
#14869 = LINE('',#14772,#14868);
#14870 = EDGE_CURVE('',#14773,#14835,#14869,.T.);
#14871 = ORIENTED_EDGE('',*,*,#14870,.F.);
#14872 = CARTESIAN_POINT('',(19.5225,-0.4725,4.3854));
#14873 = DIRECTION('',(-0.8498727207846386,0.,0.5269880059983487));
#14874 = DIRECTION('',(0.46621205975657015,-0.46621205975656993,0.7518594487502784));
#14875 = AXIS2_PLACEMENT_3D('',#14872,#14873,#14874);
#14876 = PLANE('',#14875);
#14877 = EDGE_LOOP('',(#14860,#14865,#14866,#14871));
#14878 = FACE_OUTER_BOUND('',#14877,.T.);
#14879 = ADVANCED_FACE('',(#14878),#14876,.T.);
#14880 = CARTESIAN_POINT('',(19.9005,-0.8504999999999999,5.));
#14881 = VERTEX_POINT('',#14880);
#14882 = CARTESIAN_POINT('',(18.1995,-0.8504999999999999,5.));
#14883 = VERTEX_POINT('',#14882);
#14884 = DIRECTION('',(0.,0.,1.));
#14885 = VECTOR('',#14884,1.);
#14886 = LINE('',#14770,#14885);
#14887 = EDGE_CURVE('',#14771,#14881,#14886,.T.);
#14888 = ORIENTED_EDGE('',*,*,#14887,.F.);
#14889 = ORIENTED_EDGE('',*,*,#14779,.F.);
#14890 = DIRECTION('',(0.,0.,1.));
#14891 = VECTOR('',#14890,1.);
#14892 = LINE('',#14768,#14891);
#14893 = EDGE_CURVE('',#14769,#14883,#14892,.T.);
#14894 = ORIENTED_EDGE('',*,*,#14893,.T.);
#14895 = DIRECTION('',(1.,0.,0.));
#14896 = VECTOR('',#14895,1.);
#14897 = LINE('',#14882,#14896);
#14898 = EDGE_CURVE('',#14883,#14881,#14897,.T.);
#14899 = ORIENTED_EDGE('',*,*,#14898,.T.);
#14900 = CARTESIAN_POINT('',(19.9005,-0.8504999999999999,5.));
#14901 = DIRECTION('',(0.,1.,0.));
#14902 = DIRECTION('',(0.,0.,-1.));
#14903 = AXIS2_PLACEMENT_3D('',#14900,#14901,#14902);
#14904 = PLANE('',#14903);
#14905 = EDGE_LOOP('',(#14888,#14889,#14894,#14899));
#14906 = FACE_OUTER_BOUND('',#14905,.T.);
#14907 = ADVANCED_FACE('',(#14906),#14904,.T.);
#14908 = CARTESIAN_POINT('',(18.1995,0.8504999999999999,5.));
#14909 = VERTEX_POINT('',#14908);
#14910 = ORIENTED_EDGE('',*,*,#14893,.F.);
#14911 = ORIENTED_EDGE('',*,*,#14816,.T.);
#14912 = DIRECTION('',(0.,0.,1.));
#14913 = VECTOR('',#14912,1.);
#14914 = LINE('',#14806,#14913);
#14915 = EDGE_CURVE('',#14807,#14909,#14914,.T.);
#14916 = ORIENTED_EDGE('',*,*,#14915,.T.);
#14917 = DIRECTION('',(0.,1.,0.));
#14918 = VECTOR('',#14917,1.);
#14919 = LINE('',#14882,#14918);
#14920 = EDGE_CURVE('',#14883,#14909,#14919,.T.);
#14921 = ORIENTED_EDGE('',*,*,#14920,.F.);
#14922 = CARTESIAN_POINT('',(18.1995,-0.8504999999999999,5.));
#14923 = DIRECTION('',(1.,0.,0.));
#14924 = DIRECTION('',(0.,0.,-1.));
#14925 = AXIS2_PLACEMENT_3D('',#14922,#14923,#14924);
#14926 = PLANE('',#14925);
#14927 = EDGE_LOOP('',(#14910,#14911,#14916,#14921));
#14928 = FACE_OUTER_BOUND('',#14927,.T.);
#14929 = ADVANCED_FACE('',(#14928),#14926,.T.);
#14930 = CARTESIAN_POINT('',(19.9005,0.8504999999999999,5.));
#14931 = VERTEX_POINT('',#14930);
#14932 = DIRECTION('',(0.,0.,1.));
#14933 = VECTOR('',#14932,1.);
#14934 = LINE('',#14832,#14933);
#14935 = EDGE_CURVE('',#14833,#14931,#14934,.T.);
#14936 = ORIENTED_EDGE('',*,*,#14935,.F.);
#14937 = ORIENTED_EDGE('',*,*,#14864,.F.);
#14938 = ORIENTED_EDGE('',*,*,#14887,.T.);
#14939 = DIRECTION('',(0.,1.,0.));
#14940 = VECTOR('',#14939,1.);
#14941 = LINE('',#14880,#14940);
#14942 = EDGE_CURVE('',#14881,#14931,#14941,.T.);
#14943 = ORIENTED_EDGE('',*,*,#14942,.T.);
#14944 = CARTESIAN_POINT('',(19.9005,0.8504999999999999,5.));
#14945 = DIRECTION('',(-1.,0.,0.));
#14946 = DIRECTION('',(0.,0.,-1.));
#14947 = AXIS2_PLACEMENT_3D('',#14944,#14945,#14946);
#14948 = PLANE('',#14947);
#14949 = EDGE_LOOP('',(#14936,#14937,#14938,#14943));
#14950 = FACE_OUTER_BOUND('',#14949,.T.);
#14951 = ADVANCED_FACE('',(#14950),#14948,.T.);
#14952 = ORIENTED_EDGE('',*,*,#14915,.F.);
#14953 = ORIENTED_EDGE('',*,*,#14839,.T.);
#14954 = ORIENTED_EDGE('',*,*,#14935,.T.);
#14955 = DIRECTION('',(1.,0.,0.));
#14956 = VECTOR('',#14955,1.);
#14957 = LINE('',#14908,#14956);
#14958 = EDGE_CURVE('',#14909,#14931,#14957,.T.);
#14959 = ORIENTED_EDGE('',*,*,#14958,.F.);
#14960 = CARTESIAN_POINT('',(18.1995,0.8504999999999999,5.));
#14961 = DIRECTION('',(0.,-1.,0.));
#14962 = DIRECTION('',(0.,0.,-1.));
#14963 = AXIS2_PLACEMENT_3D('',#14960,#14961,#14962);
#14964 = PLANE('',#14963);
#14965 = EDGE_LOOP('',(#14952,#14953,#14954,#14959));
#14966 = FACE_OUTER_BOUND('',#14965,.T.);
#14967 = ADVANCED_FACE('',(#14966),#14964,.T.);
#14968 = DIRECTION('',(0.,0.,1.));
#14969 = VECTOR('',#14968,1.);
#14970 = LINE('',#14706,#14969);
#14971 = EDGE_CURVE('',#14707,#14775,#14970,.T.);
#14972 = ORIENTED_EDGE('',*,*,#14971,.F.);
#14973 = ORIENTED_EDGE('',*,*,#14711,.T.);
#14974 = DIRECTION('',(0.,0.,1.));
#14975 = VECTOR('',#14974,1.);
#14976 = LINE('',#14678,#14975);
#14977 = EDGE_CURVE('',#14679,#14805,#14976,.T.);
#14978 = ORIENTED_EDGE('',*,*,#14977,.T.);
#14979 = ORIENTED_EDGE('',*,*,#14822,.F.);
#14980 = CARTESIAN_POINT('',(18.5775,-0.4725,4.385399999999999));
#14981 = DIRECTION('',(1.,0.,0.));
#14982 = DIRECTION('',(0.,0.,-1.));
#14983 = AXIS2_PLACEMENT_3D('',#14980,#14981,#14982);
#14984 = PLANE('',#14983);
#14985 = EDGE_LOOP('',(#14972,#14973,#14978,#14979));
#14986 = FACE_OUTER_BOUND('',#14985,.T.);
#14987 = ADVANCED_FACE('',(#14986),#14984,.T.);
#14988 = ORIENTED_EDGE('',*,*,#14870,.T.);
#14989 = DIRECTION('',(0.,0.,1.));
#14990 = VECTOR('',#14989,1.);
#14991 = LINE('',#14676,#14990);
#14992 = EDGE_CURVE('',#14677,#14835,#14991,.T.);
#14993 = ORIENTED_EDGE('',*,*,#14992,.F.);
#14994 = ORIENTED_EDGE('',*,*,#14739,.F.);
#14995 = DIRECTION('',(0.,0.,1.));
#14996 = VECTOR('',#14995,1.);
#14997 = LINE('',#14728,#14996);
#14998 = EDGE_CURVE('',#14729,#14773,#14997,.T.);
#14999 = ORIENTED_EDGE('',*,*,#14998,.T.);
#15000 = CARTESIAN_POINT('',(19.5225,-0.4725,4.385399999999999));
#15001 = DIRECTION('',(-1.,0.,0.));
#15002 = DIRECTION('',(0.,1.,0.));
#15003 = AXIS2_PLACEMENT_3D('',#15000,#15001,#15002);
#15004 = PLANE('',#15003);
#15005 = EDGE_LOOP('',(#14988,#14993,#14994,#14999));
#15006 = FACE_OUTER_BOUND('',#15005,.T.);
#15007 = ADVANCED_FACE('',(#15006),#15004,.T.);
#15008 = ORIENTED_EDGE('',*,*,#14998,.F.);
#15009 = ORIENTED_EDGE('',*,*,#14757,.F.);
#15010 = ORIENTED_EDGE('',*,*,#14971,.T.);
#15011 = ORIENTED_EDGE('',*,*,#14789,.T.);
#15012 = CARTESIAN_POINT('',(19.5225,-0.4725,4.385399999999998));
#15013 = DIRECTION('',(0.,1.,0.));
#15014 = DIRECTION('',(0.,0.,-1.));
#15015 = AXIS2_PLACEMENT_3D('',#15012,#15013,#15014);
#15016 = PLANE('',#15015);
#15017 = EDGE_LOOP('',(#15008,#15009,#15010,#15011));
#15018 = FACE_OUTER_BOUND('',#15017,.T.);
#15019 = ADVANCED_FACE('',(#15018),#15016,.T.);
#15020 = ORIENTED_EDGE('',*,*,#14977,.F.);
#15021 = ORIENTED_EDGE('',*,*,#14689,.T.);
#15022 = ORIENTED_EDGE('',*,*,#14992,.T.);
#15023 = ORIENTED_EDGE('',*,*,#14845,.F.);
#15024 = CARTESIAN_POINT('',(18.5775,0.4725,4.385399999999999));
#15025 = DIRECTION('',(0.,-1.,0.));
#15026 = DIRECTION('',(0.,0.,-1.));
#15027 = AXIS2_PLACEMENT_3D('',#15024,#15025,#15026);
#15028 = PLANE('',#15027);
#15029 = EDGE_LOOP('',(#15020,#15021,#15022,#15023));
#15030 = FACE_OUTER_BOUND('',#15029,.T.);
#15031 = ADVANCED_FACE('',(#15030),#15028,.T.);
#15032 = ORIENTED_EDGE('',*,*,#14542,.F.);
#15033 = DIRECTION('',(1.,0.,0.));
#15034 = VECTOR('',#15033,1.);
#15035 = LINE('',#14514,#15034);
#15036 = EDGE_CURVE('',#14515,#14909,#15035,.T.);
#15037 = ORIENTED_EDGE('',*,*,#15036,.T.);
#15038 = ORIENTED_EDGE('',*,*,#14958,.T.);
#15039 = DIRECTION('',(1.,0.,0.));
#15040 = VECTOR('',#15039,1.);
#15041 = LINE('',#14930,#15040);
#15042 = EDGE_CURVE('',#14931,#14583,#15041,.T.);
#15043 = ORIENTED_EDGE('',*,*,#15042,.T.);
#15044 = ORIENTED_EDGE('',*,*,#14611,.T.);
#15045 = ORIENTED_EDGE('',*,*,#14660,.F.);
#15046 = CARTESIAN_POINT('',(17.78,1.27,5.));
#15047 = DIRECTION('',(0.,0.,1.));
#15048 = DIRECTION('',(0.,-1.,0.));
#15049 = AXIS2_PLACEMENT_3D('',#15046,#15047,#15048);
#15050 = PLANE('',#15049);
#15051 = EDGE_LOOP('',(#15032,#15037,#15038,#15043,#15044,#15045));
#15052 = FACE_OUTER_BOUND('',#15051,.T.);
#15053 = ADVANCED_FACE('',(#15052),#15050,.T.);
#15054 = ORIENTED_EDGE('',*,*,#14942,.F.);
#15055 = DIRECTION('',(1.,0.,0.));
#15056 = VECTOR('',#15055,1.);
#15057 = LINE('',#14880,#15056);
#15058 = EDGE_CURVE('',#14881,#14585,#15057,.T.);
#15059 = ORIENTED_EDGE('',*,*,#15058,.T.);
#15060 = ORIENTED_EDGE('',*,*,#14616,.T.);
#15061 = ORIENTED_EDGE('',*,*,#15042,.F.);
#15062 = CARTESIAN_POINT('',(19.9005,0.8504999999999999,5.));
#15063 = DIRECTION('',(0.,0.,1.));
#15064 = DIRECTION('',(0.,-1.,0.));
#15065 = AXIS2_PLACEMENT_3D('',#15062,#15063,#15064);
#15066 = PLANE('',#15065);
#15067 = EDGE_LOOP('',(#15054,#15059,#15060,#15061));
#15068 = FACE_OUTER_BOUND('',#15067,.T.);
#15069 = ADVANCED_FACE('',(#15068),#15066,.T.);
#15070 = ORIENTED_EDGE('',*,*,#14537,.F.);
#15071 = DIRECTION('',(1.,0.,0.));
#15072 = VECTOR('',#15071,1.);
#15073 = LINE('',#14512,#15072);
#15074 = EDGE_CURVE('',#14513,#14883,#15073,.T.);
#15075 = ORIENTED_EDGE('',*,*,#15074,.T.);
#15076 = ORIENTED_EDGE('',*,*,#14920,.T.);
#15077 = ORIENTED_EDGE('',*,*,#15036,.F.);
#15078 = CARTESIAN_POINT('',(17.78,0.8504999999999999,5.));
#15079 = DIRECTION('',(0.,0.,1.));
#15080 = DIRECTION('',(0.,-1.,0.));
#15081 = AXIS2_PLACEMENT_3D('',#15078,#15079,#15080);
#15082 = PLANE('',#15081);
#15083 = EDGE_LOOP('',(#15070,#15075,#15076,#15077));
#15084 = FACE_OUTER_BOUND('',#15083,.T.);
#15085 = ADVANCED_FACE('',(#15084),#15082,.T.);
#15086 = ORIENTED_EDGE('',*,*,#14532,.T.);
#15087 = ORIENTED_EDGE('',*,*,#14645,.T.);
#15088 = ORIENTED_EDGE('',*,*,#14621,.F.);
#15089 = ORIENTED_EDGE('',*,*,#15058,.F.);
#15090 = ORIENTED_EDGE('',*,*,#14898,.F.);
#15091 = ORIENTED_EDGE('',*,*,#15074,.F.);
#15092 = CARTESIAN_POINT('',(17.78,-0.8504999999999999,5.));
#15093 = DIRECTION('',(0.,0.,1.));
#15094 = DIRECTION('',(0.,-1.,0.));
#15095 = AXIS2_PLACEMENT_3D('',#15092,#15093,#15094);
#15096 = PLANE('',#15095);
#15097 = EDGE_LOOP('',(#15086,#15087,#15088,#15089,#15090,#15091));
#15098 = FACE_OUTER_BOUND('',#15097,.T.);
#15099 = ADVANCED_FACE('',(#15098),#15096,.T.);
#15100 = CLOSED_SHELL('',(#14571,#14635,#14655,#14675,#14705,#14727,#14749,#14767,#14803,#14831,#14859,#14879,#14907,#14929,#14951,#14967,#14987,#15007,#15019,#15031,#15053,#15069,#15085,#15099));
#15101 = MANIFOLD_SOLID_BREP('',#15100);
#15102 = COLOUR_RGB('',0.10196078431372549,0.10196078431372549,0.10196078431372549);
#15103 = FILL_AREA_STYLE_COLOUR('',#15102);
#15104 = FILL_AREA_STYLE('',(#15103));
#15105 = SURFACE_STYLE_FILL_AREA(#15104);
#15106 = SURFACE_SIDE_STYLE('',(#15105));
#15107 = SURFACE_STYLE_USAGE(.BOTH.,#15106);
#15108 = PRESENTATION_STYLE_ASSIGNMENT((#15107));
#15109 = STYLED_ITEM('',(#15108),#15101);
#15110 = CARTESIAN_POINT('',(19.365000000000002,-0.315,0.));
#15111 = VERTEX_POINT('',#15110);
#15112 = CARTESIAN_POINT('',(18.735,-0.315,0.));
#15113 = VERTEX_POINT('',#15112);
#15114 = CARTESIAN_POINT('',(18.735,-0.315,-2.7));
#15115 = VERTEX_POINT('',#15114);
#15116 = CARTESIAN_POINT('',(19.365000000000002,-0.315,-2.7));
#15117 = VERTEX_POINT('',#15116);
#15118 = DIRECTION('',(1.,0.,0.));
#15119 = VECTOR('',#15118,1.);
#15120 = LINE('',#15112,#15119);
#15121 = EDGE_CURVE('',#15113,#15111,#15120,.T.);
#15122 = ORIENTED_EDGE('',*,*,#15121,.F.);
#15123 = DIRECTION('',(0.,0.,1.));
#15124 = VECTOR('',#15123,1.);
#15125 = LINE('',#15114,#15124);
#15126 = EDGE_CURVE('',#15115,#15113,#15125,.T.);
#15127 = ORIENTED_EDGE('',*,*,#15126,.F.);
#15128 = DIRECTION('',(1.,0.,0.));
#15129 = VECTOR('',#15128,1.);
#15130 = LINE('',#15114,#15129);
#15131 = EDGE_CURVE('',#15115,#15117,#15130,.T.);
#15132 = ORIENTED_EDGE('',*,*,#15131,.T.);
#15133 = DIRECTION('',(0.,0.,1.));
#15134 = VECTOR('',#15133,1.);
#15135 = LINE('',#15116,#15134);
#15136 = EDGE_CURVE('',#15117,#15111,#15135,.T.);
#15137 = ORIENTED_EDGE('',*,*,#15136,.T.);
#15138 = CARTESIAN_POINT('',(19.365000000000002,-0.315,0.));
#15139 = DIRECTION('',(0.,-1.,0.));
#15140 = DIRECTION('',(-1.,0.,0.));
#15141 = AXIS2_PLACEMENT_3D('',#15138,#15139,#15140);
#15142 = PLANE('',#15141);
#15143 = EDGE_LOOP('',(#15122,#15127,#15132,#15137));
#15144 = FACE_OUTER_BOUND('',#15143,.T.);
#15145 = ADVANCED_FACE('',(#15144),#15142,.T.);
#15146 = CARTESIAN_POINT('',(19.365000000000002,0.315,-2.7));
#15147 = VERTEX_POINT('',#15146);
#15148 = CARTESIAN_POINT('',(19.365000000000002,0.315,0.));
#15149 = VERTEX_POINT('',#15148);
#15150 = ORIENTED_EDGE('',*,*,#15136,.F.);
#15151 = DIRECTION('',(0.,1.,0.));
#15152 = VECTOR('',#15151,1.);
#15153 = LINE('',#15116,#15152);
#15154 = EDGE_CURVE('',#15117,#15147,#15153,.T.);
#15155 = ORIENTED_EDGE('',*,*,#15154,.T.);
#15156 = DIRECTION('',(0.,0.,1.));
#15157 = VECTOR('',#15156,1.);
#15158 = LINE('',#15146,#15157);
#15159 = EDGE_CURVE('',#15147,#15149,#15158,.T.);
#15160 = ORIENTED_EDGE('',*,*,#15159,.T.);
#15161 = DIRECTION('',(0.,1.,0.));
#15162 = VECTOR('',#15161,1.);
#15163 = LINE('',#15110,#15162);
#15164 = EDGE_CURVE('',#15111,#15149,#15163,.T.);
#15165 = ORIENTED_EDGE('',*,*,#15164,.F.);
#15166 = CARTESIAN_POINT('',(19.365000000000002,-0.315,0.));
#15167 = DIRECTION('',(1.,0.,0.));
#15168 = DIRECTION('',(0.,0.,-1.));
#15169 = AXIS2_PLACEMENT_3D('',#15166,#15167,#15168);
#15170 = PLANE('',#15169);
#15171 = EDGE_LOOP('',(#15150,#15155,#15160,#15165));
#15172 = FACE_OUTER_BOUND('',#15171,.T.);
#15173 = ADVANCED_FACE('',(#15172),#15170,.T.);
#15174 = CARTESIAN_POINT('',(19.225,-0.175,-3.));
#15175 = VERTEX_POINT('',#15174);
#15176 = CARTESIAN_POINT('',(18.875,-0.175,-3.));
#15177 = VERTEX_POINT('',#15176);
#15178 = DIRECTION('',(0.38949041885226154,-0.38949041885226,0.8346223261119851));
#15179 = VECTOR('',#15178,1.);
#15180 = LINE('',#15174,#15179);
#15181 = EDGE_CURVE('',#15175,#15117,#15180,.T.);
#15182 = ORIENTED_EDGE('',*,*,#15181,.T.);
#15183 = ORIENTED_EDGE('',*,*,#15131,.F.);
#15184 = DIRECTION('',(0.38949041885226154,0.38949041885226,-0.8346223261119851));
#15185 = VECTOR('',#15184,1.);
#15186 = LINE('',#15114,#15185);
#15187 = EDGE_CURVE('',#15115,#15177,#15186,.T.);
#15188 = ORIENTED_EDGE('',*,*,#15187,.T.);
#15189 = DIRECTION('',(1.,0.,0.));
#15190 = VECTOR('',#15189,1.);
#15191 = LINE('',#15176,#15190);
#15192 = EDGE_CURVE('',#15177,#15175,#15191,.T.);
#15193 = ORIENTED_EDGE('',*,*,#15192,.T.);
#15194 = CARTESIAN_POINT('',(19.225,-0.175,-3.));
#15195 = DIRECTION('',(0.,-0.9061831399952659,-0.4228854653311227));
#15196 = DIRECTION('',(0.38949041885226154,-0.38949041885226,0.8346223261119851));
#15197 = AXIS2_PLACEMENT_3D('',#15194,#15195,#15196);
#15198 = PLANE('',#15197);
#15199 = EDGE_LOOP('',(#15182,#15183,#15188,#15193));
#15200 = FACE_OUTER_BOUND('',#15199,.T.);
#15201 = ADVANCED_FACE('',(#15200),#15198,.T.);
#15202 = CARTESIAN_POINT('',(18.735,0.315,0.));
#15203 = VERTEX_POINT('',#15202);
#15204 = CARTESIAN_POINT('',(18.735,0.315,-2.7));
#15205 = VERTEX_POINT('',#15204);
#15206 = DIRECTION('',(1.,0.,0.));
#15207 = VECTOR('',#15206,1.);
#15208 = LINE('',#15202,#15207);
#15209 = EDGE_CURVE('',#15203,#15149,#15208,.T.);
#15210 = ORIENTED_EDGE('',*,*,#15209,.T.);
#15211 = ORIENTED_EDGE('',*,*,#15159,.F.);
#15212 = DIRECTION('',(1.,0.,0.));
#15213 = VECTOR('',#15212,1.);
#15214 = LINE('',#15204,#15213);
#15215 = EDGE_CURVE('',#15205,#15147,#15214,.T.);
#15216 = ORIENTED_EDGE('',*,*,#15215,.F.);
#15217 = DIRECTION('',(0.,0.,1.));
#15218 = VECTOR('',#15217,1.);
#15219 = LINE('',#15204,#15218);
#15220 = EDGE_CURVE('',#15205,#15203,#15219,.T.);
#15221 = ORIENTED_EDGE('',*,*,#15220,.T.);
#15222 = CARTESIAN_POINT('',(18.735,0.315,0.));
#15223 = DIRECTION('',(0.,1.,0.));
#15224 = DIRECTION('',(1.,0.,0.));
#15225 = AXIS2_PLACEMENT_3D('',#15222,#15223,#15224);
#15226 = PLANE('',#15225);
#15227 = EDGE_LOOP('',(#15210,#15211,#15216,#15221));
#15228 = FACE_OUTER_BOUND('',#15227,.T.);
#15229 = ADVANCED_FACE('',(#15228),#15226,.T.);
#15230 = ORIENTED_EDGE('',*,*,#15220,.F.);
#15231 = DIRECTION('',(0.,1.,0.));
#15232 = VECTOR('',#15231,1.);
#15233 = LINE('',#15114,#15232);
#15234 = EDGE_CURVE('',#15115,#15205,#15233,.T.);
#15235 = ORIENTED_EDGE('',*,*,#15234,.F.);
#15236 = ORIENTED_EDGE('',*,*,#15126,.T.);
#15237 = DIRECTION('',(0.,1.,0.));
#15238 = VECTOR('',#15237,1.);
#15239 = LINE('',#15112,#15238);
#15240 = EDGE_CURVE('',#15113,#15203,#15239,.T.);
#15241 = ORIENTED_EDGE('',*,*,#15240,.T.);
#15242 = CARTESIAN_POINT('',(18.735,0.315,0.));
#15243 = DIRECTION('',(-1.,0.,0.));
#15244 = DIRECTION('',(0.,0.,-1.));
#15245 = AXIS2_PLACEMENT_3D('',#15242,#15243,#15244);
#15246 = PLANE('',#15245);
#15247 = EDGE_LOOP('',(#15230,#15235,#15236,#15241));
#15248 = FACE_OUTER_BOUND('',#15247,.T.);
#15249 = ADVANCED_FACE('',(#15248),#15246,.T.);
#15250 = ORIENTED_EDGE('',*,*,#15240,.F.);
#15251 = ORIENTED_EDGE('',*,*,#15121,.T.);
#15252 = ORIENTED_EDGE('',*,*,#15164,.T.);
#15253 = ORIENTED_EDGE('',*,*,#15209,.F.);
#15254 = CARTESIAN_POINT('',(18.735,0.315,0.));
#15255 = DIRECTION('',(0.,0.,1.));
#15256 = DIRECTION('',(0.,-1.,0.));
#15257 = AXIS2_PLACEMENT_3D('',#15254,#15255,#15256);
#15258 = PLANE('',#15257);
#15259 = EDGE_LOOP('',(#15250,#15251,#15252,#15253));
#15260 = FACE_OUTER_BOUND('',#15259,.T.);
#15261 = ADVANCED_FACE('',(#15260),#15258,.T.);
#15262 = CARTESIAN_POINT('',(19.225,0.175,-3.));
#15263 = VERTEX_POINT('',#15262);
#15264 = DIRECTION('',(0.38949041885226154,0.38949041885226,0.8346223261119851));
#15265 = VECTOR('',#15264,1.);
#15266 = LINE('',#15262,#15265);
#15267 = EDGE_CURVE('',#15263,#15147,#15266,.T.);
#15268 = ORIENTED_EDGE('',*,*,#15267,.T.);
#15269 = ORIENTED_EDGE('',*,*,#15154,.F.);
#15270 = ORIENTED_EDGE('',*,*,#15181,.F.);
#15271 = DIRECTION('',(0.,1.,0.));
#15272 = VECTOR('',#15271,1.);
#15273 = LINE('',#15174,#15272);
#15274 = EDGE_CURVE('',#15175,#15263,#15273,.T.);
#15275 = ORIENTED_EDGE('',*,*,#15274,.T.);
#15276 = CARTESIAN_POINT('',(19.225,0.175,-3.));
#15277 = DIRECTION('',(0.9061831399952646,0.,-0.4228854653311257));
#15278 = DIRECTION('',(0.38949041885226154,0.38949041885226,0.8346223261119851));
#15279 = AXIS2_PLACEMENT_3D('',#15276,#15277,#15278);
#15280 = PLANE('',#15279);
#15281 = EDGE_LOOP('',(#15268,#15269,#15270,#15275));
#15282 = FACE_OUTER_BOUND('',#15281,.T.);
#15283 = ADVANCED_FACE('',(#15282),#15280,.T.);
#15284 = CARTESIAN_POINT('',(18.875,0.175,-3.));
#15285 = VERTEX_POINT('',#15284);
#15286 = DIRECTION('',(0.38949041885226154,-0.38949041885226,-0.8346223261119851));
#15287 = VECTOR('',#15286,1.);
#15288 = LINE('',#15204,#15287);
#15289 = EDGE_CURVE('',#15205,#15285,#15288,.T.);
#15290 = ORIENTED_EDGE('',*,*,#15289,.F.);
#15291 = ORIENTED_EDGE('',*,*,#15215,.T.);
#15292 = ORIENTED_EDGE('',*,*,#15267,.F.);
#15293 = DIRECTION('',(1.,0.,0.));
#15294 = VECTOR('',#15293,1.);
#15295 = LINE('',#15284,#15294);
#15296 = EDGE_CURVE('',#15285,#15263,#15295,.T.);
#15297 = ORIENTED_EDGE('',*,*,#15296,.F.);
#15298 = CARTESIAN_POINT('',(18.875,0.175,-3.));
#15299 = DIRECTION('',(0.,0.9061831399952659,-0.4228854653311227));
#15300 = DIRECTION('',(-0.38949041885226154,0.38949041885226,0.8346223261119851));
#15301 = AXIS2_PLACEMENT_3D('',#15298,#15299,#15300);
#15302 = PLANE('',#15301);
#15303 = EDGE_LOOP('',(#15290,#15291,#15292,#15297));
#15304 = FACE_OUTER_BOUND('',#15303,.T.);
#15305 = ADVANCED_FACE('',(#15304),#15302,.T.);
#15306 = ORIENTED_EDGE('',*,*,#15296,.T.);
#15307 = ORIENTED_EDGE('',*,*,#15274,.F.);
#15308 = ORIENTED_EDGE('',*,*,#15192,.F.);
#15309 = DIRECTION('',(0.,1.,0.));
#15310 = VECTOR('',#15309,1.);
#15311 = LINE('',#15176,#15310);
#15312 = EDGE_CURVE('',#15177,#15285,#15311,.T.);
#15313 = ORIENTED_EDGE('',*,*,#15312,.T.);
#15314 = CARTESIAN_POINT('',(18.875,0.175,-3.));
#15315 = DIRECTION('',(0.,0.,-1.));
#15316 = DIRECTION('',(1.,0.,0.));
#15317 = AXIS2_PLACEMENT_3D('',#15314,#15315,#15316);
#15318 = PLANE('',#15317);
#15319 = EDGE_LOOP('',(#15306,#15307,#15308,#15313));
#15320 = FACE_OUTER_BOUND('',#15319,.T.);
#15321 = ADVANCED_FACE('',(#15320),#15318,.T.);
#15322 = ORIENTED_EDGE('',*,*,#15312,.F.);
#15323 = ORIENTED_EDGE('',*,*,#15187,.F.);
#15324 = ORIENTED_EDGE('',*,*,#15234,.T.);
#15325 = ORIENTED_EDGE('',*,*,#15289,.T.);
#15326 = CARTESIAN_POINT('',(18.875,0.175,-3.));
#15327 = DIRECTION('',(-0.9061831399952646,0.,-0.4228854653311256));
#15328 = DIRECTION('',(0.,-1.,0.));
#15329 = AXIS2_PLACEMENT_3D('',#15326,#15327,#15328);
#15330 = PLANE('',#15329);
#15331 = EDGE_LOOP('',(#15322,#15323,#15324,#15325));
#15332 = FACE_OUTER_BOUND('',#15331,.T.);
#15333 = ADVANCED_FACE('',(#15332),#15330,.T.);
#15334 = CLOSED_SHELL('',(#15145,#15173,#15201,#15229,#15249,#15261,#15283,#15305,#15321,#15333));
#15335 = MANIFOLD_SOLID_BREP('',#15334);
#15336 = CARTESIAN_POINT('',(18.546,-0.504,0.));
#15337 = VERTEX_POINT('',#15336);
#15338 = CARTESIAN_POINT('',(18.546,-0.504,0.504));
#15339 = VERTEX_POINT('',#15338);
#15340 = CARTESIAN_POINT('',(18.546,0.504,0.504));
#15341 = VERTEX_POINT('',#15340);
#15342 = CARTESIAN_POINT('',(18.546,0.504,0.));
#15343 = VERTEX_POINT('',#15342);
#15344 = DIRECTION('',(0.,0.,1.));
#15345 = VECTOR('',#15344,1.);
#15346 = LINE('',#15336,#15345);
#15347 = EDGE_CURVE('',#15337,#15339,#15346,.T.);
#15348 = ORIENTED_EDGE('',*,*,#15347,.T.);
#15349 = DIRECTION('',(0.,1.,0.));
#15350 = VECTOR('',#15349,1.);
#15351 = LINE('',#15338,#15350);
#15352 = EDGE_CURVE('',#15339,#15341,#15351,.T.);
#15353 = ORIENTED_EDGE('',*,*,#15352,.T.);
#15354 = DIRECTION('',(0.,0.,1.));
#15355 = VECTOR('',#15354,1.);
#15356 = LINE('',#15342,#15355);
#15357 = EDGE_CURVE('',#15343,#15341,#15356,.T.);
#15358 = ORIENTED_EDGE('',*,*,#15357,.F.);
#15359 = DIRECTION('',(0.,1.,0.));
#15360 = VECTOR('',#15359,1.);
#15361 = LINE('',#15336,#15360);
#15362 = EDGE_CURVE('',#15337,#15343,#15361,.T.);
#15363 = ORIENTED_EDGE('',*,*,#15362,.F.);
#15364 = CARTESIAN_POINT('',(18.546,-0.504,0.));
#15365 = DIRECTION('',(-1.,0.,0.));
#15366 = DIRECTION('',(0.,0.,1.));
#15367 = AXIS2_PLACEMENT_3D('',#15364,#15365,#15366);
#15368 = PLANE('',#15367);
#15369 = EDGE_LOOP('',(#15348,#15353,#15358,#15363));
#15370 = FACE_OUTER_BOUND('',#15369,.T.);
#15371 = ADVANCED_FACE('',(#15370),#15368,.T.);
#15372 = CARTESIAN_POINT('',(19.554000000000002,-0.504,0.));
#15373 = VERTEX_POINT('',#15372);
#15374 = CARTESIAN_POINT('',(19.554000000000002,0.504,0.));
#15375 = VERTEX_POINT('',#15374);
#15376 = CARTESIAN_POINT('',(19.554000000000002,0.504,0.504));
#15377 = VERTEX_POINT('',#15376);
#15378 = CARTESIAN_POINT('',(19.554000000000002,-0.504,0.504));
#15379 = VERTEX_POINT('',#15378);
#15380 = DIRECTION('',(0.,1.,0.));
#15381 = VECTOR('',#15380,1.);
#15382 = LINE('',#15372,#15381);
#15383 = EDGE_CURVE('',#15373,#15375,#15382,.T.);
#15384 = ORIENTED_EDGE('',*,*,#15383,.T.);
#15385 = DIRECTION('',(0.,0.,1.));
#15386 = VECTOR('',#15385,1.);
#15387 = LINE('',#15374,#15386);
#15388 = EDGE_CURVE('',#15375,#15377,#15387,.T.);
#15389 = ORIENTED_EDGE('',*,*,#15388,.T.);
#15390 = DIRECTION('',(0.,1.,0.));
#15391 = VECTOR('',#15390,1.);
#15392 = LINE('',#15378,#15391);
#15393 = EDGE_CURVE('',#15379,#15377,#15392,.T.);
#15394 = ORIENTED_EDGE('',*,*,#15393,.F.);
#15395 = DIRECTION('',(0.,0.,1.));
#15396 = VECTOR('',#15395,1.);
#15397 = LINE('',#15372,#15396);
#15398 = EDGE_CURVE('',#15373,#15379,#15397,.T.);
#15399 = ORIENTED_EDGE('',*,*,#15398,.F.);
#15400 = CARTESIAN_POINT('',(19.554000000000002,-0.504,0.));
#15401 = DIRECTION('',(1.,0.,0.));
#15402 = DIRECTION('',(0.,1.,0.));
#15403 = AXIS2_PLACEMENT_3D('',#15400,#15401,#15402);
#15404 = PLANE('',#15403);
#15405 = EDGE_LOOP('',(#15384,#15389,#15394,#15399));
#15406 = FACE_OUTER_BOUND('',#15405,.T.);
#15407 = ADVANCED_FACE('',(#15406),#15404,.T.);
#15408 = DIRECTION('',(1.,0.,0.));
#15409 = VECTOR('',#15408,1.);
#15410 = LINE('',#15336,#15409);
#15411 = EDGE_CURVE('',#15337,#15373,#15410,.T.);
#15412 = ORIENTED_EDGE('',*,*,#15411,.T.);
#15413 = ORIENTED_EDGE('',*,*,#15398,.T.);
#15414 = DIRECTION('',(1.,0.,0.));
#15415 = VECTOR('',#15414,1.);
#15416 = LINE('',#15338,#15415);
#15417 = EDGE_CURVE('',#15339,#15379,#15416,.T.);
#15418 = ORIENTED_EDGE('',*,*,#15417,.F.);
#15419 = ORIENTED_EDGE('',*,*,#15347,.F.);
#15420 = CARTESIAN_POINT('',(18.546,-0.504,0.));
#15421 = DIRECTION('',(0.,-1.,0.));
#15422 = DIRECTION('',(1.,0.,0.));
#15423 = AXIS2_PLACEMENT_3D('',#15420,#15421,#15422);
#15424 = PLANE('',#15423);
#15425 = EDGE_LOOP('',(#15412,#15413,#15418,#15419));
#15426 = FACE_OUTER_BOUND('',#15425,.T.);
#15427 = ADVANCED_FACE('',(#15426),#15424,.T.);
#15428 = ORIENTED_EDGE('',*,*,#15357,.T.);
#15429 = DIRECTION('',(1.,0.,0.));
#15430 = VECTOR('',#15429,1.);
#15431 = LINE('',#15340,#15430);
#15432 = EDGE_CURVE('',#15341,#15377,#15431,.T.);
#15433 = ORIENTED_EDGE('',*,*,#15432,.T.);
#15434 = ORIENTED_EDGE('',*,*,#15388,.F.);
#15435 = DIRECTION('',(1.,0.,0.));
#15436 = VECTOR('',#15435,1.);
#15437 = LINE('',#15342,#15436);
#15438 = EDGE_CURVE('',#15343,#15375,#15437,.T.);
#15439 = ORIENTED_EDGE('',*,*,#15438,.F.);
#15440 = CARTESIAN_POINT('',(18.546,0.504,0.));
#15441 = DIRECTION('',(0.,1.,0.));
#15442 = DIRECTION('',(0.,0.,1.));
#15443 = AXIS2_PLACEMENT_3D('',#15440,#15441,#15442);
#15444 = PLANE('',#15443);
#15445 = EDGE_LOOP('',(#15428,#15433,#15434,#15439));
#15446 = FACE_OUTER_BOUND('',#15445,.T.);
#15447 = ADVANCED_FACE('',(#15446),#15444,.T.);
#15448 = ORIENTED_EDGE('',*,*,#15362,.T.);
#15449 = ORIENTED_EDGE('',*,*,#15438,.T.);
#15450 = ORIENTED_EDGE('',*,*,#15383,.F.);
#15451 = ORIENTED_EDGE('',*,*,#15411,.F.);
#15452 = CARTESIAN_POINT('',(18.546,-0.504,0.));
#15453 = DIRECTION('',(0.,0.,-1.));
#15454 = DIRECTION('',(0.,1.,0.));
#15455 = AXIS2_PLACEMENT_3D('',#15452,#15453,#15454);
#15456 = PLANE('',#15455);
#15457 = EDGE_LOOP('',(#15448,#15449,#15450,#15451));
#15458 = FACE_OUTER_BOUND('',#15457,.T.);
#15459 = ADVANCED_FACE('',(#15458),#15456,.T.);
#15460 = ORIENTED_EDGE('',*,*,#15417,.T.);
#15461 = ORIENTED_EDGE('',*,*,#15393,.T.);
#15462 = ORIENTED_EDGE('',*,*,#15432,.F.);
#15463 = ORIENTED_EDGE('',*,*,#15352,.F.);
#15464 = CARTESIAN_POINT('',(18.546,-0.504,0.504));
#15465 = DIRECTION('',(0.,0.,1.));
#15466 = DIRECTION('',(1.,0.,0.));
#15467 = AXIS2_PLACEMENT_3D('',#15464,#15465,#15466);
#15468 = PLANE('',#15467);
#15469 = EDGE_LOOP('',(#15460,#15461,#15462,#15463));
#15470 = FACE_OUTER_BOUND('',#15469,.T.);
#15471 = ADVANCED_FACE('',(#15470),#15468,.T.);
#15472 = CLOSED_SHELL('',(#15371,#15407,#15427,#15447,#15459,#15471));
#15473 = MANIFOLD_SOLID_BREP('',#15472);
#15474 = ADVANCED_BREP_SHAPE_REPRESENTATION('',(#17,#611,#845,#983,#1577,#1811,#1949,#2543,#2777,#2915,#3509,#3743,#3881,#4475,#4709,#4847,#5441,#5675,#5813,#6407,#6641,#6779,#7373,#7607,#7745,#8339,#8573,#8711,#9305,#9539,#9677,#10271,#10505,#10643,#11237,#11471,#11609,#12203,#12437,#12575,#13169,#13403,#13541,#14135,#14369,#14507,#15101,#15335,#15473),#13);
#15475 = SHAPE_DEFINITION_REPRESENTATION(#8,#15474);
#15476 = MECHANICAL_DESIGN_GEOMETRIC_PRESENTATION_REPRESENTATION('',(#619,#1585,#2551,#3517,#4483,#5449,#6415,#7381,#8347,#9313,#10279,#11245,#12211,#13177,#14143,#15109),#13);
ENDSEC;
END-ISO-10303-21;